title,vendor_code,price,description,characteristics,image_url,url
"Очиститель высокого давления ECO HPW-2027RSW
                    (2.70 кВт; 200 бар; 560 л/ч; самовсас.; асинхр. мотор с водяным охлажд.; барабан для шланга; щётка)",HPW1860RSD01,"885,40","Преимущества: | | ■ Асинхронный бесщёточный двигатель с водяным охлаждением | ■ Алюминиевый корпус насоса высокого давления; | ■ Режим самовсасывания; | ■ Телескопическая ручка; | ■ Веерные 0°/15°/25°/40° и грязевая форсунки в комплекте; | ■ Вращающаяся щётка в комплекте; | ■ Катушка для хранения высоконапорного шланга; | ■ Фильтр тонкой очистки в комплекте | | | | | | | | | | | Файлы | | | | | | | | | Производитель: | ECO GROUP HONG KONG LIMITED, UNIT 617, 6/F, 131-132 CONNAUGHT ROAD WEST, SOLO WORKSHOPS, HONG KONG | | | Назначение: | | | | Страна изготовления: | Китай | | | Импортер/Продавец: | ООО ""ТД Комплект"", РБ, г.Минск, ул. Кнорина,д.50,к.302 А | | | Штрихкод: | | 6978018615315 | | | | | Габариты ДxШxВ, см: | 41 x 36.5 x 81 | | | Вес с упаковкой, кг: | 21.835 | | | | | | | | | | | | | | | | | | ECO | Садовая и силовая техника | | | | | | | | | Описание: | Очиститель высокого давления предназначен для очистки поверхностей водой под давлением при помощи различных насадок | | | | | Комплектация: | | + Очиститель высокого давления - 1 шт.; | + Моечный пистолет - 1 шт.; | + Шланг высокого давления 8 м - 1 шт.; | + Удлинительная трубка - 1 шт.; | + Веерная фреза - 4 шт.; | + Роторная (грязевая) фреза - 1 шт.; | + Пеногенератор - 1 шт.; | + Моющая щетка - 1 шт.; | + Мини-фильтр тонкой очистки 1/2"" - 1 шт.; | + Адаптер для винтового соединения - 1 шт.; | + Держатель для аксессуаров - 1 шт.; | + Держателя кабеля - 1 шт.; | + Держатель моечного пистолета (верхний) - 1 шт.; | + Держатель моечного пистолета (нижний) - 1 шт.; | + Коннектор HPC 1/2"" - 1 шт.; | + Инструмент для чистки форсунки - 1 шт.; | + Винт 4*16 мм - 4 шт.; | + Руководство по эксплуатации - 1 шт.; | + Упаковка",,https://content.tools.by/images/products/cz-0175747576/Gbe/GbeWqmTNYKJea0sFWvWaoq9F7f7rkXSvKf8yqqz5.jpg,https://tools.by/product/1714589
Соединение быстросъем. ПАПА х елочка 10 мм (сталь) ECO,AB-MT12/E10,"7,54","Производитель: | ECO GROUP HONG KONG LIMITED, UNIT 617, 6/F, 131-132 CONNAUGHT ROAD WEST, SOLO WORKSHOPS, HONG KONG | | | Назначение: | Для обеспечения шланговых соединений | | | Страна изготовления: | Китай | | | Импортер/Продавец: | ООО ""ТД Комплект"", РБ, г.Минск, ул. Кнорина,д.50,к.302 А | | | Штрихкод: | | 5291501778108 | | | | | Габариты ДxШxВ, см: | 9 x 7 x 1.6 | | | Вес с упаковкой, кг: | 0.02 | | | | | | | | | | | | | | | | | | ECO | Садовая и силовая техника | | | | | | | | | Описание: | Быстросъемное соединение ПАПА наиболее распространенного Немецкого типа (Germany type). | Никелевое покрытие стали для защиты от коррозии.",,https://content.tools.by/images/products/cb-0013086684/Tc2/Tc2tTXBfK4QyYY3xMe7m2bCF3szsHZoIGQAbRZS9.jpg,https://tools.by/product/911527
"Краскораспылитель ECO SG-2000 (сопло ф 1.0 мм)
                    (HVLP, сопло ф 1.0 мм, верх. бак 110 мл)",DG4016-4,"31,32","Преимущества: | | ■ верхний пластиковый бак 110 мл | ■ латунная голова распылителя с покрытием | ■ регулировка подачи материала | ■ регулировка формы факела | ■ регулировка количества воздуха | ■ сопло 1.0 мм | ■ легкий вес | ■ быстросъемное соединение в комплекте | | | | | | | | | | | Файлы | | | | | | | | | Производитель: | ECO GROUP HONG KONG LIMITED, UNIT 617, 6/F, 131-132 CONNAUGHT ROAD WEST, SOLO WORKSHOPS, HONG KONG | | | Назначение: | | | | Страна изготовления: | Китай | | | Импортер/Продавец: | ООО ""ТД Комплект"", РБ, г.Минск, ул. Кнорина,д.50,к.302 А | | | Штрихкод: | | 8213112892346 | | | | | Габариты ДxШxВ, см: | 18 x 9 x 9 | | | Вес с упаковкой, кг: | 0.394 | | | | | | | | | | | | | | | | | | ECO | Садовая и силовая техника | | | | | | | | | Описание: | Компактный и легкий краскораспылитель типа HVLP для нанесения материалов на небольшие поверхности. | | Достоинства HVLP (High Volume Low Pressure - высокий объем, низкое давление): | - высокая экономия материалов. | - практически отсутствие опыла. | - нет завихрений - нет мусора.",,https://content.tools.by/images/products/cd-0394618525/BGA/BGAiQIXEQ2wtnLfAuC16rsfy4NWMcmj22HssI76u.jpg,https://tools.by/product/1625291
"Цепь 38 см 15"" 0.325"" 1.3 мм 64 зв. 325TA (в блистере) ECO",N1C-050E,"36,05","Файлы | | | | | | | | | Производитель: | ECO GROUP HONG KONG LIMITED. UNIT 617, 6/F, 131-132 CONNAUGHT ROAD WEST, SOLO WORKSHOPS, HONG KONG | | | Назначение: | Садово-парковое назначение | | | Страна изготовления: | Китай | | | Импортер/Продавец: | ООО ""ТД Комплект"", РБ, г.Минск, ул. Кнорина,д.50,к.302 А | | | Штрихкод: | | 8212107216129 | | | | | Габариты ДxШxВ, см: | 16.8 x 9 x 2.5 | | | Вес с упаковкой, кг: | 0.26 | | | | | | | | | | | | | | | | | | ECO | Садовая и силовая техника | | | | | | | | | Описание: | Пильные цепи ECO Multli Sharp со слабой отдачей и специальной системой смазки Oilotec system для увеличения срока службы - оптимальный выбор режущей оснастки для Вашей бензопилы. Режущий зуб выполнен из качественной стали. | | аналог цепи OREGON - 20LPX064E. | Упаковка: блистер с подвесом",,https://content.tools.by/images/products/cb-0585804450/jOy/jOyaERZSZEoyk6bPL3OMECRUInVxIgtqdVwPkatg.jpg,https://tools.by/product/1001338
"Тачка строительная ECO WB352-2 Comfort (130л, 350кг, 2 пневмоколеса 4.00-8)",WB141-1,"97,00","Преимущества: | | ■ Инновационные поворотные рукоятки комфорт при разгрузке | ■ Стальной оцинкованный кузов | ■ Прочная, усиленная рама | ■ Толщина металла кузова 0,9 мм | ■ Пылезащищённый подшипник | ■ Большие пневматические колеса | | | | | | | | | | | Файлы | | | | | | | | | Производитель: | ECO GROUP HONG KONG LIMITED, UNIT 617, 6/F, 131-132 CONNAUGHT ROAD WEST, SOLO WORKSHOPS, HONG KONG | | | Назначение: | | | | Страна изготовления: | Китай | | | Импортер/Продавец: | ООО ""ТД Комплект"", РБ, г.Минск, ул. Кнорина,д.50,к.302 А | | | Штрихкод: | | 6977125193242 | | | | | Габариты ДxШxВ, см: | 139 x 62 x 59.5 | | | Вес с упаковкой, кг: | 16.55 | | | | | | | | | | | | | | | | | | ECO | Садовая и силовая техника",,https://content.tools.by/images/products/cz-0198129980/dNs/dNsxu3PXfyA9gxEeHN8jlU84cqtKjYmwK3upyPLx.jpg,https://tools.by/product/1686147?slide=2
"Фильтр тонкой очистки (малый) для очистителя высокого давления ECO
                    (универсальный)",18250002,"18,00","Производитель: | ECO GROUP HONG KONG LIMITED, UNIT 617, 6/F, 131-132 CONNAUGHT ROAD WEST, SOLO WORKSHOPS, HONG KONG | | | Назначение: | | | | Страна изготовления: | Китай | | | Импортер/Продавец: | ООО ""ТД Комплект"", РБ, г.Минск, ул. Кнорина,д.50,к.302 А | | | Штрихкод: | | 8212107216587 | | | | | Габариты ДxШxВ, см: | 14.3 x 7 x 3.4 | | | Вес с упаковкой, кг: | 0.025 | | | | | | | | | | | | | | | | | | ECO | Садовая и силовая техника | | | | | | | | | Описание: | Фильтр тонкой очистки предназначен для очистки воды на входной магистрали очистителя высокого давления. | Назначение: за счет фильтрующего элемента очищает воду от механических примесей. Подсоединяется ко входному отверстию очистителя высокого давления. | Не предназначен для питьевой воды. | | | | | Комплектация: | | + Фильтр тонкой очистки - 1 шт.; | + Упаковка.",,https://content.tools.by/images/products/cv-2383711956/8O8/8O87WpmmdGlEWexjZ03yIJDiqqyJU8ViJJ3KiC5y.jpg,https://tools.by/product/1024520
"Пистолет моечный пневматический ECO AWG-11
                    (130 л/мин; бак:900 мл; 4-8 бар)",JEAM0821,"32,86","Файлы | | | | | | | | | Производитель: | ECO GROUP HONG KONG LIMITED. UNIT 617, 6/F, 131-132 CONNAUGHT ROAD WEST, SOLO WORKSHOPS, HONG KONG, CHINA | | | Назначение: | Для бытовых ремонтных работ | | | Страна изготовления: | Китай | | | Импортер/Продавец: | ООО ""ТД Комплект"", РБ, г.Минск, ул. Кнорина,д.50,к.302 А | | | Штрихкод: | | 8212107216488 | | | | | Габариты ДxШxВ, см: | 37 x 17 x 11 | | | Вес с упаковкой, кг: | 0.548 | | | | | | | | | | | | | | | | | | ECO | Садовая и силовая техника | | | | | | | | | Описание: | Моечный пневмопистолет предназначен для мойки и смазки поверхностей, узлов или деталей потоком моющей жидкости и воздухом. Подключается к источнику сжатого воздуха (компрессору). | Оснащен быстросъемным соединением для удобства использования. | Медное сопло, устойчивое к коррозии.",,https://content.tools.by/images/products/cv-1451835300/n9j/n9jC3NG5lh2p22wi964qe2lmXknRfLuHkVPSIyvz.jpg,https://tools.by/product/1013436
"Прессостат четырехходовой для компрессора ECO
                    (Резьба - 1/4"" - 4шт, Давление ВКЛ - 6 бар, Давление ОТКЛ - 8 бар)",AES-114P,"34,20","Производитель: | ECO GROUP HONG KONG LIMITED, UNIT 617, 6/F, 131-132 CONNAUGHT ROAD WEST, SOLO WORKSHOPS, HONG KONG | | | Назначение: | Запасные части | | | Страна изготовления: | Китай | | | Импортер/Продавец: | ООО ""ТД Комплект"", РБ, г.Минск, ул. Кнорина,д.50,к.302 А | | | Штрихкод: | | 6920904821485 | | | | | Габариты ДxШxВ, см: | 13.4 x 10.7 x 8.9 | | | Вес с упаковкой, кг: | 0.372 | | | | | | | | | | | | | | | | | | ECO | Садовая и силовая техника | | | | | | | | | Описание: | Подходит к компрессорам с прямым приводом: | ECO AE-251-3; | ECO AE-251-4; | ECO AE-251-12; | ECO AE-251-15; | ECO AE-251-18; | ECO AE-251-18HD; | ECO AE-501-3; | ECO AE-501-4; | ECO AE-501-15; | ECO AE-501-18HD; | ECO AE-502-3; | ECO AE-502-22; | ECO AE-502-22.1; | ECO AE-702-22; | ECO AE-705-3; | ECO AE-1005-3; | и к другим аналогичным моделям | | Подходит к компрессорам с ременным приводом: | ECO AE-704-22; | ECO AE-1004-22; | ECO AE-1004V-22; | ECO AE-703-22HD; | ECO AE-1000-22HD; | HDC HD-A051; | HDC HD-A071; | HDC HD-A101; | и к другим аналогичным моделям | | Подходит к безмасляным компрессорам: | ECO AE-10-OF1; | ECO AE-25-OF1; | ECO AE-50-OF1;",,https://content.tools.by/images/products/cb-0103821592/vGS/vGSYHm1ZF525sWj03bejHA2EI9euYjkVd3Fc0Nrp.jpg,https://tools.by/product/922372
"Мотобур ECO GD-53
                    (1.85 кВт; 10 кг; шнек до 200 мм)",DG3510-1,"408,00","Преимущества: | | ■ Эргономичная рукоятка с регулировкой в 2-х положениях | ■ Все органы управления расположены на одной рукоятке для удобного управления рабочим процессом | ■ Эффективная антивибрационная система | ■ Использование улучшенного (усиленного) ручного стартера с системой лёгкий запуск | ■ Надежный 2-х тактный двигатель с увеличенным моторесурсом | ■ Редуктор повышенной прочности | ■ Топливный бак с полупрозрачными стенками | ■ Праймер (система лёгкого запуска) | ■ Ударопрочный корпус двигателя | ■ Два поршневых кольца для высокой компрессии. | | | | | | | | | | | Файлы | | | | | | | | | Производитель: | ECO GROUP HONG KONG LIMITED, UNIT 617, 6/F, 131-132 CONNAUGHT ROAD WEST, SOLO WORKSHOPS, HONG KONG | | | Назначение: | Садово-парковое назначение | | | Страна изготовления: | Китай | | | Импортер/Продавец: | ООО ""ТД Комплект"", РБ, г.Минск, ул. Кнорина,д.50,к.302 А | | | Штрихкод: | | 8212107216105 | | | | | Габариты ДxШxВ, см: | 39.5 x 30 x 36 | | | Вес с упаковкой, кг: | 10.2 | | | | | | | | | | | | | | | | | | ECO | Садовая и силовая техника | | | | | | | | | Описание: | БЕЗ БУРА - бур необходимого диаметра приобретается отдельно! | | Мощное и универсальное оборудование для применения в коммунальном хозяйстве или на приусадебном участке. Область применения: установка свайных фундаментов, ограждений и заборов, посадка деревьев. | | | | | Комплектация: | | + Мотобур (двигатель); | + cвечной ключ; | + емкость для смешивания топливной смеси; | + набор шестигранных и рожковых ключей; | + инструкция по эксплуатации.",,https://content.tools.by/images/products/cb-2871478822/TJV/TJVNTxInf4JpTQPgR0nv5DxcrlXqyqtBvYn5MIYD.jpg,https://tools.by/product/999419?slide=2
"Соединение быстросъем. ПАПА х внутр. резьба 1/4"" (латунь) ECO",AB-MT14/E08,"4,06","Производитель: | ECO GROUP HONG KONG LIMITED, UNIT 617, 6/F, 131-132 CONNAUGHT ROAD WEST, SOLO WORKSHOPS, HONG KONG | | | Назначение: | Для обеспечения шланговых соединений | | | Страна изготовления: | Китай | | | Импортер/Продавец: | ООО ""ТД Комплект"", РБ, г.Минск, ул. Кнорина,д.50,к.302 А | | | Штрихкод: | | 5291501777996 | | | | | Габариты ДxШxВ, см: | 7.1 x 9 x 2 | | | Вес с упаковкой, кг: | 0.024 | | | | | | | | | | | | | | | | | | ECO | Садовая и силовая техника | | | | | | | | | Описание: | Быстросъемное соединение ПАПА наиболее распространенного Немецкого типа (Germany type). | Латунный корпус исключает возможность появления коррозии.",,https://content.tools.by/images/products/cb-0389262419/nu2/nu2zYPZv2vNFsN9bB6zKsSi8D67rKKWgwW1ZUTsR.jpg,https://tools.by/product/911516
"Фильтр воздушный ECO с регулятором давления (1/4"")",AF-01B,"14,06","Производитель: | ECO GROUP HONG KONG LIMITED. UNIT 617, 6/F, 131-132 CONNAUGHT ROAD WEST, SOLO WORKSHOPS, HONG KONG, CHINA | | | Назначение: | Для обеспечения шланговых соединений | | | Страна изготовления: | Китай | | | Импортер/Продавец: | ООО ""ТД Комплект"", РБ, г.Минск, ул. Кнорина,д.50,к.302 А | | | Штрихкод: | | 5291501778375 | | | | | Габариты ДxШxВ, см: | 27.7 x 6.5 x 8.2 | | | Вес с упаковкой, кг: | 0.625 | | | | | | | | | | | | | | | | | | ECO | Садовая и силовая техника | | | | | | | | | Описание: | Выполняемые функции: | 1) Регулировка давления воздуха; | 2) Масло- влагоотделение;",,https://content.tools.by/images/products/cb-6797781936/OT4/OT4kc2r23cGGdygQSsb1DBYxiTUQYsyqMeE0l3nu.jpg,https://tools.by/product/101388
Маховик ECO HU137/142,CSP-HU137-001,"68,40","Производитель: | ECO GROUP HONG KONG LIMITED, UNIT 617, 6/F, 131-132 CONNAUGHT ROAD WEST, SOLO WORKSHOPS, HONG KONG | | | Назначение: | Запасные части | | | Страна изготовления: | Китай | | | Импортер/Продавец: | ООО ""ТД Комплект"", РБ, г.Минск, ул. Кнорина,д.50,к.302 А | | | Штрихкод: | | 8210803862251 | | | | | Габариты ДxШxВ, см: | 7 x 7 x 5 | | | Вес с упаковкой, кг: | 0.31 | | | | | | | | | | | | | | | | | | ECO | Садовая и силовая техника | | | | | | | | | Описание: | Совместимость: | для бензопил Husqvarna 137142 | | | | | Комплектация: | | + маховик - 1шт;",,https://content.tools.by/images/products/ce-1411164196/2Mo/2Mo0IGplTuufiRIDtZ2r52AwbE5xuUw2BsfyYA7C.jpg,https://tools.by/product/1647873
Пистолет для антикоррозионных покрытий  SG-35C14  ECO со шлангом уцененный (0400313344),ASB-06S-у,"78,22","Производитель: | ECO GROUP HONG KONG LIMITED, UNIT 617, 6/F, 131-132 CONNAUGHT ROAD WEST, SOLO WORKSHOPS, HONG KONG | | | Назначение: | Для бытовых ремонтных работ | | | Страна изготовления: | Китай | | | Импортер/Продавец: | ООО ""ТД Комплект"", РБ, г.Минск, ул. Кнорина,д.50,к.302 А | | | Габариты ДxШxВ, см: | 6 x 20 x 30 | | | Вес с упаковкой, кг: | 0.55 | | | | | | | | | | | | | | | | | | ECO | Садовая и силовая техника | | | | | | | | | Описание: | Механическое повреждение упаковки.",,https://content.tools.by/images/products/cz-0400313344/YzW/YzWbjYp0DhoqeNehbcBQOgubf4G915ActuRPSSLu.jpg,https://tools.by/product/1751196
"Свеча зажигания ECO GTP-X032
                    (2Т; М14*1.25; резьба 9,5 мм)",443223021499-L,"7,74","Производитель: | ECO GROUP HONG KONG LIMITED. UNIT 617, 6/F, 131-132 CONNAUGHT ROAD WEST, SOLO WORKSHOPS, HONG KONG | | | Назначение: | Садово-парковое назначение | | | Страна изготовления: | Китай | | | Импортер/Продавец: | ООО ""ТД Комплект"", РБ, г.Минск, ул. Кнорина,д.50,к.302 А | | | Штрихкод: | | 8210803861469 | | | | | Габариты ДxШxВ, см: | 2 x 1 x 1 | | | Вес с упаковкой, кг: | 0.036 | | | | | | | | | | | | | | | | | | ECO | Садовая и силовая техника | | | | | | | | | Описание: | | Свеча зажигания для двухтактных двигателей мотокос, бензиновых цепных пил. | Применяется практически во всех двухтактных бензоинструментах (исключение моторы 2-mix), аналог BOSCH WSR7F, NGK BPMR7A, CHAMPION CJ7Y, OREGON PR17Y, BRISK PR17Y и др... | | Совместимость: | | Для моделей ECO GTP-145B, GTP-145F, GTP-145N, GTP-145R, GTP-185B, GTP-185F, GTP-185K, GTP-185N, GTP-185R, GTP-187F, GTP-189F | Для моделей DGM BC-210, BC-240, BC-241 | | Подходит ко многим мотокосам и бензопилам: ECO, DGM, GUNTER, SKIPER, DARC, MIKKELI, PATRIOT, DENZEL, CRAFTOP, LIDER, NIKKEY, PROKRAFT, MATRIX, WATT, CATMANN, GARDEN LINE, ELAND KASEI, ZIGZAG, DOLFIN, SOLO, GRASSHOPER, EUROTEK, PARK, DEMON, STERN, EXTEL, BIZON, MEGA, PROLAND, DOLMAR, MAGNUM, SKIPER, STURM и др. | | | | | Комплектация: | | + Свеча;",,https://content.tools.by/images/products/cv-0141305960/0VC/0VCcBlP3nFB2GfVGxEF1FCr56dhlcH4MqsgIYnGH.jpg,https://tools.by/product/1633279
Блок автоматики ECO PE-ATS,,,"Файлы | | | | | | | | | Производитель: | ECO GROUP HONG KONG LIMITED, UNIT 617, 6/F, 131-132 CONNAUGHT ROAD WEST, SOLO WORKSHOPS, HONG KONG | | | Назначение: | | | | Страна изготовления: | Китай | | | Импортер/Продавец: | ООО ""ТД Комплект"", РБ, г.Минск, ул. Кнорина,д.50,к.302 А | | | Штрихкод: | | 6977125197424 | | | | | Габариты ДxШxВ, см: | 40 x 34 x 21 | | | Вес с упаковкой, кг: | 6 | | | | | | | | | | | | | | | | | | ECO | Садовая и силовая техника | | | | | | | | | Описание: | Блок автоматического включения для электростанции ECO PE-7000ESI, ECO PE-10000ESI, PE-9001ES. | Панель автоматического включения представляет собой электронное устройство управления запуском электростанции. В случаях, когда напряжение в сети ниже допустимого уровня или отсутствует, контроллер в течение 2-6 секунд автоматически запускает электростанцию, которая продолжает подачу электропитания на энергопотребители. | Когда подача питания от внешней сети возобновляется, контроллер останавливает электростанцию и переключает энергопотребители на питание от внешней сети. | Совместим с генераторами, имеющими на панели управления разъем 8-pin для подключения блока ATS | ECO PE-7000ESI, ECO PE-10000ESI, PE-9001ES. | | | | | Комплектация: | | + Ключ от дверцы -2 шт; | + - Кабель управления 8 pin 2 метра- 1 шт; | + - Руководство по эксплуатации - 1 шт.",,https://content.tools.by/images/products/cz-0330008400/hnR/hnRKSbRAGszhY23mkz7p8yAjeOtZN2MzU546w9Ix.jpg,https://tools.by/product/1690132
"Колесо надувн. 4.00-8"" (подшипн. усил. ф35x16 мм, для оси 16x60мм)
                    (Подходит к тачкам: WB6820-2HD, WB6418S-2)",WB-P125,"52,20","Производитель: | ECO GROUP HONG KONG LIMITED, UNIT 617, 6/F, 131-132 CONNAUGHT ROAD WEST, SOLO WORKSHOPS, HONG KONG | | | Назначение: | | | | Страна изготовления: | Китай | | | Импортер/Продавец: | ООО ""ТД Комплект"", РБ, г.Минск, ул. Кнорина,д.50,к.302 А | | | Штрихкод: | | 8212107214705 | | | | | Габариты ДxШxВ, см: | 34 x 7.2 x 34 | | | Вес с упаковкой, кг: | 2.51 | | | | | | | | | | | | | | | | | | ECO | Садовая и силовая техника",,https://content.tools.by/images/products/cb-0045629584/91s/91siTsBPFeJT5i7Cv47ARv0HVREGnKXdC9iqjUIf.jpg,https://tools.by/product/997104
"Мотокоса ECO GTP-255 Power Plus
                    (2.5 кВт, 3.4 л.с., 52.0 см3, лёгкий запуск, нож 4Т,ремень двухлямочный, вес 7.9 кг)",DG2111-2,"227,65","Преимущества: | | ■ Цельная штанга диаметр 28 мм | ■ Многофункциональная и эргономичная рукоятка велосипедного типа | ■ Эффективная антивибрационная система | ■ Использование улучшенного (усиленного) ручного стартера с системой лёгкий запуск | ■ Цельнометаллический приводной вал | ■ Редуктор повышенной прочности | ■ Топливный бак с полупрозрачными стенками | ■ Праймер (система лёгкого запуска) | ■ Ударопрочный корпус двигателя | ■ Комбинированный защитный кожух из прочного пластика | ■ Усиленная полуавтоматическая косильная катушка с безразборной заправкой лески | ■ Прочный четырехлопастной нож | ■ Двухплечный ремень для большего комфорта при работе | ■ Два поршневых кольца для высокой компрессии. | | | | | | | | | | | Файлы | | | | | | | | | Производитель: | “SKIPFIRE LIMITED” Romanou, 2, TLAIS TOWER, 6th floor, flat/office 601, P.C.1070, Nicosia,Кипр | | | Назначение: | Садово-парковое назначение | | | Страна изготовления: | Китай | | | Импортер/Продавец: | ООО ""ТД Комплект"", РБ, г.Минск, ул. Кнорина,д.50,к.302 А | | | Штрихкод: | | 8210803862015 | | | | | Вес с упаковкой, кг: | 10.34 | | | | | | | | | | | | | | | | | | ECO | Садовая и силовая техника | | | | | | | | | Описание: | Мощная и удобная модель для продвинутых пользователей, которые по достоинству оценят внушительный потенциал мотокосы. | Удобная и эргономичная рукоятка триммера изготовлена в виде велосипедного руля и может устанавливаться в различных положениях, это обеспечивает максимальную управляемость и уменьшает нагрузку на опорно-двигательный аппарат оператора. Блок управления находится на одной ручке, кнопки доступны и располагаются точно под пальцами оператора. | Цельная штанга изготовлена из легкого алюминия, что повышает прочность конструкции, снижая её вес. Штанга оснащена антивибрационными демпферами, поглощающими вибрацию и уменьшающими нагрузку на кисти и предплечья. | Жесткий приводной вал дает возможность использовать в работе нож или диск. | Конический редуктор имеет избыточный запас прочности и способен выдерживать большие нагрузки. При этом редуктор легко отсоединяется, что позволяет использовать двигатель мотокосы в качестве силового агрегата. | Топливный бак имеет полупрозрачные стенки для удобства контроля за уровнем топлива. | Мотокоса снабжена праймером для предварительной подкачки топлива, который облегчит запуск мотора. | Корпус двигателя выполнен из специального ударопрочного пластика и защищает от внешних механических воздействий. | Широкий защитный кожух защищает оператора от выброса травы, камней и других вылетающих из-под режущего инструмента предметов. | Надёжная полуавтоматическая катушка обеспечивает лёгкую подачу корда и заправляется новой леской без разборки корпуса. | Прочный четырёхлопасной нож с лёгкостью справится с дикорастущей травой и кустарником. | Два поршневых кольца создают стабильную компрессию, увеличивают срок службы цилиндро-поршневой группы. | | | | | Комплектация: | | + Двигатель двухтактный бензиновый - 1 шт; | + - Вал мотокосы с трубой - 1 шт; | + - Триммерная катушка - 1 шт; | + - Нож четырёхлопастной - 1 шт; | + - Кожух защитный с винтами крепления - 1 шт; | + - Ремень плечевой - 1 шт. (двухплечный); | + - Комплект регулировочных инструментов и принадлежностей - 1 компл; | + - Дозатор топливной смеси - 1 шт; | + - Ручка левая - 1 шт; | + - Ручка правая - 1 шт; | + - Упаковка - 1 шт; | + - Руководство пользователя - 1 шт;",,https://content.tools.by/images/products/cd-0011957715/1qA/1qAMa1oENbMYS5lzKZ83Oqv62qohJaAzMW1IOtRk.jpg,https://tools.by/product/1633177
"Компрессор автомобильный ECO AE-028-2
                    (12 В, 280 Вт, 70 л/мин, 2 цилиндра, 10 бар (манометр 7 бар), фонарь, сумка)",AE-013-4,"66,60","Преимущества: | | ■ Двухцилиндровый производительный насос | ■ Мощный двигатель со 100% медной обмоткой и большим статором обеспечивает гарантированно высокий ресурс устройства и быстроту работы | ■ Тефлоновые поршни с подшипником | ■ Высококачественный шланг в защитной оплетке | ■ Время накачивания колеса 195/65/R15 до давления 2 бар: 2-3 мин* | ■ Большой манометр градуирован до 7 бар | ■ Встроенный светодиодный фонарь удобен при эксплуатации в темное время суток | ■ Резьбовой коннектор с антикороззийным напылением | ■ В комплекте спиральный шланг 3 метра, увеличивающий радиус действия компрессора | ■ Удобная сумка для хранения и транспортировки | ■ Антивибрационные резиновые ножки | ■ | ■ *время указано с запасом, на практике реальное время зависит от размера и степени накачки колеса, температуры и влажности воздуха. | | | | | | | | | | | Файлы | | | | | | | | | Производитель: | ECO GROUP HONG KONG LIMITED. UNIT 617, 6/F, 131-132 CONNAUGHT ROAD WEST, SOLO WORKSHOPS, HONG KONG, CHINA | | | Назначение: | Для компрессии воздуха | | | Страна изготовления: | Китай | | | Импортер/Продавец: | ООО ""ТД Комплект"", РБ, г.Минск, ул. Кнорина,д.50,к.302 А | | | Штрихкод: | | 8213112891325 | | | | | Габариты ДxШxВ, см: | 29.5 x 15.5 x 22.6 | | | Вес с упаковкой, кг: | 2.7 | | | | | | | | | | | | | | | | | | ECO | Садовая и силовая техника | | | | | | | | | Комплектация: | | + Компрессор; | + Чехол для хранения; | + Спиральный удлинительный шланг 3 м; | + 3 дополнительные насадки для накачивания мячей, матрасов и т.д.; | + Руководство по эксплуатации.",,https://content.tools.by/images/products/cv-5352321285/H7G/H7GXLgCTZnnppUQso8pJIjFHLapwtr7w6B37F3i9.jpg,https://tools.by/product/1037279
"Трубка струйная с соплом для очистителя высокого давления ECO
                    (HPW-1217)",ECX2010-5,"13,50","Производитель: | SKIPFIRE LIMITED. Romanou,2, TLAIS TOWER, 6th floor, flat/Office 601 P.C.1070, Nicosia, Cyprus. Кипр | | | Назначение: | | | | Страна изготовления: | Китай | | | Импортер/Продавец: | ООО ""ТД Комплект"", РБ, г.Минск, ул. Кнорина,д.50,к.302 А | | | Штрихкод: | | 8212107216549 | | | | | Габариты ДxШxВ, см: | 47 x 3.5 x 3.5 | | | Вес с упаковкой, кг: | 0.13 | | | | | | | | | | | | | | | | | | ECO | Садовая и силовая техника | | | | | | | | | Описание: | Струйная трубка с предустановленным соплом для моек эконом-класса.",,https://content.tools.by/images/products/cv-4386781853/ze3/ze3EjQUXmBTioJUHRkuqqv1dSwExtcfwblewapaN.jpg,https://tools.by/product/1024518
"Станция водоснабжения автоматическая ECO GFI-1203
                    (1200 Вт, 3600 л/ч, 48 м, 4,8 бар макс, корпус бака сталь, корпус насоса нерж. сталь,, бак 24л.)",PF1110,"435,06","Преимущества: | | ■ Компактная и надежная система для водоснабжения загородных домов, коттеджей, участков. | ■ Автоматическое управление с помощью реле. | ■ Накопительный бак(гидроаккумулятор) обеспечивает отсутствие скачков давления в водопроводной магистрали. | ■ Асинхронный двигатель с защитой от перегрузок. | ■ Баллон гидроаккумулятора из экологически безопасного EPDM. | ■ Корпус насоса из нержавеющей стали. | ■ Защита от перегрузок. | ■ Манометр повернут циферблатом к пользователю, для удобного контроля давления. | | | | | | | | | | | Файлы | | | | | | | | | Производитель: | ECO GROUP HONG KONG LIMITED, UNIT 617, 6/F, 131-132 CONNAUGHT ROAD WEST, SOLO WORKSHOPS, HONG KONG | | | Назначение: | Для хозяйственных нужд | | | Страна изготовления: | Китай | | | Импортер/Продавец: | ООО ""ТД Комплект"", РБ, г.Минск, ул. Кнорина,д.50,к.302 А | | | Штрихкод: | | 8212107214842 | | | | | Габариты ДxШxВ, см: | 52 x 29 x 52 | | | Вес с упаковкой, кг: | 13.02 | | | | | | | | | | | | | | | | | | ECO | Садовая и силовая техника | | | | | | | | | Описание: | В комплект входит: входной патрубок 1 шт., выходной патрубок 1 шт.",,https://content.tools.by/images/products/cb-0158642793/cYN/cYNsVgwtUD9OhukTJbQOWeFW5a3Oce75Y0E5ZRFY.jpg,https://tools.by/product/997473?slide=2
"Очиститель высокого давления ECO HPW-1521S
                    (2.10 кВт, 150 бар, 450 л/ч, самовсасывание)",EC4910-2,"359,00","Преимущества: | | ■ Алюминиевый корпус насоса с аксиальнопоршневым механизмом; | ■ Функция самовсасывания позволяет использовать очиститель без подключения к водопроводу; | ■ Веерная и грязевая форсунки в комплекте; | ■ Пеногенератор для распыления моющей пены; | ■ Вращающаяся щетка для механической очистки колесных дисков; | ■ Фильтр тонкой очистки в комплекте; | | | | | | | | | | | Файлы | | | | | | | | | Производитель: | ECO GROUP HONG KONG LIMITED, UNIT 617, 6/F, 131-132 CONNAUGHT ROAD WEST, SOLO WORKSHOPS, HONG KONG | | | Назначение: | Для удаления загрязнений | | | Страна изготовления: | Китай | | | Импортер/Продавец: | ООО ""ТД Комплект"", РБ, г.Минск, ул. Кнорина,д.50,к.302 А | | | Штрихкод: | | 8212107216044 | | | | | Габариты ДxШxВ, см: | 29.5 x 39.5 x 58 | | | Вес с упаковкой, кг: | 9.02 | | | | | | | | | | | | | | | | | | ECO | Садовая и силовая техника | | | | | | | | | Описание: | Очиститель высокого давления предназначен для очистки поверхностей водой под давлением при помощи различных насадок | | | | | Комплектация: | | + Очиститель высокого давления; | + Шланг высоконапорный - 6 м; | + Пистолет; | + Удлинительная насадка; | + Грязевая фреза; | + Плоская фреза; | + Пеногенератор; | + Щетка вращающаяся; | + Фильтр тонкой очистки;",,https://content.tools.by/images/products/cb-0006433893/RAf/RAf3apB0TrNbH1Yz0NmzhSwvnC8vbVF6HizQVUfp.jpg,https://tools.by/product/998776?slide=2
"Пистолет для подкачки шин ECO TIG-1 с манометром
                    (боковой манометр)",ABG-20,"18,56","Файлы | | | | | | | | | Производитель: | ECO GROUP HONG KONG LIMITED. UNIT 617, 6/F, 131-132 CONNAUGHT ROAD WEST, SOLO WORKSHOPS, HONG KONG, CHINA | | | Назначение: | Для бытовых ремонтных работ | | | Страна изготовления: | Китай | | | Импортер/Продавец: | ООО ""ТД Комплект"", РБ, г.Минск, ул. Кнорина,д.50,к.302 А | | | Штрихкод: | | 6921501771159 | | | | | Габариты ДxШxВ, см: | 31.6 x 14.5 x 3.5 | | | Вес с упаковкой, кг: | 0.338 | | | | | | | | | | | | | | | | | | ECO | Садовая и силовая техника | | | | | | | | | Описание: | Тип: для подкачки шин | Манометр: боковое расположение | Назначение: для автомобиля, дома, производства | Корпус: металл | Максимальное давление: 12 бар | Длина шланга: 400мм | Входной разъем: быстросъем | Наконечник: быстрозажимной, металл",,https://content.tools.by/images/products/cb-0000738371/3TM/3TMFjIevh3pX6xtkIkS61B3FPw5sOHAvL0cgZce0.jpg,https://tools.by/product/57700
"Резьбовое байонетное соединение 1/4"" (сталь) ECO
                    (Резьбовое байонентное соединение 1/4"" (сталь) ECO)",AS-M/E10,"2,93","Производитель: | “SKIPFIRE LIMITED” Romanou, 2, TLAIS TOWER, 6th floor, flat/office 601, P.C.1070, Nicosia,Кипр | | | Назначение: | Для обеспечения шланговых соединений | | | Страна изготовления: | Китай | | | Импортер/Продавец: | ООО ""ТД Комплект"", РБ, г.Минск, ул. Кнорина,д.50,к.302 А | | | Штрихкод: | | 6921501771128 | | | | | Габариты ДxШxВ, см: | 3 x 3 x 2 | | | Вес с упаковкой, кг: | 0.07 | | | | | | | | | | | | | | | | | | ECO | Садовая и силовая техника | | | | | | | | | Описание: | Байонетное быстросъёмные соединение без воздушного затвора, благодаря которому соединение компрессора со шлангом и пневмооборудованием происходит быстро и легко, а также надежно и герметично. | Никелевое покрытие стали для защиты от коррозии. | Присоединительная резьба - 14. | Упаковка - подвес.",,https://content.tools.by/images/products/cb-1524790831/dAC/dAC3nnTL3L2RTqvxX5QwbOQD6jHKjAmWliC8VrHN.jpg,https://tools.by/product/926595
"Пневмогайковерт 1/2"" ECO AIW-742S
                    (742 Нм; Ударный мех-м: twin hammer; 218 л/мин; 7500 об/мин; Макс. резьба: М16)",DG4012-5,"132,30","Преимущества: | | ■ Шестиступенчатая регулировка крутящего момента позволяет установить оптимальное усилие | ■ Функция реверса | ■ В комплекте три сменные головки из высококачественной легированной стали (17, 19 и 21 мм) | ■ Эргономичная рукоятка с виброгасящей накладкой для комфортной работы | ■ Стальной корпус ударного механизма увеличивает прочность и надежность гайковерта | | | | | | | | | | | | | Производитель: | ECO GROUP HONG KONG LIMITED, UNIT 617, 6/F, 131-132 CONNAUGHT ROAD WEST, SOLO WORKSHOPS, HONG KONG | | | Назначение: | | | | Страна изготовления: | Китай | | | Импортер/Продавец: | ООО ""ТД Комплект"", РБ, г.Минск, ул. Кнорина,д.50,к.302 А | | | Штрихкод: | | 6977125190821 | | | | | Габариты ДxШxВ, см: | 18.8 x 6.9 x 19.5 | | | Вес с упаковкой, кг: | 3.326 | | | | | | | | | | | | | | | | | | ECO | Садовая и силовая техника | | | | | | | | | Комплектация: | | + Пневмогайковерт; | + Сменные головки из хромомолибденовой стали 1/2"" - 3 шт (17 мм, 19 мм, 21 мм); | + Ключ шестигранный на 5 мм; | + Быстросъем. штуцер ПАПА х нар. резьба 1/4"" (сталь); | + Масло для пневмоинструмента; | + Руководство по эксплуатации; | + Коробка;",,https://content.tools.by/images/products/cz-1456979088/dvC/dvCbZu9jBwpyEws30Ak92qLwyYgvGAe9pme8NcPL.jpg,https://tools.by/product/1677696
Защелка стартера ECO ST120/200/250,GTP-HU125/128-010,"14,40","Производитель: | ECO GROUP HONG KONG LIMITED, UNIT 617, 6/F, 131-132 CONNAUGHT ROAD WEST, SOLO WORKSHOPS, HONG KONG | | | Назначение: | Запасные части | | | Страна изготовления: | Китай | | | Импортер/Продавец: | ООО ""ТД Комплект"", РБ, г.Минск, ул. Кнорина,д.50,к.302 А | | | Штрихкод: | | 8210803863128 | | | | | Габариты ДxШxВ, см: | 6 x 4 x 1 | | | Вес с упаковкой, кг: | 0.005 | | | | | | | | | | | | | | | | | | ECO | Садовая и силовая техника | | | | | | | | | Описание: | Совместимость: | для мотокос STIHL FS120200250 | | | | | Комплектация: | | + защёлка стакртера - 1шт, пружина 1-шт;",,https://content.tools.by/images/products/ce-0551358176/sMt/sMtUs9ddovyHpjiZuYicdI2RGdbny6z1MkzCg0qY.jpg,https://tools.by/product/1647893
"Очиститель высокого давления ECO HPW-1400
                    (1.65 кВт, 135 бар, 420 л/ч, самовсасывание, активный пеногенератор)",HPW1860RSD01,"885,40","Преимущества: | | ■ Алюминиевый корпус насоса высокого давления | ■ Защита двигателя от перегрева | ■ Функция самовсасывания позволяет использовать очиститель без подключения к водопроводу | ■ Веерная и грязевая форсунки в комплекте | ■ Регулируемый пеногенератор для распыления моющей пены | ■ Удобные крепления для распылительного пистолета и шланга на корпусе мойки | ■ Колеса для удобства транспортировки | | | | | | | | | | | Файлы | | | | | | | | | Производитель: | ECO GROUP HONG KONG LIMITED, UNIT 617, 6/F, 131-132 CONNAUGHT ROAD WEST, SOLO WORKSHOPS, HONG KONG | | | Назначение: | Для удаления загрязнений | | | Страна изготовления: | Китай | | | Импортер/Продавец: | ООО ""ТД Комплект"", РБ, г.Минск, ул. Кнорина,д.50,к.302 А | | | Штрихкод: | | 6976215886309 | | | | | Габариты ДxШxВ, см: | 25 x 32 x 51 | | | Вес с упаковкой, кг: | 7.2 | | | | | | | | | | | | | | | | | | ECO | Садовая и силовая техника | | | | | | | | | Описание: | Очиститель высокого давления предназначен для очистки поверхностей водой под давлением при помощи различных насадок | | | | | Комплектация: | | + Очиститель высокого давления; | + Шланг высоконапорный - 5 м; | + Моечный пистолет; | + Трубка струйная; | + Веерная фреза; | + Грязевая фреза; | + Пеногенератор; | + Инструмент для чистки форсунки; | + Входной мини фильтр-коннектор 3/4""",,https://content.tools.by/images/products/cz-2004945252/9ik/9iklcAP18QRa2fLb359sWTxGzb9F6CDpcqyKYhH3.jpg,https://tools.by/product/1669124
"Баллон резиновый для гидроаккумулятора 24л
                    (объём 25л, горловина 90мм)",AP118E002,"275,00","Производитель: | ECO GROUP HONG KONG LIMITED, UNIT 617, 6/F, 131-132 CONNAUGHT ROAD WEST, SOLO WORKSHOPS, HONG KONG | | | Назначение: | Для хозяйственных нужд | | | Страна изготовления: | Китай | | | Импортер/Продавец: | ООО ""ТД Комплект"", РБ, г.Минск, ул. Кнорина,д.50,к.302 А | | | Штрихкод: | | 6921501776314 | | | | | Габариты ДxШxВ, см: | 50 x 25 x 2 | | | Вес с упаковкой, кг: | 0.444 | | | | | | | | | | | | | | | | | | ECO | Садовая и силовая техника | | | | | | | | | Описание: | Изготовлен из экологически безопасного EPDM. | Баллон из EPDM имеет ресурс сжатия-растяжения на 30% больше, чем баллон из обычной резины. | Подходит для гидроаккумуляторов объёмом до 25л. | Диаметр горловины 90мм.",,https://content.tools.by/images/products/cb-2248668370/x9I/x9I52natnPYPivuSuf3V7aZDXeGqKO39SYxQpucP.jpg,https://tools.by/product/966408
"Ручки для тачки ECO 32мм
                    (Подходит к тачкам: WB201-2; WB301-1; WB351-2)",WB-P124,"52,20","Преимущества: | | ■ Удобные рукоятки для садовых и строительных тачек | | | | | | | | | | | | | Производитель: | ECO GROUP HONG KONG LIMITED, UNIT 617, 6/F, 131-132 CONNAUGHT ROAD WEST, SOLO WORKSHOPS, HONG KONG | | | Назначение: | | | | Страна изготовления: | Китай | | | Импортер/Продавец: | ООО ""ТД Комплект"", РБ, г.Минск, ул. Кнорина,д.50,к.302 А | | | Штрихкод: | | 6978018615643 | | | | | Габариты ДxШxВ, см: | 19.5 x 14 x 3.5 | | | Вес с упаковкой, кг: | 0.084 | | | | | | | | | | | | | | | | | | ECO | Садовая и силовая техника | | | | | | | | | Комплектация: | | + Рукоятки 2шт",,https://content.tools.by/images/products/cz-2241160480/jGb/jGbb9pcqZHVkcxJc8nR0RngjXk1KtzAhPJxklVGX.jpg,https://tools.by/product/1717914
"Наконечник для подкачки шин (елочка 8 мм, латунь) ECO",SG-35C14,"43,31","Производитель: | ECO GROUP HONG KONG LIMITED, UNIT 617, 6/F, 131-132 CONNAUGHT ROAD WEST, SOLO WORKSHOPS, HONG KONG | | | Назначение: | | | | Страна изготовления: | Китай | | | Импортер/Продавец: | ООО ""ТД Комплект"", РБ, г.Минск, ул. Кнорина,д.50,к.302 А | | | Штрихкод: | | 6977125195000 | | | | | Габариты ДxШxВ, см: | 12.4 x 8.3 x 1.6 | | | Вес с упаковкой, кг: | 0.036 | | | | | | | | | | | | | | | | | | ECO | Садовая и силовая техника | | | | | | | | | Описание: | Наконечник типа ёлочка для подкачки шин латунный.",,https://content.tools.by/images/products/cz-1551505312/h8S/h8SzpJySiRggUKua87iFR8xjhpiXD7d5n60AcUiW.jpg,https://tools.by/product/1707703
Пистолет пескоструйный с баком ASB-05C ECO,TIG-1,"27,67","Преимущества: | | ■ Пескоструйный пистолет позволяет очищать различные поверхности от нежелательных осадков, например, ржавчины или старой краски, для улучшения качества обрабатываемой поверхности путем удаления различных неровностей и заусениц. Так же способен полировать или матировать поверхности перед нанесением различных покрытий. | ■ Быстросъемное соединение ПАПА входит в комплект поставки. | ■ Забор песка происходит из емкости на самом пистолете. | | | | | | | | | | | Файлы | | | | | | | | | Производитель: | ECO GROUP HONG KONG LIMITED. UNIT 617, 6/F, 131-132 CONNAUGHT ROAD WEST, SOLO WORKSHOPS, HONG KONG, CHINA | | | Назначение: | Для бытовых ремонтных работ | | | Страна изготовления: | Китай | | | Импортер/Продавец: | ООО ""ТД Комплект"", РБ, г.Минск, ул. Кнорина,д.50,к.302 А | | | Штрихкод: | | 6921501776383 | | | | | Габариты ДxШxВ, см: | 27 x 19 x 11 | | | Вес с упаковкой, кг: | 0.75 | | | | | | | | | | | | | | | | | | ECO | Садовая и силовая техника",,https://content.tools.by/images/products/cb-2863025008/K0V/K0VY0RLwy7cPQ74V6Ka6ZnbMeFxhUx149mFiTiW1.jpg,https://tools.by/product/928810?slide=2
"Колесо надувн. 3.25-8"" (подшипн. ф35x20 мм, для оси 20x90мм)
                    (Подходит к тачкам: WB152-2, WB153-2, WB201-2)",WB-P124,"52,20","Производитель: | ECO GROUP HONG KONG LIMITED, UNIT 617, 6/F, 131-132 CONNAUGHT ROAD WEST, SOLO WORKSHOPS, HONG KONG | | | Назначение: | | | | Страна изготовления: | Китай | | | Импортер/Продавец: | ООО ""ТД Комплект"", РБ, г.Минск, ул. Кнорина,д.50,к.302 А | | | Штрихкод: | | 8212107214798 | | | | | Габариты ДxШxВ, см: | 0.5 x 37 x 37 | | | Вес с упаковкой, кг: | 1.9 | | | | | | | | | | | | | | | | | | ECO | Садовая и силовая техника",,https://content.tools.by/images/products/cb-4250202775/l9S/l9S7LyAkXYEI1bktDNJHadK3BgtH6md2sjiLO8pL.jpg,https://tools.by/product/997107
"Шина 40 см 16"" 3/8"" LP 1.3 мм 9 зуб. MULTI SHARP ECO
                    (57 звеньев (56 звеньев))",165245-8,"43,78","Производитель: | ECO GROUP HONG KONG LIMITED. UNIT 617, 6/F, 131-132 CONNAUGHT ROAD WEST, SOLO WORKSHOPS, HONG KONG, CHINA | | | Назначение: | Садово-парковое назначение | | | Страна изготовления: | Китай | | | Импортер/Продавец: | ООО ""ТД Комплект"", РБ, г.Минск, ул. Кнорина,д.50,к.302 А | | | Штрихкод: | | 8210803861100 | | | | | Габариты ДxШxВ, см: | 40 x 7 x 1 | | | Вес с упаковкой, кг: | 0.66 | | | | | | | | | | | | | | | | | | ECO | Садовая и силовая техника | | | | | | | | | Описание: | Совместимые пилы: | | ECO CSP-166, CSP-153, CSP-164, CSP-165, CSE-200 | | OLEO-MAC EP100 Pole Pruner, E1500, 931, 932, 937, GS35, GS350; | | BOSCH 1586.7, 1586.8, AKE30B, AKE30LI, AKE35B, AKE40B, GKE35BC, GKE40BC, PKE25, PKE30B, PKE35B, PKE40, AKE35-19PRO, 40-19PRO | | MAKITA UC250DWB, DCS330S, DCS350, DCS3501, DCS390, UC3501, UC3520A, BUC250RDE, BUC122RFE,UC4020A, DCS400, DCS380, DCS300, DCS3410TH, DCS232T, UC3030A, DCS340, DCS341, DCS401, DCS4610, UC3530AK, UC4530A, EA3201, EA3500F35B, EA3500F40B, UC3000, UC3500, UC4000, UC3000, UC3500, UC4000, UC4030AK, EA3201, EA3500F35B, EA3500F40B, 5012, 5014, 5016; | ALKO E1200, 1400E, 1500E, 2000, 2300, E125, 25A, KS, KSB, KE4000, KE3500 VARIO; | | SHINDAIWA SDK ISEKI A090B, A100C, A102, A103, A104P, A105B, 269TS, 320TS, 358TS, A107, A110, A110P, A113, A113L, A113P, A117P, 120, 140, A150B, 150E, 160, A180, 285S, 300S, 305, 340, 345, 346, 350, 352, 352S, 355, 357, 360, EYB120, EYB150, EYB180, YB291, YB301, YB391, YB395, YB401, YB491; SKIL 1620U, 1634U, 1636U; SOLO 613; | | DOLMAR ES-152A, ES-162A, ES172A, PS-34, PS3410, PS350, PS-3300TH, PS-330, PS-340, PS34, PS45, PS3410, PS41, PS-341, PS-344, PS-400, ES41, PS390, ES40, ES6, PS-401, PS-33, 100, 102, 103, 105, 108, ES37, CS2040, 101, 104, 106, ES152, ES172, ES151, ES140, 275, ES30, ES2035, ES162, ES3, ES160, 285, ES161, ES2040, ES2035, ES153, ES183, ES173, ES163; | | ECHO CS-285EVL, CS-290EVL, CS-27WES, CS-310ES, CS-352ES, CS-300EVL, CS-280E, CS-301, CS-260TTES, CS305, CS341, CS346,CS-320TTES, CS-350TTES, CS360TES, CS-352ES, CS-302, CS-315, ECS150, ECS1850FT, CS-320EVL, CS-328, CS-340, CS-345, CS351, CS-330EVL, CS-360EVL, CS370, E155, CS-2800, CS-2900, S2000, CS3000, CS3050, CCS3400, CS3450, CS4400, ECS150, ECS1850FT, S2600, CS3000, CS3400, C2700, CS3050, CS3500, CS350; | | HOMELITE 20AV, 23AV, 27, 3300, 3350, 3550, 3800, 3335, 3850, 4500, 4550, PS33, RANGER, 3314, 3316, 3300, CS40, TIMBERMAN, UT10901, UT10926, UT10974; | | PARTNER P4-18, P4-20, 20X, P33XT, 330, 335, 340, 345, 350, 351, 360, 365, 370, 385, P390, 391, 395, 405, P420, P738, P842, MT39, MT40; | | POULAN 1800, 2000, 2300AV, 2300CVA, 25A, P3314, P3314WS, PLN1514, 1420, 1630, MICRO25, S25CVA, S25D, S25DA, P600, P3416, P4018WT, PLN3516F, ES350; | | RYOBI PCN 3335 APR02; | | SHINDAIWA SDK ISEKI A090B, A100C, A102, A103, A104P, A105B, 269TS, 320TS, 358TS, A107, A110, A110P, A113, A113L, A113P, A117P, 120, 140, A150B, 150E, 160, A180, 285S, 300S, 305, 340, 345, 346, 350, 352, 352S, 355, 357, 360, EYB120, EYB150, EYB180, YB291, YB301, YB391, YB395, YB401, YB491; SKIL 1620U, 1634U, 1636U; | SOLO 613;",,https://content.tools.by/images/products/cv-0244385809/Vwc/Vwcjqs3hfNAxGCw7tn0R6ZOLbnyNpNmZq8EiffLR.jpg,https://tools.by/product/1035544
"Фильтр воздушный для газонокосилки ECX2011-9 ECO
                    (в блистере; для LG-434, LG-435, LG-533, LG-534*, LG-634*, LG-645 E, LG-810*)",ECX2012-0,"17,90","Производитель: | ECO GROUP HONG KONG LIMITED, UNIT 617, 6/F, 131-132 CONNAUGHT ROAD WEST, SOLO WORKSHOPS, HONG KONG | | | Назначение: | | | | Страна изготовления: | Китай | | | Импортер/Продавец: | ООО ""ТД Комплект"", РБ, г.Минск, ул. Кнорина,д.50,к.302 А | | | Штрихкод: | | 6977125199657 | | | | | Габариты ДxШxВ, см: | 1 x 1 x 1 | | | Вес с упаковкой, кг: | 0.24 | | | | | | | | | | | | | | | | | | ECO | Садовая и силовая техника | | | | | | | | | Описание: | Сменный фильтр для колесных газонокосилок ECO. | Упакован в блистер с подвесом. | *- модели от 2024 года и более поздние, с двигателем МХ150",,https://content.tools.by/images/products/cz-0173123604/vV0/vV0pCYB8kewUIh4OnVHCiAaANCz5JLB3RT2t8jA3.jpg,https://tools.by/product/1703174
"Краскораспылитель ECO SG-1000 (HVLP, сопло ф 2.5 мм, верх. бак 600 мл)",EC1530-10,"33,00","Преимущества: | | ■ верхний пластиковый бак 600 мл | ■ регулировка подачи материала | ■ сопло 2.5 мм | ■ легкий вес | ■ быстросъемное соединение | | | | | | | | | | | Файлы | | | | | | | | | Производитель: | ECO GROUP HONG KONG LIMITED, UNIT 617, 6/F, 131-132 CONNAUGHT ROAD WEST, SOLO WORKSHOPS, HONG KONG | | | Назначение: | | | | Страна изготовления: | Китай | | | Импортер/Продавец: | ООО ""ТД Комплект"", РБ, г.Минск, ул. Кнорина,д.50,к.302 А | | | Штрихкод: | | 8212107216709 | | | | | Габариты ДxШxВ, см: | 20 x 15 x 11 | | | Вес с упаковкой, кг: | 0.549 | | | | | | | | | | | | | | | | | | ECO | Садовая и силовая техника | | | | | | | | | Описание: | Базовый универсальный краскораспылитель типа HVLP, подойдёт для выполнения широкого ряда бытовых покрасочных работ. | | Достоинства HVLP (High Volume Low Pressure - высокий объем, низкое давление): | - высокая экономия материалов. | - практически отсутствие опыла. | - нет завихрений - нет мусора.",,https://content.tools.by/images/products/cv-0010620720/ASF/ASFyhcky925qbLevEja67UQLovfIFwHDiSvPzRHb.jpg,https://tools.by/product/1027490
"Прессостат одноходовой для компрессора ECO
                    (Резьба - 1/4"" - 1шт, Давление ВКЛ - 6 бар, Давление ОТКЛ - 8 бар)",AES-7R,"25,20","Производитель: | ECO GROUP HONG KONG LIMITED, UNIT 617, 6/F, 131-132 CONNAUGHT ROAD WEST, SOLO WORKSHOPS, HONG KONG | | | Назначение: | Запасные части | | | Страна изготовления: | Китай | | | Импортер/Продавец: | ООО ""ТД Комплект"", РБ, г.Минск, ул. Кнорина,д.50,к.302 А | | | Штрихкод: | | 6920904821478 | | | | | Габариты ДxШxВ, см: | 13.4 x 10.7 x 8.9 | | | Вес с упаковкой, кг: | 0.357 | | | | | | | | | | | | | | | | | | ECO | Садовая и силовая техника | | | | | | | | | Описание: | Подходит к компрессорам с прямым приводом: | ECO AE 501; | ECO AE 502; | | Подходит к компрессорам с ременным приводом: | ECO AE 702;",,https://content.tools.by/images/products/cb-0022825365/vlP/vlPmzJgt07uYPGoMYh8spjGY8QBaamz4VneJf8bE.jpg,https://tools.by/product/919061
Защитный кожух в сборе под скобу ECO GTP-X027,GTP-ST38/55-037,"2,59","Производитель: | ECO GROUP HONG KONG LIMITED. UNIT 617, 6/F, 131-132 CONNAUGHT ROAD WEST, SOLO WORKSHOPS, HONG KONG | | | Назначение: | Садово-парковое назначение | | | Страна изготовления: | Китай | | | Импортер/Продавец: | ООО ""ТД Комплект"", РБ, г.Минск, ул. Кнорина,д.50,к.302 А | | | Штрихкод: | | 6921210725429 | | | | | Габариты ДxШxВ, см: | 39 x 20 x 10 | | | Вес с упаковкой, кг: | 0.379 | | | | | | | | | | | | | | | | | | ECO | Садовая и силовая техника | | | | | | | | | Описание: | | Совместимость: | | Для моделей ECO GTP-145F, GTP-145N, GTP-145R, GTP-185F, GTP-185K, GTP-185N, GTP-185R, GTP-187F, GTP-189F, GTP-215, GTP-215S, GTP-250, GTP-250S, GTP-251 | Для моделей DGM BC-210, BC-210S, BC-240, BC-241, BC-241S | | Подходит ко многим мотокосам: ECO, DGM, GUNTER, SKIPER, DARC, MIKKELI, PATRIOT, DENZEL, CRAFTOP, LIDER, NIKKEY, PROKRAFT, MATRIX, WATT, CATMANN, GARDEN LINE, ELAND KASEI, ZIGZAG, DOLFIN, SOLO, GRASSHOPER, EUROTEK, PARK, DEMON, STERN, EXTEL, BIZON, MEGA, PROLAND, DOLMAR, MAGNUM, SKIPER, STURM и др. | | | | | Комплектация: | | + Кожух, комплект крепежа;",,https://content.tools.by/images/products/cb-0802593792/cNW/cNWOCgJiXT6Z5Xhk0SyVnIARlCw3AM5yUh1kY5Cy.jpg,https://tools.by/product/995840
Карбюратор ECO ST400/450/480,GTP-ST120/250-025,"108,00","Производитель: | ECO GROUP HONG KONG LIMITED, UNIT 617, 6/F, 131-132 CONNAUGHT ROAD WEST, SOLO WORKSHOPS, HONG KONG | | | Назначение: | Запасные части | | | Страна изготовления: | Китай | | | Импортер/Продавец: | ООО ""ТД Комплект"", РБ, г.Минск, ул. Кнорина,д.50,к.302 А | | | Штрихкод: | | 8210803862985 | | | | | Габариты ДxШxВ, см: | 20 x 5 x 5 | | | Вес с упаковкой, кг: | 0.124 | | | | | | | | | | | | | | | | | | ECO | Садовая и силовая техника | | | | | | | | | Описание: | Совместимость: | для мотокос STIHL FS400450 | | | | | Комплектация: | | + карбюратор - 1шт;",,https://content.tools.by/images/products/ce-1029215475/j9I/j9IMkfvL6i9uR7wPKvqcASruMFd5mK52uwim3VWW.jpg,https://tools.by/product/1647907
"Насос погружной для загрязненной воды ECO DP-601, 600 Вт
                    (600 Вт, 10500 л/ч, 7 м)",EC4215-1,"180,00","Преимущества: | | ■ Асинхронный двигатель с защитой от перегрузок. | ■ Автоматическое включениевыключение при помощи поплавкового выключателя. | ■ Лопасти крыльчатки из технополимера разработаны специально для загрязненной воды. | ■ Клапана деаэрации автоматически развоздушивают полость насоса. | | | | | | | | | | | Файлы | | | | | | | | | Производитель: | ECO GROUP HONG KONG LIMITED, UNIT 617, 6/F, 131-132 CONNAUGHT ROAD WEST, SOLO WORKSHOPS, HONG KONG | | | Назначение: | Для хозяйственных нужд | | | Страна изготовления: | Китай | | | Импортер/Продавец: | ООО ""ТД Комплект"", РБ, г.Минск, ул. Кнорина,д.50,к.302 А | | | Штрихкод: | | 8212107214804 | | | | | Габариты ДxШxВ, см: | 22 x 16 x 34 | | | Вес с упаковкой, кг: | 4.41 | | | | | | | | | | | | | | | | | | ECO | Садовая и силовая техника | | | | | | | | | Описание: | В комплект входит универсальный патрубок с угловым коленом.",,https://content.tools.by/images/products/cb-0057396834/Q8k/Q8kzfETwavJjqMEcCDe6jI4bIbOVMyTd3Np9fT74.jpg,https://tools.by/product/997482
Подшипник для тачек ECO ф35x16 мм,WB-P122,"34,20","Производитель: | ECO GROUP HONG KONG LIMITED, UNIT 617, 6/F, 131-132 CONNAUGHT ROAD WEST, SOLO WORKSHOPS, HONG KONG | | | Назначение: | Для хозяйственных нужд | | | Страна изготовления: | Китай | | | Импортер/Продавец: | ООО ""ТД Комплект"", РБ, г.Минск, ул. Кнорина,д.50,к.302 А | | | Штрихкод: | | 8212107214743 | | | | | Габариты ДxШxВ, см: | 3.5 x 3.5 x 1.6 | | | Вес с упаковкой, кг: | 0.047 | | | | | | | | | | | | | | | | | | ECO | Садовая и силовая техника | | | | | | | | | Описание: | Подходит к тачкам: | WB4024-1; WB6203-1; WB6204; WB6418; WB6203-1; WB6404-2; WB6820-2HD; WB150-1; WB140-1; WB141-1;",,https://content.tools.by/images/products/cb-1544800950/R6F/R6FmUOYcslrWpkjCG0P4fhu2hc4q6ECmAaudkAWd.jpg,https://tools.by/product/914297
"Аэратор/скарификатор бензиновый ECO SCG-400
                    (7.0 л.с., шир. 40 см,, 8 уровней, ручной привод, колеса 7"", травосборник 45 л)",652024750,"67,19","Преимущества: | | ■ Два сменных инструмента: для скарификации и аэрации | ■ Бензиновый двигатель 7.0 л.с. ECO RX210 | ■ Стальная дека | ■ Установка глубинывысоты обработки 8 уровней | ■ Колеса 7"" с подшипниками | ■ Травосборник 45 л | | | | | | | | | | | Файлы | | | | | | | | | Производитель: | ECO GROUP HONG KONG LIMITED. UNIT 617, 6/F, 131-132 CONNAUGHT ROAD WEST, SOLO WORKSHOPS, HONG KONG, CHINA | | | Назначение: | Садово-парковое назначение | | | Страна изготовления: | Китай | | | Импортер/Продавец: | ООО ""ТД Комплект"", РБ, г.Минск, ул. Кнорина,д.50,к.302 А | | | Штрихкод: | | 8213112892490 | | | | | Габариты ДxШxВ, см: | 62 x 58 x 66 | | | Вес с упаковкой, кг: | 39.6 | | | | | | | | | | | | | | | | | | ECO | Садовая и силовая техника | | | | | | | | | Комплектация: | | + Аэратор/скарификатор бензиновый; | + - Свечной ключ; | + - Вал для скарификации; | + - Вал для аэрации; | + - Руководство по эксплуатации;",,https://content.tools.by/images/products/cd-0020346568/eSv/eSvZx0UMbclgeizLj7uMSGGKeiXCd2N69j5tzsT1.jpg,https://tools.by/product/1635883?slide=2
"Очиститель высокого давления ECO HPW-1770
                    (2.40 кВт, 170 бар, 510 л/ч, самовсасывание, телескоп. ручка, активный пеногенератор)",HPW1723RS001,"489,00","Преимущества: | | ■ Алюминиевый корпус насоса высокого давления | ■ Функция самовсасывания позволяет использовать очиститель без подключения к водопроводу | ■ В комплекте активный пеногенератор с регулировками для максимально эффективного распыления моющей пены | ■ Веерная и грязевая форсунки в комплекте | ■ Дополнительно ECO-фреза для экономии расхода воды | ■ Шланг с быстросъемными соединениями | ■ Телескопическая ручка и ручка-бампер для удобства транспортировки | ■ Органайзер для комплектующих на корпусе | ■ Фильтр тонкой очистки в комплекте | | | | | | | | | | | Файлы | | | | | | | | | Производитель: | ECO GROUP HONG KONG LIMITED, UNIT 617, 6/F, 131-132 CONNAUGHT ROAD WEST, SOLO WORKSHOPS, HONG KONG | | | Назначение: | Для удаления загрязнений | | | Страна изготовления: | Китай | | | Импортер/Продавец: | ООО ""ТД Комплект"", РБ, г.Минск, ул. Кнорина,д.50,к.302 А | | | Штрихкод: | | 8213112891356 | | | | | Габариты ДxШxВ, см: | 38 x 30 x 57 | | | Вес с упаковкой, кг: | 11.414 | | | | | | | | | | | | | | | | | | ECO | Садовая и силовая техника | | | | | | | | | Комплектация: | | + Очиститель высокого давления; | + Шланг высоконапорный - 8 м; | + Пистолет; | + Удлинительная насадка; | + Грязевая фреза; | + Веерная фреза; | + ECO-фреза; | + Активный пеногенератор с регулировками; | + Фильтр тонкой очистки;",,https://content.tools.by/images/products/cv-1100807424/yby/ybyON9m8rJUXrBJrCY95XIhq0KZiA5hzR87nCB0T.jpg,https://tools.by/product/1038921
"Нож для газонокосилки 51 см ECO
                    (в блистере; для LG-733, LG-734, LG-735, LG-810)",UBS-21-530,"40,69","Производитель: | ECO GROUP HONG KONG LIMITED, UNIT 617, 6/F, 131-132 CONNAUGHT ROAD WEST, SOLO WORKSHOPS, HONG KONG | | | Назначение: | Садово-парковое назначение | | | Страна изготовления: | Китай | | | Импортер/Продавец: | ООО ""ТД Комплект"", РБ, г.Минск, ул. Кнорина,д.50,к.302 А | | | Штрихкод: | | 8213112891752 | | | | | Габариты ДxШxВ, см: | 60 x 9.5 x 3 | | | Вес с упаковкой, кг: | 0.9 | | | | | | | | | | | | | | | | | | ECO | Садовая и силовая техника | | | | | | | | | Описание: | Сменный нож-лезвие для колесных газонокосилок ECO. | Упакован в блистер с подвесом. | Технические параметры: | Длина: 51 см;",,https://content.tools.by/images/products/cv-4862544379/0Su/0SuD3xPV8cnzdnVLl93aaZiRD4VylF6XLp7CpK9q.jpg,https://tools.by/product/1562562
"Компрессорная голова ECO AEP-40-600
                    (600 л/мин; 3,3 - 4 кВт; 10 бар)",AEP-22-380,"385,00","Файлы | | | | | | | | | Производитель: | ECO GROUP HONG KONG LIMITED, UNIT 617, 6/F, 131-132 CONNAUGHT ROAD WEST, SOLO WORKSHOPS, HONG KONG | | | Назначение: | Запасные части | | | Страна изготовления: | Китай | | | Импортер/Продавец: | ООО ""ТД Комплект"", РБ, г.Минск, ул. Кнорина,д.50,к.302 А | | | Штрихкод: | | 8212107214507 | | | | | Габариты ДxШxВ, см: | 56 x 33 x 48 | | | Вес с упаковкой, кг: | 32 | | | | | | | | | | | | | | | | | | ECO | Садовая и силовая техника | | | | | | | | | Описание: | Компрессорная голова с ременным приводом. | Шкив на два ремня с профилем B. | Для работы необходим двигатель с мощностью - 3,3 - 4 кВт. | | Внимание! В картере могут находиться остатки масла. Это связано с тем, что 100% устройств запускается на производстве после сборки для проверки на работоспособность. | | | | | Комплектация: | | + В комплекте идут два воздушных фильтра.",,https://content.tools.by/images/products/cb-6027170688/Frb/FrbflVmHGiQzWC6m0wWOzPHVmNJfHUUsjVmZc78K.jpg,https://tools.by/product/991163
"Головка триммерная ECO GTP-TC60S полуавт., блистер
                    (,ф160 мм, лев. резьба М10х1.25 ""мама"" + М10х1.0 ""мама"" + М12х1.5 ""мама"")",63120021,"414,82","Преимущества: | | ■ Полуавтоматический выпуск лески (при ударе о землю в процессе работы) | ■ Высокопрочный пластиковый корпус | ■ Левая резьба M10*1,25 ""мама"" + М10*1,0 ""мама"" + М12*1,5 ""мама"" | ■ Триммерная леска 1,6-3,0 мм | | | | | | | | | | | | | Производитель: | ECO GROUP HONG KONG LIMITED UNIT 617, 6/F, 131-132 CONNAUGHT ROAD WEST, SOLO WORKSHOPS, HONG KONG | | | Назначение: | | | | Страна изготовления: | Китай | | | Импортер/Продавец: | ООО ""ТД Комплект"", РБ, г.Минск, ул. Кнорина,д.50,к.302 А | | | Штрихкод: | | 8210803861926 | | | | | Габариты ДxШxВ, см: | 12 x 12 x 7.5 | | | Вес с упаковкой, кг: | 0.822 | | | | | | | | | | | | | | | | | | ECO | Садовая и силовая техника | | | | | | | | | Описание: | Поставляется в блистерной упаковке | | Подходит для мотокос: | ЕСО GTP-90H, GTP-145H, GTP-185H, GTP-145C, GTP-185C; GTP-143F, GTP-145F, GTP-183F, GTP-185F, GTP-187F, GTP-189F, GTP-145B, GTP-185B, GTP-145N, GTP-185N, GTP-185R; | GUNTER MSG-190, MSG-191, MSG-192; | DGM BC-180, BC-210, BC-240, BC-241; | | Подходит на большинство мотокос китайского производства с прямой штангой и редуктором. Не подходит на мотокосы с изогнутым валом без редуктора. Для 100% совместимости необходимо убедиться в соответствии резьбы (На редукторе должна быть Левая резьба М10?1,25 мм / М10?1,0 мм / М12?1,5 мм)",,https://content.tools.by/images/products/cd-0298024760/wfy/wfy076FcKRqERyh3S8N3X8Hnis9fo8vsWNLRuJKb.jpg,https://tools.by/product/1632344
Блок автоматики ECO PE-ATS уцененный (0267894412),,,"Производитель: | ECO GROUP HONG KONG LIMITED, UNIT 617, 6/F, 131-132 CONNAUGHT ROAD WEST, SOLO WORKSHOPS, HONG KONG | | | Назначение: | | | | Страна изготовления: | Китай | | | Импортер/Продавец: | ООО ""ТД Комплект"", РБ, г.Минск, ул. Кнорина,д.50,к.302 А | | | Габариты ДxШxВ, см: | 40 x 34 x 21 | | | Вес с упаковкой, кг: | 6 | | | | | | | | | | | | | | | | | | ECO | Садовая и силовая техника | | | | | | | | | Описание: | Механическое повреждение упаковки. | Механическое повреждение корпуса.",,https://content.tools.by/images/products/ci-0267894412/qAD/qAD5ip7lcx02p14qAXyRaLd1TGMaMB1qybTgmukJ.jpg,https://tools.by/product/1757190
"Бетоносмеситель ECO CM-71 уцененный (0285380730)
                    (объем 70/50 л, 380 Вт, 230 В, вес 26 кг)",DG1541-4-у,"683,96","Производитель: | ECO GROUP HONG KONG LIMITED, UNIT 617, 6/F, 131-132 CONNAUGHT ROAD WEST, SOLO WORKSHOPS, HONG KONG | | | Назначение: | Для общестроительных работ | | | Страна изготовления: | Китай | | | Импортер/Продавец: | ООО ""ТД Комплект"", РБ, г.Минск, ул. Кнорина,д.50,к.302 А | | | Габариты ДxШxВ, см: | 70 x 58 x 32 | | | Вес с упаковкой, кг: | 29.8 | | | | | | | | | | | | | | | | | | ECO | Садовая и силовая техника | | | | | | | | | Описание: | Механическое повреждение упаковки.",,https://content.tools.by/images/products/cz-0285380730/UHe/UHe5TDgostPS2TYLOsT6YVxBnOjr9mGQUqt0UIpl.jpg,https://tools.by/product/1754207
"Цепь 40 см 16"" 3/8"" LP 1.3 мм 55 зв. 38LTA (в блистере) ECO",N1C-053E,"22,63","Файлы | | | | | | | | | Производитель: | ECO GROUP HONG KONG LIMITED. UNIT 617, 6/F, 131-132 CONNAUGHT ROAD WEST, SOLO WORKSHOPS, HONG KONG | | | Назначение: | Садово-парковое назначение | | | Страна изготовления: | Китай | | | Импортер/Продавец: | ООО ""ТД Комплект"", РБ, г.Минск, ул. Кнорина,д.50,к.302 А | | | Штрихкод: | | 8210803862039 | | | | | Габариты ДxШxВ, см: | 16.8 x 9 x 2.5 | | | Вес с упаковкой, кг: | 0.198 | | | | | | | | | | | | | | | | | | ECO | Садовая и силовая техника | | | | | | | | | Описание: | Пильные цепи ECO Multli Sharp со слабой отдачей и специальной системой смазки Oilotec system для увеличения срока службы - оптимальный выбор режущей оснастки для Вашей бензопилы. Режущий зуб выполнен из качественной стали. | | аналог цепи OREGON - Q91VG055E. | Упаковка: блистер с подвесом",,https://content.tools.by/images/products/cd-0152731040/yfh/yfheq6pMmtf7DQyegT3rrBmEgH1zDcbhCfwlAS1P.jpg,https://tools.by/product/1634925
"Защитный кожух в сборе ECO GTP-X002
                    (Кронштейн и нож-отсекатель в комплекте.)",GTP-ST120/250-039,"70,87","Производитель: | ECO GROUP HONG KONG LIMITED. UNIT 617, 6/F, 131-132 CONNAUGHT ROAD WEST, SOLO WORKSHOPS, HONG KONG | | | Назначение: | Садово-парковое назначение | | | Страна изготовления: | Китай | | | Импортер/Продавец: | ООО ""ТД Комплект"", РБ, г.Минск, ул. Кнорина,д.50,к.302 А | | | Штрихкод: | | 6920904821713 | | | | | Габариты ДxШxВ, см: | 39 x 20 x 10 | | | Вес с упаковкой, кг: | 0.457 | | | | | | | | | | | | | | | | | | ECO | Садовая и силовая техника | | | | | | | | | Описание: | | Совместимость: | | Подходит ко многим мотокосам: ECO, DGM, CRAFTOP, LIDER, NIKKEY, PROKRAFT, MATRIX, WATT, CATMANN, GARDEN LINE, ELAND KASEI, ZIGZAG, DOLFIN, SOLO, GRASSHOPER, EUROTEK, PARK, DEMON, STERN, EXTEL, BIZON, MEGA, PROLAND, DOLMAR, MAGNUM, SKIPER, STURM и др. | | | | | Комплектация: | | + Кожух, кронштейн, нож-отсекатель, комплект крепежа;",,https://content.tools.by/images/products/cb-1866884192/NuF/NuFpFcxsZqhUtwiKyAtzZXGrZgGdBo28WXUGM66K.jpg,https://tools.by/product/923487
"Шина 35 см 14"" 3/8"" LP 1.3 мм 9 зуб. MULTI SHARP ECO",191H20-4,"36,96","Производитель: | ECO GROUP HONG KONG LIMITED. UNIT 617, 6/F, 131-132 CONNAUGHT ROAD WEST, SOLO WORKSHOPS, HONG KONG | | | Назначение: | Садово-парковое назначение | | | Страна изготовления: | Китай | | | Импортер/Продавец: | ООО ""ТД Комплект"", РБ, г.Минск, ул. Кнорина,д.50,к.302 А | | | Штрихкод: | | 8210803861131 | | | | | Габариты ДxШxВ, см: | 36 x 10 x 1 | | | Вес с упаковкой, кг: | 0.585 | | | | | | | | | | | | | | | | | | ECO | Садовая и силовая техника | | | | | | | | | Описание: | | Совместимые пилы: | | STIHL MS180, 181, 211, 230, 241, 250 и с аналогичными пилами с типом хвостовика: А074 (аналог OREGON 140SDEA074)",,https://content.tools.by/images/products/cv-0077818125/bz9/bz98S8VmEcdO8CWmjJtvmfuDnZqGHmZMXnrukvi3.jpg,https://tools.by/product/1044926
Барабан сцепления ECO HU365,CSP-HU236/240-006,"90,00","Производитель: | ECO GROUP HONG KONG LIMITED, UNIT 617, 6/F, 131-132 CONNAUGHT ROAD WEST, SOLO WORKSHOPS, HONG KONG | | | Назначение: | Запасные части | | | Страна изготовления: | Китай | | | Импортер/Продавец: | ООО ""ТД Комплект"", РБ, г.Минск, ул. Кнорина,д.50,к.302 А | | | Штрихкод: | | 8210803862459 | | | | | Габариты ДxШxВ, см: | 5 x 5 x 3 | | | Вес с упаковкой, кг: | 0.196 | | | | | | | | | | | | | | | | | | ECO | Садовая и силовая техника | | | | | | | | | Описание: | Совместимость: | для бензопил Husqvarna 365 | | | | | Комплектация: | | + барабан сцепления - 1шт, звёздочка - 1шт, игольчатый подшипник - 1шт ;",,https://content.tools.by/images/products/ce-0000097336/M2o/M2oDESzTgeMRPnyh5ddHxXMf247bytjq4dIJBlh1.jpg,https://tools.by/product/1647853
"Пневмостеплер ECO ASL-50N
                    (гвозди/скобы 18GA; 4-7 бар; 0.8 л/удар; гвоздь 50 мм макс; скоба 40 мм макс; магазин 100 шт)",ASL-X0012,"13,50","Преимущества: | | ■ 2-в-1: гвозди и скобы типа 18GA | ■ Регулятор глубины забивания | ■ Дефлектор отвода воздуха | ■ Предохранитель | ■ Смотровое окошко | ■ Нескользящая резиновая ручка | ■ Алюминиевый корпус | ■ Удобный чемодан для хранения и транспортировки | | | | | | | | | | | Файлы | | | | | | | | | Производитель: | ECO GROUP HONG KONG LIMITED, UNIT 617, 6/F, 131-132 CONNAUGHT ROAD WEST, SOLO WORKSHOPS, HONG KONG | | | Назначение: | | | | Страна изготовления: | Китай | | | Импортер/Продавец: | ООО ""ТД Комплект"", РБ, г.Минск, ул. Кнорина,д.50,к.302 А | | | Штрихкод: | | 8212107216082 | | | | | Габариты ДxШxВ, см: | 31.2 x 7.3 x 28.3 | | | Вес с упаковкой, кг: | 2.328 | | | | | | | | | | | | | | | | | | ECO | Садовая и силовая техника",,https://content.tools.by/images/products/cb-0253109610/V9T/V9T9VJXlih2JKtoV6O2oNWFXMLryH7WK06tKNCMs.jpg,https://tools.by/product/998936?slide=2
"Шланг полиэт. спиральный ф 6,5/10 мм с быстросъемн. соед. ECO (длина 15 м)
                    (толщ.стенки: 2 мм)",00000749-50,"192,70","Производитель: | ECO GROUP HONG KONG LIMITED. UNIT 617, 6/F, 131-132 CONNAUGHT ROAD WEST, SOLO WORKSHOPS, HONG KONG, CHINA | | | Назначение: | | | | Страна изготовления: | Китай | | | Импортер/Продавец: | ООО ""ТД Комплект"", РБ, г.Минск, ул. Кнорина,д.50,к.302 А | | | Штрихкод: | | 8212107216686 | | | | | Габариты ДxШxВ, см: | 72 x 7.5 x 7.5 | | | Вес с упаковкой, кг: | 0.68 | | | | | | | | | | | | | | | | | | ECO | Садовая и силовая техника | | | | | | | | | Описание: | Оконечники: Соединение быстросъемное ПАПА Соединение быстросъемное МАМА",,https://content.tools.by/images/products/cv-1620179400/UF1/UF1OwmwhM2JiquCJvWHJjYqqZt9Rhm4Mz3jVWc1j.jpg,https://tools.by/product/1027477
Ремень д/мотокосы двухплечный ECO GTP-B25,GTP-B27,"43,01","Преимущества: | | ■ Регулировка по росту | ■ Карабин с функцией быстрого снятия мотокосы | ■ Большая набедренная накладка | ■ Плечевые накладки с поролоновыми вставками | | | | | | | | | | | | | Производитель: | ECO GROUP HONG KONG LIMITED. UNIT 617, 6/F, 131-132 CONNAUGHT ROAD WEST, SOLO WORKSHOPS, HONG KONG | | | Назначение: | Садово-парковое назначение | | | Страна изготовления: | Китай | | | Импортер/Продавец: | ООО ""ТД Комплект"", РБ, г.Минск, ул. Кнорина,д.50,к.302 А | | | Штрихкод: | | 6923112892254 | | | | | Габариты ДxШxВ, см: | 31 x 23 x 8 | | | Вес с упаковкой, кг: | 0.559 | | | | | | | | | | | | | | | | | | ECO | Садовая и силовая техника | | | | | | | | | Описание: | Особенности: | - Регулировка по росту; | - Карабин с функцией быстрого снятия мотокосы; | - Большая набедренная накладка. | - Плечевые накладки с поролоновыми вставками.",,https://content.tools.by/images/products/cb-1631497800/JNs/JNsJsmlVz82MZ89Xyy1aJWX2QsiLfuVzXzeOYy5f.jpg,https://tools.by/product/939421
"Соединение быстросъем. МАМА х нар. резьба 3/8"" (латунь) ECO",AB-FT14/E10,"4,61","Производитель: | ECO GROUP HONG KONG LIMITED, UNIT 617, 6/F, 131-132 CONNAUGHT ROAD WEST, SOLO WORKSHOPS, HONG KONG | | | Назначение: | Для обеспечения шланговых соединений | | | Страна изготовления: | Китай | | | Импортер/Продавец: | ООО ""ТД Комплект"", РБ, г.Минск, ул. Кнорина,д.50,к.302 А | | | Штрихкод: | | 5291501778238 | | | | | Габариты ДxШxВ, см: | 9 x 7 x 2.2 | | | Вес с упаковкой, кг: | 0.076 | | | | | | | | | | | | | | | | | | ECO | Садовая и силовая техника | | | | | | | | | Описание: | Соединение МАМА Европейского универсального типа (Euro universal type), подходит для быстросъемных соединений ПАПА следующих типов: США тип (USA type), Немецкий тип (Germany type), Орион тип (Orion type), Итальянский тип (Italian type). | Механизм замка - 6-ти шариковый | Латунный корпус исключает возможность появления коррозии.",,https://content.tools.by/images/products/cb-0081932693/7Uu/7UuM0rJhxWP6SIQf5M5Uz6IPRqqxntXTpgRYldK1.jpg,https://tools.by/product/101383
"Насадка для триммера ECO GTP-TW10
                    (для прополки и рыхления почвы)",GTP-24T,"19,00","Производитель: | ECO GROUP HONG KONG LIMITED, UNIT 617, 6/F, 131-132 CONNAUGHT ROAD WEST, SOLO WORKSHOPS, HONG KONG | | | Назначение: | | | | Страна изготовления: | Китай | | | Импортер/Продавец: | ООО ""ТД Комплект"", РБ, г.Минск, ул. Кнорина,д.50,к.302 А | | | Штрихкод: | | 6979163405073 | | | | | Габариты ДxШxВ, см: | 1 x 1 x 1 | | | Вес с упаковкой, кг: | 0.22 | | | | | | | | | | | | | | | | | | ECO | Садовая и силовая техника | | | | | | | | | Описание: | Насадка предназначена для быстрого и эффективного удаления нежелательных растений и сорняков на приусадебном участке, прополки и рехления почвы | | | | | Комплектация: | | + Защитная крышка; | + Лезвие с 5 зубьями; | + Лезвие с 2 зубьями;",,https://content.tools.by/images/products/ci-1008000000/qXq/qXqE2Ly1WIwEAoVM7n6if08A2eDYT1emMGZldef6.jpg,https://tools.by/product/1751990
"Очиститель высокого давления ECO HPW-1825RSE
                    (2.50 кВт, 180 бар, 520 л/ч, режимы Soft / Medium / Hard; самовсасывание; барабан д/шланга с подключ.)",EC4910-3,"599,00","Преимущества: | | ■ Регулировка мощности (3 режима: Soft, Medium, Hard) | ■ Мощный двигатель и производительная помпа | ■ Режим самовсасывания | ■ Катушка для хранения высоконапорного шланга, который также позволяет использовать мойку не полностью разматывая шланг | ■ Вращающаяся щетка для механической очистки колесных дисков | ■ Фильтр тонкой очистки в комплекте | | | | | | | | | | | Файлы | | | | | | | | | Производитель: | ECO GROUP HONG KONG LIMITED, UNIT 617, 6/F, 131-132 CONNAUGHT ROAD WEST, SOLO WORKSHOPS, HONG KONG | | | Назначение: | Для удаления загрязнений | | | Страна изготовления: | Китай | | | Импортер/Продавец: | ООО ""ТД Комплект"", РБ, г.Минск, ул. Кнорина,д.50,к.302 А | | | Штрихкод: | | 8212107214330 | | | | | Габариты ДxШxВ, см: | 38 x 30 x 57 | | | Вес с упаковкой, кг: | 11.34 | | | | | | | | | | | | | | | | | | ECO | Садовая и силовая техника | | | | | | | | | Описание: | Уникальная запатентованная технология WPS - 3 режима работы электродвигателя: | Soft - 50% мощности для мойки садовой мебели, деревянных поверхностей, велосипедов и т.п.; | Medium - 75% мощности для мойки автомобилей, прицепов и т.п.; | Hard - 100% мощности для мойки стойких загрязнений, стен, шифера, садовых инструментов. | Технология позволяет снизить нагрузку на двигатель и помпу, увеличив ресурс, а также обеспечить экономию воды и электричества. | | | | | Комплектация: | | + Очиститель высокого давления - 1 шт.; | + Шланг высоконапорный 8 м - 1 шт.; | + Пистолет - 1 шт.; | + Удлинительная насадка - 1 шт.; | + Грязевая фреза - 1 шт.; | + Плоская фреза - 1 шт.; | + ECO-фреза для экономии воды - 1 шт.; | + Пеногенератор - 1 шт.; | + Щетка вращающаяся - 1 шт.; | + Фильтр тонкой очистки - 1 шт.; | + Руководство по эксплуатации - 1 шт.; | + Упаковка",,https://content.tools.by/images/products/cb-0186287880/Xsv/XsvCjusuOodBQZY4tyIMrpUXGzfjCJDWNJXQ4SCQ.jpg,https://tools.by/product/971818
"Компрессор ECO AE-705-B1 ременной
                    (380 л/мин, 8 атм, ременной, масляный, ресив. 70 л, 220 В, 2.20 кВт)",HD-A101,"1 620,00","Преимущества: | | ■ V-образное расположение поршней способствует улучшенному охлаждению | ■ Лопасти на маховике охлаждают гильзы цилиндров и масляный картер | ■ Увеличенный масляный картер, для лучшей смазки и отвода тепла от поршневой группы | ■ Тепловая защита двигателя | ■ Регулировка давления на выходе | ■ Два манометра | ■ Латунный обратный клапан. | ■ Чугунный коллектор. | ■ Компрессор поставляется заправленный маслом. | | | | | | | | | | | Файлы | | | | | | | | | Производитель: | SKIPFIRE LIMITED Romanou, 2, TLAIS TOWER, 6th floor, office 601, P.C.1070, Nicosia, Cyprus. Кипр | | | Назначение: | Для компрессии воздуха | | | Страна изготовления: | Китай | | | Импортер/Продавец: | ООО ""ТД Комплект"", РБ, г.Минск, ул. Кнорина,д.50,к.302 А | | | Штрихкод: | | 6923112894401 | | | | | Габариты ДxШxВ, см: | 93 x 39 x 77 | | | Вес с упаковкой, кг: | 63.88 | | | | | | | | | | | | | | | | | | ECO | Садовая и силовая техника | | | | | | | | | Комплектация: | | + Компрессор; | + Фильтр воздушный (2 шт); | + Колесо транспортировочное (4 шт); | + Комплект крепежа.",,https://content.tools.by/images/products/cb-0001084464/3Rf/3RfWV5uyecjRZJUPsliA2bEX3VLIDGX2IzS4vyLe.jpg,https://tools.by/product/983763
"Пистолет распылительный для очистителя высокого давления ECO
                    (для ECO HPW-1400; HPW-1600)",ECX2010-8,"32,00","Производитель: | ECO GROUP HONG KONG LIMITED. UNIT 617, 6/F, 131-132 CONNAUGHT ROAD WEST, SOLO WORKSHOPS, HONG KONG, CHINA | | | Назначение: | | | | Страна изготовления: | Китай | | | Импортер/Продавец: | ООО ""ТД Комплект"", РБ, г.Минск, ул. Кнорина,д.50,к.302 А | | | Штрихкод: | | 6976215886378 | | | | | Габариты ДxШxВ, см: | 44 x 17 x 3.5 | | | Вес с упаковкой, кг: | 0.361 | | | | | | | | | | | | | | | | | | ECO | Садовая и силовая техника",,https://content.tools.by/images/products/cz-0032142296/i46/i46AVS6ts3ndiN4layEmMjNrBNq6B9tuLZPVBCli.jpg,https://tools.by/product/1669132
"Цепь 45 см 18"" 3/8"" 1.6 мм 66 зв. 38TA (в пласт. боксе) ECO",191H03-4,"41,86","Файлы | | | | | | | | | Производитель: | ECO GROUP HONG KONG LIMITED UNIT 617, 6/F, 131-132 CONNAUGHT ROAD WEST, SOLO WORKSHOPS, HONG KONG | | | Назначение: | Садово-парковое назначение | | | Страна изготовления: | Китай | | | Импортер/Продавец: | ООО ""ТД Комплект"", РБ, г.Минск, ул. Кнорина,д.50,к.302 А | | | Штрихкод: | | 8210803861964 | | | | | Габариты ДxШxВ, см: | 13 x 9 x 3 | | | Вес с упаковкой, кг: | 0.371 | | | | | | | | | | | | | | | | | | ECO | Садовая и силовая техника | | | | | | | | | Описание: | Пильные цепи ECO Multli Sharp со слабой отдачей и специальной системой смазки Oilotec system для увеличения срока службы - оптимальный выбор режущей оснастки для Вашей бензопилы. Режущий зуб выполнен из качественной стали. | | аналог цепи OREGON - 75EXL066E. | | Упаковка: пластиковый бокс",,https://content.tools.by/images/products/cd-0025253498/4eI/4eIe2994dek7lpemu1PnUKkft7nwuRpvuXVmrkQv.jpg,https://tools.by/product/1632348
"Электростанция 3-х фазная (генератор бензиновый) ECO PE-8501S3
                    (6,5/2,1 кВт, 380/220 В, бак 25.0 л, вес 74.1 кг)",PE-9001ES,"1 908,00","Преимущества: | | ■ 5-pin розетка 380 В для силового оборудования | ■ Максимальная мощность двигателя 15 л.с. | ■ Чугунная гильза, увеличивающая моторесурс двигателя | ■ Медная обмотка альтернатора | ■ Блок AVR для стабильного напряжения | ■ Розетка 230 В (2.1 кВт) | ■ Розетка 12 В для зарядки АКБ | ■ Защита от перегрузок | ■ Защита от низкого уровня масла | ■ Топливный датчик | ■ Вольтметр. | | | | | | | | | | | Файлы | | | | | | | | | Производитель: | ECO GROUP HONG KONG LIMITED, UNIT 617, 6/F, 131-132 CONNAUGHT ROAD WEST, SOLO WORKSHOPS, HONG KONG | | | Назначение: | Для хозяйственных нужд | | | Страна изготовления: | Китай | | | Импортер/Продавец: | ООО ""ТД Комплект"", РБ, г.Минск, ул. Кнорина,д.50,к.302 А | | | Штрихкод: | | 6923112893961 | | | | | Габариты ДxШxВ, см: | 70 x 56 x 57 | | | Вес с упаковкой, кг: | 76.1 | | | | | | | | | | | | | | | | | | ECO | Садовая и силовая техника | | | | | | | | | Описание: | Востребованная модель для энергообеспечения некрупных производств, строительных площадок, прочих энергоемких потребителей однофазного и трехфазного напряжения. Обмотка альтернатора электростанции выполнена из чистой меди, благодаря чему станция не перегревается даже при высоких нагрузках. Блок AVR обеспечивает более стабильное и чистое напряжение на выходе. | | Внимание! При подборе электростанции необходимо учитывать пусковые токи устройства-потребителя электроэнергии. Внимание! Двигатель поставляется без масла! Рекомендуемое моторное масло - 10W-40. | | | | | Комплектация: | | + Электростанция; | + Вилка 16А, 220В; | + Вилка 3РРЕN 16А 380В; | + Комплект проводов с зажимами для АКБ; | + Свечной ключ; | + Руководство по эксплуатации;",,https://content.tools.by/images/products/cb-0108246096/kA1/kA1ORus1uBVMfaC2GuspzOEPPhootOHkZ0NsNNjY.jpg,https://tools.by/product/973611
"Пистолет моечный пневматический ECO AWG-20 (для химчистки)
                    (ТОРНАДОР; 160 л/мин; бак: 1000 мл; 4-8 бар)",SGN-0404,"7,99","Преимущества: | | ■ металлический подшипник | ■ 2 насадки (стандартная и с ворсом для бережной очистки) | | | | | | | | | | | | | Производитель: | ECO GROUP HONG KONG LIMITED, UNIT 617, 6/F, 131-132 CONNAUGHT ROAD WEST, SOLO WORKSHOPS, HONG KONG | | | Назначение: | | | | Страна изготовления: | Китай | | | Импортер/Продавец: | ООО ""ТД Комплект"", РБ, г.Минск, ул. Кнорина,д.50,к.302 А | | | Штрихкод: | | 6977125195758 | | | | | Габариты ДxШxВ, см: | 34.5 x 16 x 14 | | | Вес с упаковкой, кг: | 0.835 | | | | | | | | | | | | | | | | | | ECO | Садовая и силовая техника | | | | | | | | | Описание: | Моечный пневмопистолет предназначен для профессиональной очистки поверхностей. Оснащен двумя пластиковыми насадками: стандартная и с ворсом для бережной очистки. | Позволяет эффективно удалять загрязнения различного происхождения с ткани, велюра, винила, пластика и т.д. Идеально подходит для очистки обивки сидений и потолков автомобилей. Оснащен регулятором подачи жидкости. | | Быстросъемное соединение ПАПА входит в комплект поставки. | | | | | Комплектация: | | + Моечный пистолет c установленным соплом-распылителем - 1 шт. | + Бачок для моющей жидкости - 1 шт. | + Насадки (стандартная и с ворсом для бережной очистки) - 2 шт.",,https://content.tools.by/images/products/cz-0269205693/W25/W25AakrGGBljBUelHhMN0HA3ho95PAFMAs07NZI7.jpg,https://tools.by/product/1707613
"Колесо надувн. 4.80/4.00-8"" (подшипн. ф35x20 мм, для оси 20x90мм)
                    (Подходит к тачкам: WB350-2; WB351-2; WB352-2; HDC HD-W402)",WB-P124,"52,20","Производитель: | ECO GROUP HONG KONG LIMITED, UNIT 617, 6/F, 131-132 CONNAUGHT ROAD WEST, SOLO WORKSHOPS, HONG KONG | | | Назначение: | | | | Страна изготовления: | Китай | | | Импортер/Продавец: | ООО ""ТД Комплект"", РБ, г.Минск, ул. Кнорина,д.50,к.302 А | | | Штрихкод: | | 8212107214644 | | | | | Габариты ДxШxВ, см: | 37 x 8 x 37 | | | Вес с упаковкой, кг: | 2.51 | | | | | | | | | | | | | | | | | | ECO | Садовая и силовая техника",,https://content.tools.by/images/products/cb-0445802500/GTJ/GTJgcnpQTxfsz557PbgzE7ETyXnPeb43rFKEDziv.jpg,https://tools.by/product/995187
"Цепь 35 см 14"" 3/8"" LP 1.1 мм 52 зв. 38LTA (в блистере) ECO",191H13-1,"49,12","Файлы | | | | | | | | | Производитель: | ECO GROUP HONG KONG LIMITED UNIT 617, 6/F, 131-132 CONNAUGHT ROAD WEST, SOLO WORKSHOPS, HONG KONG | | | Назначение: | Садово-парковое назначение | | | Страна изготовления: | Китай | | | Импортер/Продавец: | ООО ""ТД Комплект"", РБ, г.Минск, ул. Кнорина,д.50,к.302 А | | | Штрихкод: | | 8210803861933 | | | | | Габариты ДxШxВ, см: | 17 x 9 x 2.5 | | | Вес с упаковкой, кг: | 0.18 | | | | | | | | | | | | | | | | | | ECO | Садовая и силовая техника | | | | | | | | | Описание: | Пильные цепи ECO Multli Sharp со слабой отдачей и специальной системой смазки Oilotec system для увеличения срока службы - оптимальный выбор режущей оснастки для Вашей бензопилы. Режущий зуб выполнен из качественной стали. | | аналог цепи OREGON - Q90SG052E. | | Упаковка: блистер с подвесом",,https://content.tools.by/images/products/cd-3915256653/Ood/OodEUuEMdhfB0ftDO4KiH8OQikgCJ7tkEEQ8Wamv.jpg,https://tools.by/product/1632345
"Нож для мотокосы 24 зуб. 200х2.0х25.4 мм ECO
                    (специальная геометрия зубьев)",0318264,"14,00","Производитель: | ECO GROUP HONG KONG LIMITED, UNIT 617, 6/F, 131-132 CONNAUGHT ROAD WEST, SOLO WORKSHOPS, HONG KONG | | | Назначение: | | | | Страна изготовления: | Китай | | | Импортер/Продавец: | ООО ""ТД Комплект"", РБ, г.Минск, ул. Кнорина,д.50,к.302 А | | | Штрихкод: | | 6977125194010 | | | | | Габариты ДxШxВ, см: | 21 x 21 x 0.1 | | | Вес с упаковкой, кг: | 0.489 | | | | | | | | | | | | | | | | | | ECO | Садовая и силовая техника",,https://content.tools.by/images/products/cz-3200320839/Mqr/Mqr1KKunthufDWUAU3c4DM1Y88GToUfRufYSMgwJ.jpg,https://tools.by/product/1682437
Соединение быстросъем. МАМА х елочка 8 мм (сталь) ECO,AS-M/E10,"2,93","Производитель: | ECO GROUP HONG KONG LIMITED, UNIT 617, 6/F, 131-132 CONNAUGHT ROAD WEST, SOLO WORKSHOPS, HONG KONG | | | Назначение: | Для обеспечения шланговых соединений | | | Страна изготовления: | Китай | | | Импортер/Продавец: | ООО ""ТД Комплект"", РБ, г.Минск, ул. Кнорина,д.50,к.302 А | | | Штрихкод: | | 5291501778177 | | | | | Габариты ДxШxВ, см: | 9.1 x 7.2 x 2.5 | | | Вес с упаковкой, кг: | 0.076 | | | | | | | | | | | | | | | | | | ECO | Садовая и силовая техника | | | | | | | | | Описание: | Соединение МАМА Европейского универсального типа (Euro universal type), подходит для быстросъемных соединений ПАПА следующих типов: США тип (USA type), Немецкий тип (Germany type), Орион тип (Orion type), Итальянский тип (Italian type). | Механизм замка - 6-ти шариковый | Никелевое покрытие стали для защиты от коррозии.",,https://content.tools.by/images/products/cb-2869324425/NKq/NKqs8pBTMndfq6Fe9CkX0GJYjmrN1H3Ls2wJJxf5.jpg,https://tools.by/product/911518
"Соединение быстросъем. МАМА х нар. резьба 1/4"" (сталь) ECO",AS-F/E10,"13,50","Производитель: | ECO GROUP HONG KONG LIMITED, UNIT 617, 6/F, 131-132 CONNAUGHT ROAD WEST, SOLO WORKSHOPS, HONG KONG | | | Назначение: | Для обеспечения шланговых соединений | | | Страна изготовления: | Китай | | | Импортер/Продавец: | ООО ""ТД Комплект"", РБ, г.Минск, ул. Кнорина,д.50,к.302 А | | | Штрихкод: | | 5291501778146 | | | | | Габариты ДxШxВ, см: | 10 x 7.2 x 2.5 | | | Вес с упаковкой, кг: | 0.078 | | | | | | | | | | | | | | | | | | ECO | Садовая и силовая техника | | | | | | | | | Описание: | Соединение МАМА Европейского универсального типа (Euro universal type), подходит для быстросъемных соединений ПАПА следующих типов: США тип (USA type), Немецкий тип (Germany type), Орион тип (Orion type), Итальянский тип (Italian type). | Механизм замка - 6-ти шариковый | Никелевое покрытие стали для защиты от коррозии.",,https://content.tools.by/images/products/cb-3678380869/GZF/GZFygbmTN54jJGHt6pKh7SJbtmQTHqSsi10lWkHh.jpg,https://tools.by/product/911524
"Краскораспылитель ECO SGH-710 (HP, сопло ф 4, 6, 8 мм, верх. бак 5000 мл) уцененный (0003343844)
                    (для нанесения штукатурки и шпатлевки)",SG-1000H25U-у,"26,35","Производитель: | SKIPFIRE LIMITED Romanou, 2, TLAIS TOWER, 6th floor, office 601, P.C.1070, Nicosia, Cyprus. Кипр | | | Назначение: | | | | Страна изготовления: | Китай | | | Импортер/Продавец: | ООО ""ТД Комплект"", РБ, г.Минск, ул. Кнорина,д.50,к.302 А | | | Габариты ДxШxВ, см: | 23.5 x 23.8 x 26.8 | | | Вес с упаковкой, кг: | 1.251 | | | | | | | | | | | | | | | | | | ECO | Садовая и силовая техника | | | | | | | | | Описание: | Механические повреждения упаковки",,https://content.tools.by/images/products/ce-0003343844/A2o/A2oAAz24wGhoxDJWZ3uF6ncT4PK9ecJfo7wzVyqR.jpg,https://tools.by/product/1743537
"Тачка строительная ECO WB201-2 (90л, 200кг, 2 пневмоколеса 3.25-8)",ТХ,"389,78","Преимущества: | | ■ Стальной оцинкованный кузов | ■ Прочная рама | ■ Толщина металла кузова 0,7 мм | ■ Пылезащищённый подшипник | ■ Пневматические колеса. | | | | | | | | | | | Файлы | | | | | | | | | Производитель: | ECO GROUP HONG KONG LIMITED, UNIT 617, 6/F, 131-132 CONNAUGHT ROAD WEST, SOLO WORKSHOPS, HONG KONG | | | Назначение: | Садово-парковое назначение | | | Страна изготовления: | Китай | | | Импортер/Продавец: | ООО ""ТД Комплект"", РБ, г.Минск, ул. Кнорина,д.50,к.302 А | | | Штрихкод: | | 6976215883223 | | | | | Габариты ДxШxВ, см: | 139 x 62 x 59.5 | | | Вес с упаковкой, кг: | 11.7 | | | | | | | | | | | | | | | | | | ECO | Садовая и силовая техника | | | | | | | | | Описание: | Двухколесная строительная тачка ECO",,https://content.tools.by/images/products/ce-0426458907/ZZY/ZZYHfb28Nueo51PK9u0doE5riWvgbAvx259uCfa3.jpg,https://tools.by/product/1659601
"Насос садовый ECO GFI-13P, 1200 Вт
                    (1200 Вт, 3600 л/ч, 48 м)",PF1110,"435,06","Преимущества: | | ■ Асинхронный двигатель с защитой от перегрузок. | ■ Корпус насоса из нержавеющей стали. | | | | | | | | | | | Файлы | | | | | | | | | Производитель: | ECO GROUP HONG KONG LIMITED, UNIT 617, 6/F, 131-132 CONNAUGHT ROAD WEST, SOLO WORKSHOPS, HONG KONG | | | Назначение: | Для хозяйственных нужд | | | Страна изготовления: | Китай | | | Импортер/Продавец: | ООО ""ТД Комплект"", РБ, г.Минск, ул. Кнорина,д.50,к.302 А | | | Штрихкод: | | 8212107214835 | | | | | Габариты ДxШxВ, см: | 37.5 x 23 x 22 | | | Вес с упаковкой, кг: | 6.36 | | | | | | | | | | | | | | | | | | ECO | Садовая и силовая техника | | | | | | | | | Описание: | В комплект входит: входной патрубок 1 шт., выходной патрубок 1 шт.",,https://content.tools.by/images/products/cb-0059940063/ivf/ivflfONwJ3jfnlZyxsW31cR8OL1sLSCwQDV61fVr.jpg,https://tools.by/product/997486
"Электростанция (генератор бензиновый) ECO PE-4001RS (""Black Edition"")
                    (2.8 кВт, 230 В, бак 15.0 л, вес 38 кг)",PE-1302RS,"529,00","Преимущества: | | ■ Блок AVR для стабильного напряжения | ■ Защита от низкого уровня масла | ■ Защита от перегрузки | ■ Чугунная гильза, увеличивающая моторесурс двигателя | ■ Жёсткая рама | ■ Низкий уровень шума | ■ Цифровой вольтметр 3-в-1. | | | | | | | | | | | Файлы | | | | | | | | | Производитель: | ECO GROUP HONG KONG LIMITED, UNIT 617, 6/F, 131-132 CONNAUGHT ROAD WEST, SOLO WORKSHOPS, HONG KONG | | | Назначение: | Для хозяйственных нужд | | | Страна изготовления: | Китай | | | Импортер/Продавец: | ООО ""ТД Комплект"", РБ, г.Минск, ул. Кнорина,д.50,к.302 А | | | Штрихкод: | | 8210803863210 | | | | | Габариты ДxШxВ, см: | 62 x 45.7 x 44.4 | | | Вес с упаковкой, кг: | 38.6 | | | | | | | | | | | | | | | | | | ECO | Садовая и силовая техника | | | | | | | | | Описание: | Надежная и экономичная переносная электростанция предназначена для питания электроприборов средней и большой мощности, домов, дач, складов, малых предприятий. Блок AVR обеспечивает более стабильное и чистое напряжение на выходе. | Внимание! При подборе электростанции необходимо учитывать пусковые токи устройства-потребителя электроэнергии. | Внимание! Двигатель поставляется без масла! Рекомендуемое моторное масло - 10W-40. | | | | | Комплектация: | | + Электростанция; | + Вилка 16 А, 220 В - 2 шт.; | + Комплект проводов с зажимами для АКБ; | + Свечной ключ; | + Руководство по эксплуатации;",,https://content.tools.by/images/products/cd-2511160056/PRj/PRjIca6TPbt34hfIja2IUTyy9Ex0Amds5DvfT8Fc.jpg,https://tools.by/product/1637670
"Шина 50 см 20"" 0.325"" 1.5 мм 12 зуб. MULTI SHARP ECO
                    (76 звеньев)",191G23-2,"47,44","Производитель: | ECO GROUP HONG KONG LIMITED. UNIT 617, 6/F, 131-132 CONNAUGHT ROAD WEST, SOLO WORKSHOPS, HONG KONG, CHINA | | | Назначение: | | | | Страна изготовления: | Китай | | | Импортер/Продавец: | ООО ""ТД Комплект"", РБ, г.Минск, ул. Кнорина,д.50,к.302 А | | | Штрихкод: | | 8210803861124 | | | | | Габариты ДxШxВ, см: | 50 x 7 x 1 | | | Вес с упаковкой, кг: | 0.93 | | | | | | | | | | | | | | | | | | ECO | Садовая и силовая техника | | | | | | | | | Описание: | Совместимые пилы: | | ECO CSP-253, CSP-264, CSP-265.",,https://content.tools.by/images/products/cv-6821036184/LWM/LWMaNrQUbopIk0EP0CaIgmtkvYRS7T8QJu3X5uPO.jpg,https://tools.by/product/1035541
"Пневмопистолет для герметика ECO AGG-310
                    (Картридж: 310 мл; 140 л/мин)",ABG-250,"13,50","Файлы | | | | | | | | | Производитель: | ECO GROUP HONG KONG LIMITED, UNIT 617, 6/F, 131-132 CONNAUGHT ROAD WEST, SOLO WORKSHOPS, HONG KONG | | | Назначение: | | | | Страна изготовления: | Китай | | | Импортер/Продавец: | ООО ""ТД Комплект"", РБ, г.Минск, ул. Кнорина,д.50,к.302 А | | | Штрихкод: | | 8213112892001 | | | | | Габариты ДxШxВ, см: | 31.5 x 17.5 x 6.3 | | | Вес с упаковкой, кг: | 1.1 | | | | | | | | | | | | | | | | | | ECO | Садовая и силовая техника | | | | | | | | | Описание: | Пневмопистолет для нанесения герметика используется для легкого и равномерного нанесения материалов с помощью источника сжатого воздуха (компрессора). | За счет настройки давления в пределах 2.5 - 5.0 бар происходит регулировка интенсивности подачи материала. | На задней части пистолета находится клапан для стравливания давления. | Подходит под стандартные картриджи 310 мл.",,https://content.tools.by/images/products/cg-0024471653/xE5/xE5GDvYwpzXuhiGF75gA45romWJsCaEpfCx824m8.jpg,https://tools.by/product/1583299?slide=2
"Колесо надувн. 4.80/4.00-8"" (подшипн. ф35x16 мм, для оси 16x100мм)
                    (Подходит к тачкам: WB300-1; WB301-1)",WB-P017,"2,81","Производитель: | ECO GROUP HONG KONG LIMITED, UNIT 617, 6/F, 131-132 CONNAUGHT ROAD WEST, SOLO WORKSHOPS, HONG KONG | | | Назначение: | | | | Страна изготовления: | Китай | | | Импортер/Продавец: | ООО ""ТД Комплект"", РБ, г.Минск, ул. Кнорина,д.50,к.302 А | | | Штрихкод: | | 8212107214637 | | | | | Габариты ДxШxВ, см: | 37 x 8 x 37 | | | Вес с упаковкой, кг: | 2.51 | | | | | | | | | | | | | | | | | | ECO | Садовая и силовая техника | | | | | | | | | Описание: | Совместимые товары : WB300-1; WB301-1;",,https://content.tools.by/images/products/cb-5261212428/sRP/sRPUGvtDTw1xeUxcz8Z5xrtLUVS2plR4DB17PJlu.jpg,https://tools.by/product/995186
"Ремкомплект к краскораспылителю ECO SG-514HLG , сопло ф 1,4мм",JL827 HVLP 1.7,"96,92","Производитель: | “SKIPFIRE LIMITED” Romanou, 2, TLAIS TOWER, 6th floor, flat/office 601, P.C.1070, Nicosia,Кипр | | | Назначение: | Для бытовых ремонтных работ | | | Страна изготовления: | Китай | | | Импортер/Продавец: | ООО ""ТД Комплект"", РБ, г.Минск, ул. Кнорина,д.50,к.302 А | | | Штрихкод: | | 6920401861175 | | | | | Вес с упаковкой, кг: | 0.522 | | | | | | | | | | | | | | | | | | ECO | Садовая и силовая техника",,https://content.tools.by/images/products/cb-0000970004/RAQ/RAQjS0bmqqYzuZRxDlLWp2EE6KGkEM5Ibv4mTwuS.jpg,https://tools.by/product/910526
"Компрессор ECO AE-502-3 коаксиальный
                    (440 л/мин, 8 атм, коаксиальный, масляный, ресив. 50 л, 220 В, 2.20 кВт)",SG1510,"378,00","Преимущества: | | ■ 2-цилиндровый | ■ Воздушная трубка с теплоотводом | ■ Регулятор давления | ■ Клапан облегчения запуска компрессора | ■ Дополнительный пусковой конденсатор для облегчения запуска | ■ 2 быстросъемных выхода | ■ Воздушный фильтр с поролоновым фильтроэлементом | ■ Манометры с металлическим корпусом | ■ Колеса с резиновыми накладками | | | | | | | | | | | Файлы | | | | | | | | | Производитель: | ECO GROUP HONG KONG LIMITED, UNIT 617, 6/F, 131-132 CONNAUGHT ROAD WEST, SOLO WORKSHOPS, HONG KONG | | | Назначение: | Для компрессии воздуха | | | Страна изготовления: | Китай | | | Импортер/Продавец: | ООО ""ТД Комплект"", РБ, г.Минск, ул. Кнорина,д.50,к.302 А | | | Штрихкод: | | 6923112894241 | | | | | Габариты ДxШxВ, см: | 69.5 x 34 x 67 | | | Вес с упаковкой, кг: | 39 | | | | | | | | | | | | | | | | | | ECO | Садовая и силовая техника | | | | | | | | | Описание: | ВНИМАНИЕ!!! | Уровень масла должен быть немного выше верхней границы красной точки на глазке! | Компрессор поставляется с компрессорным маслом необходимого объема для стартового запуска компрессора. Масло может быть заправлено в картер компрессорной головы компрессора, либо перелито в отдельную | герметичную емкость для целей транспортировки во избежание утечки из | картера в зависимости от условий транспортировки изделия. | | Внимание! В картере могут находиться остатки масла. Это связано с тем, что 100% устройств запускается на производстве после сборки для проверки на работоспособность. | | | | | Комплектация: | | + Компрессор; | + Фильтр воздушный (2 шт); | + Колесо транспортировочное (2 шт); | + Опорная ножка (2 шт); | + Комплект крепежа.",,https://content.tools.by/images/products/cb-0434442591/TKH/TKH1piEq3H8owKWF8GbDEBPARZIGwgrojqfKEyqW.jpg,https://tools.by/product/981910
"Краскораспылитель ECO SG-5000 (сопло ф 1.7 мм) уцененный (3070219880)
                    (HVLP, сопло ф 1.7 мм, нижн. бак 1000 мл)",BHDN-20-у,"2 068,19","Производитель: | SKIPFIRE LIMITED. Romanou,2, TLAIS TOWER, 6th floor, flat/Office 601 P.C.1070, Nicosia, Cyprus. Кипр | | | Назначение: | | | | Страна изготовления: | Китай | | | Импортер/Продавец: | ООО ""ТД Комплект"", РБ, г.Минск, ул. Кнорина,д.50,к.302 А | | | Габариты ДxШxВ, см: | 18 x 11 x 30.5 | | | Вес с упаковкой, кг: | 1.22 | | | | | | | | | | | | | | | | | | ECO | Садовая и силовая техника | | | | | | | | | Описание: | Механическое повреждение упаковки.",,https://content.tools.by/images/products/cz-3070219880/Yks/Ykshx9SqqQkoENCTmsRbFwY6L19u4JA0rdmTTdWa.jpg,https://tools.by/product/1721535
"Колесо надувн. 3.50-6"" (подшипн. ф35x16 мм, для оси 16x90мм)
                    (Подходит к тачкам: WB140-1, WB141-1)",WB-P124,"52,20","Производитель: | ECO GROUP HONG KONG LIMITED, UNIT 617, 6/F, 131-132 CONNAUGHT ROAD WEST, SOLO WORKSHOPS, HONG KONG | | | Назначение: | | | | Страна изготовления: | Китай | | | Импортер/Продавец: | ООО ""ТД Комплект"", РБ, г.Минск, ул. Кнорина,д.50,к.302 А | | | Штрихкод: | | 8212107214699 | | | | | Габариты ДxШxВ, см: | 34 x 7.2 x 34 | | | Вес с упаковкой, кг: | 1.748 | | | | | | | | | | | | | | | | | | ECO | Садовая и силовая техника",,https://content.tools.by/images/products/cb-0597375350/8M0/8M0IO3d9PH5vr8rgmztn0LG1uIHItjxOQXCdompa.jpg,https://tools.by/product/997103
"Цепь 40 см 16"" 3/8"" 1.6 мм 60 зв. 38TA (в пласт. боксе) ECO",1914F4-0,"32,03","Файлы | | | | | | | | | Производитель: | ECO GROUP HONG KONG LIMITED UNIT 617, 6/F, 131-132 CONNAUGHT ROAD WEST, SOLO WORKSHOPS, HONG KONG | | | Назначение: | Садово-парковое назначение | | | Страна изготовления: | Китай | | | Импортер/Продавец: | ООО ""ТД Комплект"", РБ, г.Минск, ул. Кнорина,д.50,к.302 А | | | Штрихкод: | | 8210803861957 | | | | | Габариты ДxШxВ, см: | 13 x 9 x 3 | | | Вес с упаковкой, кг: | 0.342 | | | | | | | | | | | | | | | | | | ECO | Садовая и силовая техника | | | | | | | | | Описание: | Пильные цепи ECO Multli Sharp со слабой отдачей и специальной системой смазки Oilotec system для увеличения срока службы - оптимальный выбор режущей оснастки для Вашей бензопилы. Режущий зуб выполнен из качественной стали. | | аналог цепи OREGON - Q75DP060E. | | Упаковка: пластиковый бокс.",,https://content.tools.by/images/products/cd-1071312480/958/958HpzXShTWEjmdHZ9uGhVB95y7FSkBvuC1G7D4o.jpg,https://tools.by/product/1632347
"Мотокоса ECO GTP-215S Power с разборной штангой
                    (2.15 кВт, 2.9 л.с., 43.0 см3, лёгкий запуск, разборная штанга, нож 3Т, ремень двухлямочный, вес 7.6)",EC1551-5,"464,80","Преимущества: | | ■ Разборная штанга диаметр 26 мм (состоит из двух частей) | ■ Надёжное соединение штанги (литая конструкция) | ■ Многофункциональная и эргономичная рукоятка велосипедного типа | ■ Эффективная антивибрационная система | ■ Использование улучшенного (усиленного) ручного стартера с системой лёгкий запуск | ■ Цельнометаллический приводной вал | ■ Редуктор повышенной прочности | ■ Топливный бак с полупрозрачными стенками | ■ Праймер (система лёгкого запуска) | ■ Ударопрочный корпус двигателя | ■ Комбинированный защитный кожух из прочного пластика | ■ Усиленная полуавтоматическая косильная катушка с леской | ■ Прочный трехлопастной нож | ■ Двухплечный ремень для большего комфорта при работе | ■ Два поршневых кольца для высокой компрессии. | | | | | | | | | | | Файлы | | | | | | | | | Производитель: | “SKIPFIRE LIMITED” Romanou, 2, TLAIS TOWER, 6th floor, flat/office 601, P.C.1070, Nicosia,Кипр | | | Назначение: | Садово-парковое назначение | | | Страна изготовления: | Китай | | | Импортер/Продавец: | ООО ""ТД Комплект"", РБ, г.Минск, ул. Кнорина,д.50,к.302 А | | | Штрихкод: | | 8210803861766 | | | | | Габариты ДxШxВ, см: | 95 x 30 x 25.5 | | | Вес с упаковкой, кг: | 9.01 | | | | | | | | | | | | | | | | | | ECO | Садовая и силовая техника | | | | | | | | | Описание: | Мощная модель для продвинутых пользователей, которые по достоинству оценят внушительный потенциал мотокосы. | Удобная и эргономичная рукоятка триммера изготовлена в виде велосипедного руля и может устанавливаться в различных положениях, это обеспечивает максимальную управляемость и уменьшает нагрузку на опорно-двигательный аппарат оператора. Блок управления находится на одной ручке, кнопки доступны и располагаются точно под пальцами оператора. | Разборная штанга изготовлена из легкого алюминия, что повышает прочность конструкции, снижая её вес. Штанга оснащена антивибрационными демпферами, поглощающими вибрацию и уменьшающими нагрузку на кисти и предплечья. | Жесткий приводной вал дает возможность использовать в работе нож или диск. | Конический редуктор имеет избыточный запас прочности и способен выдерживать большие нагрузки. При этом редуктор легко отсоединяется, что позволяет использовать двигатель мотокосы в качестве силового агрегата. | Топливный бак имеет полупрозрачные стенки для удобства контроля за уровнем топлива. | Мотокоса снабжена праймером для предварительной подкачки топлива, который облегчит запуск мотора. | Корпус двигателя выполнен из специального ударопрочного пластика и защищает от внешних механических воздействий. | Широкий защитный кожух защищает оператора от выброса травы, камней и других вылетающих из-под режущего инструмента предметов. | Надёжная полуавтоматическая катушка обеспечивает лёгкую подачу корда. | Прочный трёхлопасной нож с лёгкостью справится с дикорастущей травой и кустарником. | Два поршневых кольца создают стабильную компрессию, увеличивают срок службы цилиндро-поршневой группы. | | | | | Комплектация: | | + Двигатель двухтактный бензиновый - 1 шт; | + - Вал мотокосы в сборе - 1 шт; | + - Триммерная катушка - 1 шт; | + - Нож трёхлопастной - 1 шт; | + - Кожух защитный с винтами крепления - 1 шт; | + - Ремень плечевой - 1 шт. (двухплечный); | + - Комплект регулировочных инструментов и принадлежностей - 1 компл; | + - Дозатор топливной смеси - 1 шт; | + - Ручка левая - 1 шт; | + - Ручка правая - 1 шт; | + - Упаковка - 1 шт; | + - Упаковка вала - 1 шт; | + - Руководство пользователя - 1 шт;",,https://content.tools.by/images/products/cg-0192166828/Dny/Dny3X8AfdeL3QK3i0Dsfk54Rz56zsA4EZIyU1i2u.jpg,https://tools.by/product/1600217
"Насос погружной для загрязненной воды, нерж. ECO DI-903, 900Вт
                    (900 Вт, 14500 л/ч, 9 м)",AP02A03,"540,00","Преимущества: | | ■ Асинхронный двигатель с защитой от перегрузок. | ■ Автоматическое включениевыключение при помощи поплавкового выключателя. | ■ Корпус насоса из нержавеющей стали. | ■ Крыльчатка из технополимера разработана специально для загрязненной воды. | ■ Клапана деаэрации автоматически развоздушивают полость насоса. | | | | | | | | | | | Файлы | | | | | | | | | Производитель: | ECO GROUP HONG KONG LIMITED, UNIT 617, 6/F, 131-132 CONNAUGHT ROAD WEST, SOLO WORKSHOPS, HONG KONG | | | Назначение: | Для хозяйственных нужд | | | Страна изготовления: | Китай | | | Импортер/Продавец: | ООО ""ТД Комплект"", РБ, г.Минск, ул. Кнорина,д.50,к.302 А | | | Штрихкод: | | 8212107214828 | | | | | Габариты ДxШxВ, см: | 22 x 16 x 37 | | | Вес с упаковкой, кг: | 5.56 | | | | | | | | | | | | | | | | | | ECO | Садовая и силовая техника | | | | | | | | | Описание: | В комплект входит универсальный патрубок с угловым коленом.",,https://content.tools.by/images/products/cb-4086816727/Hja/HjaB2y9LKswMP8Ck3JeUH5oFJKB5wiPpKjMyzPws.jpg,https://tools.by/product/997483?slide=2
"Комплект для прочистки труб, 10м для ECO
                    (подходит для моек: HPW-1217, HPW-1419, HPW-1521S, HPW-1723RS, HPW-1720Si, HPW-1825RSE, HPW-1770, HPW)",18250003,"15,00","Производитель: | ECO GROUP HONG KONG LIMITED, UNIT 617, 6/F, 131-132 CONNAUGHT ROAD WEST, SOLO WORKSHOPS, HONG KONG | | | Назначение: | | | | Страна изготовления: | Китай | | | Импортер/Продавец: | ООО ""ТД Комплект"", РБ, г.Минск, ул. Кнорина,д.50,к.302 А | | | Штрихкод: | | 8212107216600 | | | | | Габариты ДxШxВ, см: | 24 x 29 x 5 | | | Вес с упаковкой, кг: | 0.842 | | | | | | | | | | | | | | | | | | ECO | Садовая и силовая техника",,https://content.tools.by/images/products/cv-0071354696/9m0/9m0zuNPpbX07hQ4PD0XLbZBYzMqTUtJdF49pvOPo.jpg,https://tools.by/product/1024513
"Газонокосилка бензиновая ECO LG-734 самоходная
                    (5.5 л.с., шир. 51 см, самоходная, мульчир., стальн. корпус, травосборник 70 л)",EC3410-1,"810,00","Преимущества: | | ■ Самоходная с отключаемым приводом | ■ Бензиновый двигатель 5.5 л.с. MX176 | ■ Стальная дека | ■ Централизованная установка высоты (8 уровней) | ■ Регулировка высоты ручки (3 уровня) | ■ Ширина кошения 51 см | ■ Функция мульчирования (нож специальной формы и заглушка в комплекте) | ■ Боковой выброс | ■ Задний выброс | ■ Большие колеса 8""/11"" с подшипниками | ■ Мягкий травосборник 70 л с жестким пластиковым верхом | ■ Индикатор заполненного контейнера | ■ Штуцер для подключения воды для очистки деки | | | | | | | | | | | Файлы | | | | | | | | | Производитель: | ECO GROUP HONG KONG LIMITED, UNIT 617, 6/F, 131-132 CONNAUGHT ROAD WEST, SOLO WORKSHOPS, HONG KONG | | | Назначение: | Садово-парковое назначение | | | Страна изготовления: | Китай | | | Импортер/Продавец: | ООО ""ТД Комплект"", РБ, г.Минск, ул. Кнорина,д.50,к.302 А | | | Штрихкод: | | 8212107216839 | | | | | Габариты ДxШxВ, см: | 90 x 58.5 x 50 | | | Вес с упаковкой, кг: | 39.5 | | | | | | | | | | | | | | | | | | ECO | Садовая и силовая техника",,https://content.tools.by/images/products/cv-0281302875/lwI/lwINsxIWtFebPp1SGWiflLyFBNbNL2wp9k45t7Tx.jpg,https://tools.by/product/1034345?slide=2
"Головка триммерная ECO GTP-TC65 полуавт., блистер
                    (110 мм, лев. резьба М10х1.25 ""мама"")",GTPTC250011B,"17,50","Преимущества: | | ■ Полуавтоматический выпуск лески (при ударе о землю в процессе работы) | ■ Высокопрочный пластиковый корпус | ■ Компактная и легкая | ■ Левая резьба 10*1,25 ""мама"" | | | | | | | | | | | | | Производитель: | ECO GROUP HONG KONG LIMITED, UNIT 617, 6/F, 131-132 CONNAUGHT ROAD WEST, SOLO WORKSHOPS, HONG KONG | | | Назначение: | | | | Страна изготовления: | Китай | | | Импортер/Продавец: | ООО ""ТД Комплект"", РБ, г.Минск, ул. Кнорина,д.50,к.302 А | | | Штрихкод: | | 6978018614950 | | | | | Габариты ДxШxВ, см: | 16.5 x 23 x 6 | | | Вес с упаковкой, кг: | 0.26 | | | | | | | | | | | | | | | | | | ECO | Садовая и силовая техника | | | | | | | | | Описание: | Поставляется в блистерной упаковке | | Подходит для мотокос: | ЕСО GTP-90H, GTP-145H, GTP-185H, GTP-145C, GTP-185C; GTP-143F, GTP-145F, GTP-183F, GTP-185F, GTP-187F, GTP-189F, GTP-145B, GTP-185B, GTP-145N, GTP-185N, GTP-185R; | GUNTER MSG-190, MSG-191, MSG-192; | DGM BC-180, BC-210, BC-240, BC-241; | | | Подходит на большинство мотокос китайского производства с прямой штангой и редуктором. Не подходит на мотокосы с изогнутым валом без редуктора. Для 100% совместимости необходимо убедиться в соответствии резьбы (На редукторе должна быть левая резьба М10х1.25).",,https://content.tools.by/images/products/cz-5568934528/E7s/E7sRIMNaoWylU2Klto1rpUB3py5EX18m7534OJ1R.jpg,https://tools.by/product/1714160
"Газонокосилка бензиновая ECO LG-745 E самоходная
                    (6 л.с., шир. 51 см, самоходная, электростарт, мульчир., стальн. корпус, травосборник 70 л)",DG2113-1,"774,00","Преимущества: | | ■ Мощный бензиновый двигатель; | ■ Электростартер, работающий от Li-ion аккумулятора; | ■ Аккумулятор и зарядное устройство в комплекте; | ■ Функция самоходного движения; | ■ 4 режима работы: сбор в травосборник, боковой и задний выброс, мульчирование; | ■ Центральная регулировка высоты скашивания в диапазоне 25-75 мм; | ■ Штуцер подключения шланга для легкой очистки деки после работы; | ■ Складная рукоятка - для удобства хранения и транспортировки; | | | | | | | | | | | Файлы | | | | | | | | | Производитель: | ECO GROUP HONG KONG LIMITED, UNIT 617, 6/F, 131-132 CONNAUGHT ROAD WEST, SOLO WORKSHOPS, HONG KONG | | | Назначение: | | | | Страна изготовления: | Китай | | | Импортер/Продавец: | ООО ""ТД Комплект"", РБ, г.Минск, ул. Кнорина,д.50,к.302 А | | | Штрихкод: | | 6978018610761 | | | | | Габариты ДxШxВ, см: | 89 x 58 x 50 | | | Вес с упаковкой, кг: | 44.4 | | | | | | | | | | | | | | | | | | ECO | Садовая и силовая техника | | | | | | | | | Комплектация: | | + Бензиновая газонокосилка | + Аккумулятор - 1 шт. | + Зарядное устройство | + Нож - 1 шт. (установлен на газонокосилку) | + Травосборник | + Свечной ключ | + Рукоятка | + Комплект быстрозажимных фиксаторов | + Кожух для бокового выброса | + Заглушка для мульчирования | + Инструкция по эксплуатации",,https://content.tools.by/images/products/cz-0064205668/ND7/ND7FkL6AMvp65Jhj6aVnBGZeCWgGtyzUSAjv5qk7.jpg,https://tools.by/product/1703175?slide=2
"Бетоносмеситель ECO CM-180
                    (объём 180/131 л, 900 Вт, 230 В, вес 48,4  кг)",EC3410-7,"947,00","Преимущества: | | ■ Долговечный чугунный зубчатый венец и чугунная ведущая шестерня | ■ Защитный кожух на ведущей шестерне | ■ Барабан крепится к подшипнику с помощью болтового соединения | ■ Надёжный асинхронный двигатель с защитой от перегрева | ■ Эффективное воздушное охлаждение двигателя | ■ Высокопрочный приводной ремень ручейкового типа, усиленный синтетическим армирующим кордом | ■ Электромагнитный выключатель с системой защиты от случайного включения | ■ Прочная опорная рама | ■ Удобное опрокидывание путем отклонения рулевого колеса | ■ Ручка для удобства перемещения устройства по строительному участку | | | | | | | | | | | Файлы | | | | | | | | | Производитель: | ECO GROUP HONG KONG LIMITED, UNIT 617, 6/F, 131-132 CONNAUGHT ROAD WEST, SOLO WORKSHOPS, HONG KONG | | | Назначение: | Для общестроительных работ | | | Страна изготовления: | Китай | | | Импортер/Продавец: | ООО ""ТД Комплект"", РБ, г.Минск, ул. Кнорина,д.50,к.302 А | | | Штрихкод: | | 6976215883575 | | | | | Габариты ДxШxВ, см: | 84 x 73 x 44 | | | Вес с упаковкой, кг: | 53.1 | | | | | | | | | | | | | | | | | | ECO | Садовая и силовая техника | | | | | | | | | Комплектация: | | + Бетоносмеситель | + Комплект крепежа | + Инструкция по эксплуатации | + Коробка",,https://content.tools.by/images/products/ce-0006222510/FS7/FS7tLF8Esjm3Z17qqEubRmMqSZhVIDVkrwSzUVFR.jpg,https://tools.by/product/1661998
"Щетка для триммера коническая 200x25.4 мм ECO GTP-TB80
                    (ф200 мм)",GTP-24T,"19,00","Производитель: | ECO GROUP HONG KONG LIMITED, UNIT 617, 6/F, 131-132 CONNAUGHT ROAD WEST, SOLO WORKSHOPS, HONG KONG | | | Назначение: | | | | Страна изготовления: | Китай | | | Импортер/Продавец: | ООО ""ТД Комплект"", РБ, г.Минск, ул. Кнорина,д.50,к.302 А | | | Штрихкод: | | 6979163405066 | | | | | Габариты ДxШxВ, см: | 1 x 1 x 1 | | | Вес с упаковкой, кг: | 0.72 | | | | | | | | | | | | | | | | | | ECO | Садовая и силовая техника | | | | | | | | | Описание: | Щетка предназначена для очистки: налёта, грязи, удаления побегов травы, поросли, мха и корней из труднодоступных мест, щетка для чистки брусчатки, бетона, садовых дорожках, тротуарной плитки. | | | | | Комплектация: | | + Щетка; | + Коробка.",,https://content.tools.by/images/products/ci-0000282624/3SC/3SCc2nrbgqjRw7HvKgV0NOHVuZGkJJRam0gYY0R6.jpg,https://tools.by/product/1751991
"Шланг напорный 5 м для очистителя высокого давления ECO
                    (для ECO HPW-1400; HPW-1600)",HPW-X91125,"59,00","Производитель: | ECO GROUP HONG KONG LIMITED. UNIT 617, 6/F, 131-132 CONNAUGHT ROAD WEST, SOLO WORKSHOPS, HONG KONG, CHINA | | | Назначение: | | | | Страна изготовления: | Китай | | | Импортер/Продавец: | ООО ""ТД Комплект"", РБ, г.Минск, ул. Кнорина,д.50,к.302 А | | | Штрихкод: | | 6976215886446 | | | | | Габариты ДxШxВ, см: | 40 x 40 x 8 | | | Вес с упаковкой, кг: | 0.524 | | | | | | | | | | | | | | | | | | ECO | Садовая и силовая техника",,https://content.tools.by/images/products/cz-4560531276/jOA/jOA4rhDo5ET7WHjVEPsv6o2iE3cxHBxdcybEitIo.jpg,https://tools.by/product/1669125
Ремкомплект для вибрационных насосов ECO,AP03A01,"72,00","Производитель: | ECO GROUP HONG KONG LIMITED, UNIT 617, 6/F, 131-132 CONNAUGHT ROAD WEST, SOLO WORKSHOPS, HONG KONG | | | Назначение: | | | | Страна изготовления: | Китай | | | Импортер/Продавец: | ООО ""ТД Комплект"", РБ, г.Минск, ул. Кнорина,д.50,к.302 А | | | Штрихкод: | | 6977125196298 | | | | | Габариты ДxШxВ, см: | 10 x 6 x 1 | | | Вес с упаковкой, кг: | 0.146 | | | | | | | | | | | | | | | | | | ECO | Садовая и силовая техника | | | | | | | | | Описание: | Ремкомплект подходит для вибрационных насосов ECO CPV-307/CPV-308/CPV-309/CPV-330/CPV-331/CPV-332/CPV-333 | и прочих аналогичных моделей | | | | | Комплектация: | | + Мембрана (Поршень) - 1шт.; | + Клапан - 1 шт.; | + Винт М6 - 1 шт.; | + Шайба М6 - 2 шт.; | + Пружинная шайба М6 -1 шт.; | + Гайка М6 - 1 шт.; | + Гайка М8 - 5 шт.; | + Винт М8 - 4 шт.; | + Шайба М8 - 1 шт.;",,https://content.tools.by/images/products/cz-0036368976/Nnc/NnctWmYvR0S7Jqmck5fRnmIszvQ95gMswj0KpRgU.jpg,https://tools.by/product/1733386
Барабан сцепления ECO ST361,CSP-017,"6,88","Производитель: | ECO GROUP HONG KONG LIMITED, UNIT 617, 6/F, 131-132 CONNAUGHT ROAD WEST, SOLO WORKSHOPS, HONG KONG | | | Назначение: | Запасные части | | | Страна изготовления: | Китай | | | Импортер/Продавец: | ООО ""ТД Комплект"", РБ, г.Минск, ул. Кнорина,д.50,к.302 А | | | Штрихкод: | | 8210803862572 | | | | | Габариты ДxШxВ, см: | 5 x 5 x 3 | | | Вес с упаковкой, кг: | 0.158 | | | | | | | | | | | | | | | | | | ECO | Садовая и силовая техника | | | | | | | | | Описание: | Совместимость: | для бензопил STIHL MS361 | | | | | Комплектация: | | + барабан сцепления - 1шт, звездочка - 1шт, игольчатый подшипник - 1шт;",,https://content.tools.by/images/products/ce-1589324463/oj5/oj5iUWZwwfFyzPB3M7SYxBucLm0SZpdoqU12pWME.jpg,https://tools.by/product/1647842
"Бак топливный в сборе ECO GTP-X021
                    (крепление под 4 винта; пробка на углу)",GTP-ST55/450-038,"61,20","Производитель: | ECO GROUP HONG KONG LIMITED. UNIT 617, 6/F, 131-132 CONNAUGHT ROAD WEST, SOLO WORKSHOPS, HONG KONG | | | Назначение: | Садово-парковое назначение | | | Страна изготовления: | Китай | | | Импортер/Продавец: | ООО ""ТД Комплект"", РБ, г.Минск, ул. Кнорина,д.50,к.302 А | | | Штрихкод: | | 6923112893725 | | | | | Габариты ДxШxВ, см: | 15.5 x 3 x 15.5 | | | Вес с упаковкой, кг: | 0.29 | | | | | | | | | | | | | | | | | | ECO | Садовая и силовая техника | | | | | | | | | Описание: | Совместимость: | | Для моделей ECO GTP-145F, GTP-145N, GTP-145R, GTP-185F, GTP-185K, GTP-185N, GTP-185R, GTP-187F, GTP-189F | Для моделей мотобур ECO GD-53 | | Подходит ко многим мотокосам: ECO, CRAFTOP, LIDER, NIKKEY, PROKRAFT, MATRIX, WATT, CATMANN, GARDEN LINE, ELAND KASEI, ZIGZAG, DOLFIN, SOLO, GRASSHOPER, EUROTEK, PARK, DEMON, STERN, EXTEL, BIZON, MEGA, PROLAND, DOLMAR, MAGNUM, SKIPER, STURM и др. | | | | | Комплектация: | | + Топливный бак в сборе (с топливными шлангами);",,https://content.tools.by/images/products/cb-0239429960/CXV/CXVf7pG0tOyChduLu19mMNdPIZH7gP9paEP4KFTU.jpg,https://tools.by/product/967859
"Гравер пневматический ECO AGV-55A
                    (Цанговый патрон: 3 мм (1/8""); 54000 об/мин; 6,3 бар; 60 л/мин;)",KAKA0822,"252,00","Преимущества: | | ■ Подходит для тонкой обработкки дерева и металла (шлифовки, полировки и удаления заусенцев и т.д.). | ■ Цанговый патрон: 3 мм (1/8"") | ■ Пластмассовый чемодан для удобства переноски | | | | | | | | | | | Файлы | | | | | | | | | Производитель: | ECO GROUP HONG KONG LIMITED, UNIT 617, 6/F, 131-132 CONNAUGHT ROAD WEST, SOLO WORKSHOPS, HONG KONG | | | Назначение: | | | | Страна изготовления: | Китай | | | Импортер/Продавец: | ООО ""ТД Комплект"", РБ, г.Минск, ул. Кнорина,д.50,к.302 А | | | Штрихкод: | | 8213112891837 | | | | | Габариты ДxШxВ, см: | 34 x 20.3 x 5 | | | Вес с упаковкой, кг: | 0.86 | | | | | | | | | | | | | | | | | | ECO | Садовая и силовая техника | | | | | | | | | Комплектация: | | + Гравер; | + 2 ключа монтажных; | + 10 шлифкамней с хвостовиком 3 мм; | + Маслораспылитель; | + Масленка; | + Ниппель; | + Пластмассовый чемодан;",,https://content.tools.by/images/products/cg-3213368649/o5J/o5JTt6hHVotDEuozV0ub2S8USQAI4azCDzJrev6T.jpg,https://tools.by/product/1577787?slide=2
"Шина 45 см 18"" 3/8"" 1.6 мм  MULTI SHARP ECO",CSP-035,"30,60","Производитель: | ECO GROUP HONG KONG LIMITED UNIT 617, 6/F, 131-132 CONNAUGHT ROAD WEST, SOLO WORKSHOPS, HONG KONG | | | Назначение: | Садово-парковое назначение | | | Страна изготовления: | Китай | | | Импортер/Продавец: | ООО ""ТД Комплект"", РБ, г.Минск, ул. Кнорина,д.50,к.302 А | | | Штрихкод: | | 8210803861988 | | | | | Габариты ДxШxВ, см: | 46 x 13 x 1 | | | Вес с упаковкой, кг: | 1.08 | | | | | | | | | | | | | | | | | | ECO | Садовая и силовая техника | | | | | | | | | Описание: | Совместимые пилы: | | STIHL: MS290, MS310, MS311, MS340, MS341, MS360, MS361, MS362, MS390, MS440, MS441, MS460, MS640, MS650, MS660.",,https://content.tools.by/images/products/cd-0977331224/JJ0/JJ0Tti4ZzSy5u7Zso1N3o5BSJDe8WneJ9MU5zweU.jpg,https://tools.by/product/1632356
"Газонокосилка бензиновая ECO LG-435
                    (3.5 л.с., шир. 40 см, ручной привод, пластик. корпус, травосборник 40 л)",SG1015,"1 030,00","Преимущества: | | ■ Бензиновый двигатель 3.5 л.с MX135. | ■ Ширина кошения 40 см | ■ Установка высоты (3 уровня) | ■ Мягкий травосборник 40 л | ■ Пластиковая дека | | | | | | | | | | | Файлы | | | | | | | | | Производитель: | ECO GROUP HONG KONG LIMITED, UNIT 617, 6/F, 131-132 CONNAUGHT ROAD WEST, SOLO WORKSHOPS, HONG KONG | | | Назначение: | Садово-парковое назначение | | | Страна изготовления: | Китай | | | Импортер/Продавец: | ООО ""ТД Комплект"", РБ, г.Минск, ул. Кнорина,д.50,к.302 А | | | Штрихкод: | | 8213112891707 | | | | | Габариты ДxШxВ, см: | 66 x 46.7 x 36.5 | | | Вес с упаковкой, кг: | 19.3 | | | | | | | | | | | | | | | | | | ECO | Садовая и силовая техника",,https://content.tools.by/images/products/cv-0091691155/sgZ/sgZP1244vaIcysG3Wt0GFDQPrxlj3imHwa1rhlwO.jpg,https://tools.by/product/1555472?slide=2
"Очиститель высокого давления ECO HPW-1770
                    (2.40 кВт, 170 бар, 510 л/ч, самовсасывание, телескоп. ручка, активный пеногенератор)",EC4910-2,"359,00","Преимущества: | | ■ Алюминиевый корпус насоса высокого давления | ■ Функция самовсасывания позволяет использовать очиститель без подключения к водопроводу | ■ В комплекте активный пеногенератор с регулировками для максимально эффективного распыления моющей пены | ■ Веерная и грязевая форсунки в комплекте | ■ Дополнительно ECO-фреза для экономии расхода воды | ■ Шланг с быстросъемными соединениями | ■ Телескопическая ручка и ручка-бампер для удобства транспортировки | ■ Органайзер для комплектующих на корпусе | ■ Фильтр тонкой очистки в комплекте | | | | | | | | | | | Файлы | | | | | | | | | Производитель: | ECO GROUP HONG KONG LIMITED, UNIT 617, 6/F, 131-132 CONNAUGHT ROAD WEST, SOLO WORKSHOPS, HONG KONG | | | Назначение: | Для удаления загрязнений | | | Страна изготовления: | Китай | | | Импортер/Продавец: | ООО ""ТД Комплект"", РБ, г.Минск, ул. Кнорина,д.50,к.302 А | | | Штрихкод: | | 8213112891356 | | | | | Габариты ДxШxВ, см: | 38 x 30 x 57 | | | Вес с упаковкой, кг: | 11.414 | | | | | | | | | | | | | | | | | | ECO | Садовая и силовая техника | | | | | | | | | Комплектация: | | + Очиститель высокого давления; | + Шланг высоконапорный - 8 м; | + Пистолет; | + Удлинительная насадка; | + Грязевая фреза; | + Веерная фреза; | + ECO-фреза; | + Активный пеногенератор с регулировками; | + Фильтр тонкой очистки;",,https://content.tools.by/images/products/cv-1100807424/yby/ybyON9m8rJUXrBJrCY95XIhq0KZiA5hzR87nCB0T.jpg,https://tools.by/product/1038921?slide=2
"Станция водоснабжения автоматическая ECO GFI-1203
                    (1200 Вт, 3600 л/ч, 48 м, 4,8 бар макс, корпус бака сталь, корпус насоса нерж. сталь,, бак 24л.)",EC4218-3,"225,00","Преимущества: | | ■ Компактная и надежная система для водоснабжения загородных домов, коттеджей, участков. | ■ Автоматическое управление с помощью реле. | ■ Накопительный бак(гидроаккумулятор) обеспечивает отсутствие скачков давления в водопроводной магистрали. | ■ Асинхронный двигатель с защитой от перегрузок. | ■ Баллон гидроаккумулятора из экологически безопасного EPDM. | ■ Корпус насоса из нержавеющей стали. | ■ Защита от перегрузок. | ■ Манометр повернут циферблатом к пользователю, для удобного контроля давления. | | | | | | | | | | | Файлы | | | | | | | | | Производитель: | ECO GROUP HONG KONG LIMITED, UNIT 617, 6/F, 131-132 CONNAUGHT ROAD WEST, SOLO WORKSHOPS, HONG KONG | | | Назначение: | Для хозяйственных нужд | | | Страна изготовления: | Китай | | | Импортер/Продавец: | ООО ""ТД Комплект"", РБ, г.Минск, ул. Кнорина,д.50,к.302 А | | | Штрихкод: | | 8212107214842 | | | | | Габариты ДxШxВ, см: | 52 x 29 x 52 | | | Вес с упаковкой, кг: | 13.02 | | | | | | | | | | | | | | | | | | ECO | Садовая и силовая техника | | | | | | | | | Описание: | В комплект входит: входной патрубок 1 шт., выходной патрубок 1 шт.",,https://content.tools.by/images/products/cb-0158642793/cYN/cYNsVgwtUD9OhukTJbQOWeFW5a3Oce75Y0E5ZRFY.jpg,https://tools.by/product/997473
"Пневмошлифмашина угловая ECO AAG12-125
                    (125 мм / 5""; 11000 об/мин; 180 л/мин; бонус: зачистной диск 1 шт)",,,"Преимущества: | | ■ Диаметр диска: 125 мм (5"") | ■ Двухсторонняя гайка, позволяющая зажимать как тонкие отрезные диски, так и толстые зачистные | ■ Боковая рукоятка | ■ Алюминиевый корпус | | | | | | | | | | | Файлы | | | | | | | | | Производитель: | ECO GROUP HONG KONG LIMITED, UNIT 617, 6/F, 131-132 CONNAUGHT ROAD WEST, SOLO WORKSHOPS, HONG KONG | | | Назначение: | | | | Страна изготовления: | Китай | | | Импортер/Продавец: | ООО ""ТД Комплект"", РБ, г.Минск, ул. Кнорина,д.50,к.302 А | | | Штрихкод: | | 8213112891981 | | | | | Габариты ДxШxВ, см: | 26 x 14.3 x 10.3 | | | Вес с упаковкой, кг: | 2.219 | | | | | | | | | | | | | | | | | | ECO | Садовая и силовая техника | | | | | | | | | Комплектация: | | + Шлифмашина; | + Круг зачистной - 1 шт.; | + Ключ монтажный - 2 шт.; | + Инструкция;",,https://content.tools.by/images/products/cg-0012753279/oYu/oYu2ERByZ8xEiyCyUhjrA5GRcD8l7sfnIIgCjqBw.jpg,https://tools.by/product/1583257
Поворотные рукоятки для тачки WB-P123,WB-P017,"2,81","Производитель: | ECO GROUP HONG KONG LIMITED, UNIT 617, 6/F, 131-132 CONNAUGHT ROAD WEST, SOLO WORKSHOPS, HONG KONG | | | Назначение: | | | | Страна изготовления: | Китай | | | Импортер/Продавец: | ООО ""ТД Комплект"", РБ, г.Минск, ул. Кнорина,д.50,к.302 А | | | Штрихкод: | | 6977125193235 | | | | | Габариты ДxШxВ, см: | 28.5 x 16.5 x 10 | | | Вес с упаковкой, кг: | 2.095 | | | | | | | | | | | | | | | | | | ECO | Садовая и силовая техника | | | | | | | | | Описание: | Инновационные поворотные рукоятки - комфорт при разгрузке. | Совместимы с садовыми и строительными тачками с диаметром рамы 32мм | | | | | Комплектация: | | + Поворотные рукоятки - 2шт | + Комплект крепежа - 1шт",,https://content.tools.by/images/products/cz-1808830400/Uf6/Uf6rO9r3cwOsf2zkyvDz8HcoAzZOr45v8hvMhmHL.jpg,https://tools.by/product/1686148
"Электростанция (генератор бензиновый) ECO PE-3001RS
                    (2.5 кВт, 230 В, бак 15.0 л, вес 36.5 кг)",EC1561-7,"900,00","Преимущества: | | ■ Блок AVR для стабильного напряжения | ■ Защита от низкого уровня масла | ■ Защита от перегрузки | ■ Чугунная гильза, увеличивающая моторесурс двигателя | ■ Жёсткая рама | ■ Низкий уровень шума | ■ Вольтметр. | | | | | | | | | | | Файлы | | | | | | | | | Производитель: | SKIPFIRE LIMITED. Romanou,2, TLAIS TOWER, 6th floor, flat/Office 601 P.C.1070, Nicosia, Cyprus. Кипр | | | Назначение: | Для хозяйственных нужд | | | Страна изготовления: | Китай | | | Импортер/Продавец: | ООО ""ТД Комплект"", РБ, г.Минск, ул. Кнорина,д.50,к.302 А | | | Штрихкод: | | 6923112893930 | | | | | Габариты ДxШxВ, см: | 62.6 x 45.8 x 44.7 | | | Вес с упаковкой, кг: | 38.4 | | | | | | | | | | | | | | | | | | ECO | Садовая и силовая техника | | | | | | | | | Описание: | Надежная и экономичная переносная электростанция предназначена для питания электроприборов средней и большой мощности, домов, дач, складов, малых предприятий. Блок AVR обеспечивает более стабильное и чистое напряжение на выходе. | Внимание! При подборе электростанции необходимо учитывать пусковые токи устройства-потребителя электроэнергии. Внимание! Двигатель поставляется без масла! Рекомендуемое моторное масло - 10W-40. | | | | | Комплектация: | | + Электростанция; | + Вилка 16 А, 220 В - 2 шт.; | + Комплект проводов с зажимами для АКБ; | + Свечной ключ; | + Руководство по эксплуатации;",,https://content.tools.by/images/products/cb-0004816560/tI7/tI7eU4phkv5i1PUCAIP8nEn8tvni6Qz0Zi0Gakow.jpg,https://tools.by/product/973608
"Шланг полиурет. спиральный ф 8/12 мм c быстросъемн. соед. ECO (длина  5 м)
                    (толщ.стенки: 2 мм)",00000753-50,"237,72","Производитель: | ECO GROUP HONG KONG LIMITED. UNIT 617, 6/F, 131-132 CONNAUGHT ROAD WEST, SOLO WORKSHOPS, HONG KONG, CHINA | | | Назначение: | | | | Страна изготовления: | Китай | | | Импортер/Продавец: | ООО ""ТД Комплект"", РБ, г.Минск, ул. Кнорина,д.50,к.302 А | | | Штрихкод: | | 8212107216631 | | | | | Габариты ДxШxВ, см: | 8 x 8 x 30 | | | Вес с упаковкой, кг: | 0.495 | | | | | | | | | | | | | | | | | | ECO | Садовая и силовая техника | | | | | | | | | Описание: | Оконечники: Соединение быстросъемное ПАПА Соединение быстросъемное МАМА",,https://content.tools.by/images/products/cv-5247648711/LUf/LUfXfvLdAJhIRMknQIPnLOz2xKPhRGn2kt4jtl5U.jpg,https://tools.by/product/1027472
"Нож для газонокосилки 40 см ECO
                    (в блистере; для LG-433, LG-435)",7075-302201,"29,60","Производитель: | ECO GROUP HONG KONG LIMITED, UNIT 617, 6/F, 131-132 CONNAUGHT ROAD WEST, SOLO WORKSHOPS, HONG KONG | | | Назначение: | Садово-парковое назначение | | | Страна изготовления: | Китай | | | Импортер/Продавец: | ООО ""ТД Комплект"", РБ, г.Минск, ул. Кнорина,д.50,к.302 А | | | Штрихкод: | | 8213112891721 | | | | | Габариты ДxШxВ, см: | 60 x 9.5 x 3 | | | Вес с упаковкой, кг: | 0.528 | | | | | | | | | | | | | | | | | | ECO | Садовая и силовая техника | | | | | | | | | Описание: | Сменный нож-лезвие для колесных газонокосилок ECO. | Упакован в блистер с подвесом. | Технические параметры: | Длина: 40 см;",,https://content.tools.by/images/products/cv-0409940427/dYX/dYXMq4ltzRhTx1wujIBGLqWXfauXsaXjqwsQ5aje.jpg,https://tools.by/product/1562558
"Пружинный адаптер 20мм со шплинтом ECO SA-020
                    (Совместимость: ECO GD-52, ECO GD-53, Oleo-mac MTL 51)",EX-050,"33,30","Производитель: | ECO GROUP HONG KONG LIMITED, UNIT 617, 6/F, 131-132 CONNAUGHT ROAD WEST, SOLO WORKSHOPS, HONG KONG | | | Назначение: | Садово-парковое назначение | | | Страна изготовления: | Китай | | | Импортер/Продавец: | ООО ""ТД Комплект"", РБ, г.Минск, ул. Кнорина,д.50,к.302 А | | | Штрихкод: | | 6920904821119 | | | | | Габариты ДxШxВ, см: | 20 x 6 x 6 | | | Вес с упаковкой, кг: | 1.779 | | | | | | | | | | | | | | | | | | ECO | Садовая и силовая техника | | | | | | | | | Описание: | Для предотвращения повреждения редуктора и двигателя мотобура",,https://content.tools.by/images/products/cb-0327534816/PbL/PbLpU99zLOmKSAxOFiRXlRo5H6OK0YIstH7Iee1v.jpg,https://tools.by/product/924354
"Компрессор ECO AE-705-3 коаксиальный
                    (440 л/мин, 8 атм, коаксиальный, масляный, ресив. 70 л, 220 В, 2.20 кВт)",SG1512,"763,00","Преимущества: | | ■ Простая и надежная конструкция компрессора позволяет широко использовать его в бытовых целях | ■ Увеличенный масляный картер, для лучшей смазки и отвода тепла от поршневой группы | ■ Защитные кожуха на головках цилиндров предотвращают от ожогов, делая конструкцию более безопасной | ■ Конденсатор увеличенной емкости для работы на пониженном напряжении | ■ Тепловая защита двигателя | ■ Латунный обратный клапан | ■ Регулировка давления на выходе | ■ Два манометра | ■ Два быстросъема с латунным клапаном. | | | | | | | | | | | Файлы | | | | | | | | | Производитель: | ECO GROUP HONG KONG LIMITED, UNIT 617, 6/F, 131-132 CONNAUGHT ROAD WEST, SOLO WORKSHOPS, HONG KONG | | | Назначение: | Для компрессии воздуха | | | Страна изготовления: | Китай | | | Импортер/Продавец: | ООО ""ТД Комплект"", РБ, г.Минск, ул. Кнорина,д.50,к.302 А | | | Штрихкод: | | 6923112894395 | | | | | Габариты ДxШxВ, см: | 92 x 33.5 x 64.5 | | | Вес с упаковкой, кг: | 45.5 | | | | | | | | | | | | | | | | | | ECO | Садовая и силовая техника | | | | | | | | | Описание: | Поршневой масляный компрессор с прямым приводом. | Компрессор поставляется с компрессорным маслом необходимого объема для стартового запуска компрессора. Масло может быть заправлено в картер компрессорной головы компрессора, либо перелито в отдельную | герметичную емкость для целей транспортировки во избежание утечки из | картера в зависимости от условий транспортировки изделия. | | Внимание! В картере могут находиться остатки масла. Это связано с тем, что 100% устройств запускается на производстве после сборки для проверки на работоспособность. | | | | | Комплектация: | | + Компрессор; | + Фильтр воздушный (2 шт); | + Колесо транспортировочное (2 шт); | + Опорная ножка (2 шт); | + Комплект крепежа.",,https://content.tools.by/images/products/cb-1892754600/54T/54THWmlu609IB6LSktqSbWUrp7oc5CSWGmvyXHrP.jpg,https://tools.by/product/983762?slide=2
"Газонокосилка бензиновая ECO LG-734 самоходная
                    (5.5 л.с., шир. 51 см, самоходная, мульчир., стальн. корпус, травосборник 70 л)",LG-633,"994,00","Преимущества: | | ■ Самоходная с отключаемым приводом | ■ Бензиновый двигатель 5.5 л.с. MX176 | ■ Стальная дека | ■ Централизованная установка высоты (8 уровней) | ■ Регулировка высоты ручки (3 уровня) | ■ Ширина кошения 51 см | ■ Функция мульчирования (нож специальной формы и заглушка в комплекте) | ■ Боковой выброс | ■ Задний выброс | ■ Большие колеса 8""/11"" с подшипниками | ■ Мягкий травосборник 70 л с жестким пластиковым верхом | ■ Индикатор заполненного контейнера | ■ Штуцер для подключения воды для очистки деки | | | | | | | | | | | Файлы | | | | | | | | | Производитель: | ECO GROUP HONG KONG LIMITED, UNIT 617, 6/F, 131-132 CONNAUGHT ROAD WEST, SOLO WORKSHOPS, HONG KONG | | | Назначение: | Садово-парковое назначение | | | Страна изготовления: | Китай | | | Импортер/Продавец: | ООО ""ТД Комплект"", РБ, г.Минск, ул. Кнорина,д.50,к.302 А | | | Штрихкод: | | 8212107216839 | | | | | Габариты ДxШxВ, см: | 90 x 58.5 x 50 | | | Вес с упаковкой, кг: | 39.5 | | | | | | | | | | | | | | | | | | ECO | Садовая и силовая техника",,https://content.tools.by/images/products/cv-0281302875/lwI/lwINsxIWtFebPp1SGWiflLyFBNbNL2wp9k45t7Tx.jpg,https://tools.by/product/1034345
"Бетоносмеситель ECO CM-160
                    (объём 160/119 л, 800 Вт, 230 В, вес 45,3 кг)",CM-71,"696,40","Преимущества: | | ■ Долговечный чугунный зубчатый венец и чугунная ведущая шестерня | ■ Защитный кожух на ведущей шестерне | ■ Барабан крепится к подшипнику с помощью болтового соединения | ■ Надёжный асинхронный двигатель с защитой от перегрева | ■ Эффективное воздушное охлаждение двигателя | ■ Высокопрочный приводной ремень ручейкового типа, усиленный синтетическим армирующим кордом | ■ Электромагнитный выключатель с системой защиты от случайного включения | ■ Прочная опорная рама | ■ Удобное опрокидывание путем отклонения рулевого колеса | ■ Ручка для удобства перемещения устройства по строительному участку | | | | | | | | | | | Файлы | | | | | | | | | Производитель: | ECO GROUP HONG KONG LIMITED, UNIT 617, 6/F, 131-132 CONNAUGHT ROAD WEST, SOLO WORKSHOPS, HONG KONG | | | Назначение: | Для общестроительных работ | | | Страна изготовления: | Китай | | | Импортер/Продавец: | ООО ""ТД Комплект"", РБ, г.Минск, ул. Кнорина,д.50,к.302 А | | | Штрихкод: | | 6976215883568 | | | | | Габариты ДxШxВ, см: | 81 x 71 x 42 | | | Вес с упаковкой, кг: | 50 | | | | | | | | | | | | | | | | | | ECO | Садовая и силовая техника | | | | | | | | | Комплектация: | | + Бетоносмеситель | + Комплект крепежа | + Инструкция по эксплуатации | + Коробка",,https://content.tools.by/images/products/ce-5473162170/IbB/IbBrrSC5dPaeXrhD3sKRqsvP0pJ6ptqVg3RLm9ym.jpg,https://tools.by/product/1661997
"Пневмопистолет для герметика ECO AGG-310
                    (Картридж: 310 мл; 140 л/мин)",JEAM1437,"42,78","Файлы | | | | | | | | | Производитель: | ECO GROUP HONG KONG LIMITED, UNIT 617, 6/F, 131-132 CONNAUGHT ROAD WEST, SOLO WORKSHOPS, HONG KONG | | | Назначение: | | | | Страна изготовления: | Китай | | | Импортер/Продавец: | ООО ""ТД Комплект"", РБ, г.Минск, ул. Кнорина,д.50,к.302 А | | | Штрихкод: | | 8213112892001 | | | | | Габариты ДxШxВ, см: | 31.5 x 17.5 x 6.3 | | | Вес с упаковкой, кг: | 1.1 | | | | | | | | | | | | | | | | | | ECO | Садовая и силовая техника | | | | | | | | | Описание: | Пневмопистолет для нанесения герметика используется для легкого и равномерного нанесения материалов с помощью источника сжатого воздуха (компрессора). | За счет настройки давления в пределах 2.5 - 5.0 бар происходит регулировка интенсивности подачи материала. | На задней части пистолета находится клапан для стравливания давления. | Подходит под стандартные картриджи 310 мл.",,https://content.tools.by/images/products/cg-0024471653/xE5/xE5GDvYwpzXuhiGF75gA45romWJsCaEpfCx824m8.jpg,https://tools.by/product/1583299
"Манометр для компрессора ЕСО, резьба 1/8""
                    (Резьба - 1/8"", металлический корпус, Давление - 0-12 бар)",AES-4R,"15,30","Производитель: | ECO GROUP HONG KONG LIMITED, UNIT 617, 6/F, 131-132 CONNAUGHT ROAD WEST, SOLO WORKSHOPS, HONG KONG | | | Назначение: | Запасные части | | | Страна изготовления: | Китай | | | Импортер/Продавец: | ООО ""ТД Комплект"", РБ, г.Минск, ул. Кнорина,д.50,к.302 А | | | Штрихкод: | | 8212107214521 | | | | | Габариты ДxШxВ, см: | 5.8 x 5.8 x 4.6 | | | Вес с упаковкой, кг: | 0.061 | | | | | | | | | | | | | | | | | | ECO | Садовая и силовая техника",,https://content.tools.by/images/products/cb-0006916250/93X/93XkrOhMR0lKzjmsQDaXVEnrQkaBpetErXQjmLFr.jpg,https://tools.by/product/991161
"Очиститель высокого давления ECO HPW-1860RSD
                    (2.60 кВт, 180 бар, 520 л/ч, цифров. управл., самовсас., телескоп. ручка, барабан д/шланга)",HPW177000001,"549,00","Преимущества: | | ■ Инновация 2020! Электронное управление очистителем высокого давления. | ■ Цифровая панель управления оснащена тремя режимами работы двигателя: | ■ Soft 50% мощности для мойки садовой мебели, деревянных поверхностей, велосипедов и т.п. | ■ Medium 75% мощности для мойки автомобилей, прицепов и т.п. | ■ Hard 100% мощности для мойки стойких загрязнений, стен, шифера, садовых инструментов. | ■ Панель оснащена индикацией режимов работы, чрезмерного нагрева двигателя, утечки воды. | ■ Сервисный режим напомнит обслужить устройство вовремя согласно рекомендаций руководства по эксплуатации. | ■ Замок от детей не даст запустить устройство ребенку случайным нажатием клавиш управления. | ■ Кроме данной системы устройство обладает рядом преимуществ: | ■ Алюминиевый корпус насоса высокого давления | ■ Функция самовсасывания позволяет использовать очиститель без подключения к водопроводу | ■ В комплекте активный пеногенератор с регулировками для максимально эффективного распыления моющей пены | ■ Веерная и грязевая форсунки в комплекте | ■ Дополнительно ECO-фреза для экономии расхода воды | ■ Шланг с быстросъемными соединениями | ■ Телескопическая ручка и ручка-бампер для удобства транспортировки | ■ Органайзер для комплектующих на корпусе | ■ Катушка для хранения шланга | ■ Моющая щетка для механической очистки загрязнений | ■ Фильтр тонкой очистки в комплекте | | | | | | | | | | | Файлы | | | | | | | | | Производитель: | ECO GROUP HONG KONG LIMITED, UNIT 617, 6/F, 131-132 CONNAUGHT ROAD WEST, SOLO WORKSHOPS, HONG KONG | | | Назначение: | Для удаления загрязнений | | | Страна изготовления: | Китай | | | Импортер/Продавец: | ООО ""ТД Комплект"", РБ, г.Минск, ул. Кнорина,д.50,к.302 А | | | Штрихкод: | | 8213112891363 | | | | | Габариты ДxШxВ, см: | 37 x 37 x 67 | | | Вес с упаковкой, кг: | 12.96 | | | | | | | | | | | | | | | | | | ECO | Садовая и силовая техника | | | | | | | | | Описание: | Цифровая панель управления оснащена тремя режимами работы двигателя: | Soft - 50% мощности для мойки садовой мебели, деревянных поверхностей, велосипедов и т.п.; | Medium - 75% мощности для мойки автомобилей, прицепов и т.п.; | Hard - 100% мощности для мойки стойких загрязнений, стен, шифера, садовых инструментов. | Алюминиевый корпус насоса высокого давления. | Веерная и грязевая форсунки в комплекте. | Шланг с быстросъемными соединениями - удобство эксплуатации. | Телескопическая ручка и ручка-бампер для удобства транспортировки. | Органайзер для комплектующих на корпусе. | Катушка для хранения шланга. | Моющая щетка для механической очистки загрязнений. | Фильтр тонкой очистки в комплекте. | | | | | Комплектация: | | + Очиститель высокого давления - 1 шт.; | + Шланг высоконапорный 8 м - 1 шт.; | + Пистолет - 1 шт.; | + Удлинительная насадка - 1 шт.; | + Грязевая фреза - 1 шт.; | + Веерная фреза - 1 шт.; | + ECO-фреза для экономии воды - 1 шт.; | + Активный пеногенератор с регулировками - 1 шт.; | + Фильтр тонкой очистки - 1 шт.; | + Щетка моющая - 1 шт.; | + Руководство по эксплуатации - 1 шт.; | + Упаковка",,https://content.tools.by/images/products/cv-1918706336/trO/trOb5n6iwYJhtoB6P3Sq7e4YX8eKasxQ2FJUbjD3.jpg,https://tools.by/product/1038922?slide=2
"Соединение быстросъем. МАМА х нар. резьба 1/2"" (сталь) ECO",AB-T-E08,"5,40","Производитель: | ECO GROUP HONG KONG LIMITED, UNIT 617, 6/F, 131-132 CONNAUGHT ROAD WEST, SOLO WORKSHOPS, HONG KONG | | | Назначение: | Для обеспечения шланговых соединений | | | Страна изготовления: | Китай | | | Импортер/Продавец: | ООО ""ТД Комплект"", РБ, г.Минск, ул. Кнорина,д.50,к.302 А | | | Штрихкод: | | 5291501778160 | | | | | Габариты ДxШxВ, см: | 9.3 x 7.1 x 2.3 | | | Вес с упаковкой, кг: | 0.094 | | | | | | | | | | | | | | | | | | ECO | Садовая и силовая техника | | | | | | | | | Описание: | Соединение МАМА Европейского универсального типа (Euro universal type), подходит для быстросъемных соединений ПАПА следующих типов: США тип (USA type), Немецкий тип (Germany type), Орион тип (Orion type), Итальянский тип (Italian type). | Механизм замка - 6-ти шариковый | Никелевое покрытие стали для защиты от коррозии.",,https://content.tools.by/images/products/cb-0000359120/oIY/oIYgOTFm4vI9dbPOj1USsnDN7w7wi8C642TwWXl4.jpg,https://tools.by/product/911523
"Мотокоса ECO GTP-215S Power с разборной штангой
                    (2.15 кВт, 2.9 л.с., 43.0 см3, лёгкий запуск, разборная штанга, нож 3Т, ремень двухлямочный, вес 7.6)",GU2411-3,"792,00","Преимущества: | | ■ Разборная штанга диаметр 26 мм (состоит из двух частей) | ■ Надёжное соединение штанги (литая конструкция) | ■ Многофункциональная и эргономичная рукоятка велосипедного типа | ■ Эффективная антивибрационная система | ■ Использование улучшенного (усиленного) ручного стартера с системой лёгкий запуск | ■ Цельнометаллический приводной вал | ■ Редуктор повышенной прочности | ■ Топливный бак с полупрозрачными стенками | ■ Праймер (система лёгкого запуска) | ■ Ударопрочный корпус двигателя | ■ Комбинированный защитный кожух из прочного пластика | ■ Усиленная полуавтоматическая косильная катушка с леской | ■ Прочный трехлопастной нож | ■ Двухплечный ремень для большего комфорта при работе | ■ Два поршневых кольца для высокой компрессии. | | | | | | | | | | | Файлы | | | | | | | | | Производитель: | “SKIPFIRE LIMITED” Romanou, 2, TLAIS TOWER, 6th floor, flat/office 601, P.C.1070, Nicosia,Кипр | | | Назначение: | Садово-парковое назначение | | | Страна изготовления: | Китай | | | Импортер/Продавец: | ООО ""ТД Комплект"", РБ, г.Минск, ул. Кнорина,д.50,к.302 А | | | Штрихкод: | | 8210803861766 | | | | | Габариты ДxШxВ, см: | 95 x 30 x 25.5 | | | Вес с упаковкой, кг: | 9.01 | | | | | | | | | | | | | | | | | | ECO | Садовая и силовая техника | | | | | | | | | Описание: | Мощная модель для продвинутых пользователей, которые по достоинству оценят внушительный потенциал мотокосы. | Удобная и эргономичная рукоятка триммера изготовлена в виде велосипедного руля и может устанавливаться в различных положениях, это обеспечивает максимальную управляемость и уменьшает нагрузку на опорно-двигательный аппарат оператора. Блок управления находится на одной ручке, кнопки доступны и располагаются точно под пальцами оператора. | Разборная штанга изготовлена из легкого алюминия, что повышает прочность конструкции, снижая её вес. Штанга оснащена антивибрационными демпферами, поглощающими вибрацию и уменьшающими нагрузку на кисти и предплечья. | Жесткий приводной вал дает возможность использовать в работе нож или диск. | Конический редуктор имеет избыточный запас прочности и способен выдерживать большие нагрузки. При этом редуктор легко отсоединяется, что позволяет использовать двигатель мотокосы в качестве силового агрегата. | Топливный бак имеет полупрозрачные стенки для удобства контроля за уровнем топлива. | Мотокоса снабжена праймером для предварительной подкачки топлива, который облегчит запуск мотора. | Корпус двигателя выполнен из специального ударопрочного пластика и защищает от внешних механических воздействий. | Широкий защитный кожух защищает оператора от выброса травы, камней и других вылетающих из-под режущего инструмента предметов. | Надёжная полуавтоматическая катушка обеспечивает лёгкую подачу корда. | Прочный трёхлопасной нож с лёгкостью справится с дикорастущей травой и кустарником. | Два поршневых кольца создают стабильную компрессию, увеличивают срок службы цилиндро-поршневой группы. | | | | | Комплектация: | | + Двигатель двухтактный бензиновый - 1 шт; | + - Вал мотокосы в сборе - 1 шт; | + - Триммерная катушка - 1 шт; | + - Нож трёхлопастной - 1 шт; | + - Кожух защитный с винтами крепления - 1 шт; | + - Ремень плечевой - 1 шт. (двухплечный); | + - Комплект регулировочных инструментов и принадлежностей - 1 компл; | + - Дозатор топливной смеси - 1 шт; | + - Ручка левая - 1 шт; | + - Ручка правая - 1 шт; | + - Упаковка - 1 шт; | + - Упаковка вала - 1 шт; | + - Руководство пользователя - 1 шт;",,https://content.tools.by/images/products/cg-0192166828/Dny/Dny3X8AfdeL3QK3i0Dsfk54Rz56zsA4EZIyU1i2u.jpg,https://tools.by/product/1600217?slide=2
"Цепь 3/8"" 1.6 мм 1640 зв. 38TA (бухта 30.4 м) ECO",CSP-38LTA3-B,"432,00","Производитель: | ECO GROUP HONG KONG LIMITED, UNIT 617, 6/F, 131-132 CONNAUGHT ROAD WEST, SOLO WORKSHOPS, HONG KONG | | | Назначение: | | | | Страна изготовления: | Китай | | | Импортер/Продавец: | ООО ""ТД Комплект"", РБ, г.Минск, ул. Кнорина,д.50,к.302 А | | | Штрихкод: | | 6977125193280 | | | | | Габариты ДxШxВ, см: | 22 x 22 x 22 | | | Вес с упаковкой, кг: | 9.4 | | | | | | | | | | | | | | | | | | ECO | Садовая и силовая техника",,https://content.tools.by/images/products/cz-5396209064/EbV/EbV8XAP6CwD2NGuhli70hArHowj212J1l0FOAUxS.jpg,https://tools.by/product/1681768
"Очиститель высокого давления ECO HPW-1723RS
                    (2.30 кВт; 165 бар; 490 л/ч; самовсасывание; барабан для хранения шланга)",EC4910-3,"599,00","Преимущества: | | ■ Алюминиевый корпус насоса высокого давления; | ■ Функция самовсасывания позволяет использовать очиститель без подключения к водопроводу; | ■ Веерная и грязевая форсунки в комплекте; | ■ Пеногенератор для распыления моющей пены; | ■ Барабан для хранения шланга высокого давления; | ■ Стандартная моющая щетка для механической очистки загрязнений; | ■ Вращающаяся щетка для механической очистки колесных дисков; | ■ Фильтр тонкой очистки в комплекте; | | | | | | | | | | | Файлы | | | | | | | | | Производитель: | ECO GROUP HONG KONG LIMITED, UNIT 617, 6/F, 131-132 CONNAUGHT ROAD WEST, SOLO WORKSHOPS, HONG KONG | | | Назначение: | Для удаления загрязнений | | | Страна изготовления: | Китай | | | Импортер/Продавец: | ООО ""ТД Комплект"", РБ, г.Минск, ул. Кнорина,д.50,к.302 А | | | Штрихкод: | | 8212107216051 | | | | | Габариты ДxШxВ, см: | 37 x 37 x 54 | | | Вес с упаковкой, кг: | 10.819 | | | | | | | | | | | | | | | | | | ECO | Садовая и силовая техника | | | | | | | | | Описание: | Очиститель высокого давления предназначен для очистки поверхностей водой под давлением при помощи различных насадок | | | | | Комплектация: | | + Очиститель высокого давления; | + Шланг высоконапорный - 8 м; | + Пистолет; | + Удлинительная насадка; | + Грязевая фреза; | + Плоская фреза; | + Пеногенератор; | + Щетка стандартная; | + Щетка вращающаяся; | + Фильтр тонкой очистки;",,https://content.tools.by/images/products/cb-0399218400/f4H/f4HXIzcdhW4w0XxlRJKbNQZ3i9JWmoByMkE6y4Ea.jpg,https://tools.by/product/998778?slide=2
"Пневмогайковерт 1/2"" ECO AIW-610 с лубрикатором и головками
                    (580 Нм; Ударный мех-м: twin hammer; 7000 об/мин; Макс.резьба: М18; 220 л/мин;)",KAAR1650,"700,30","Преимущества: | | ■ 1/2"" присоединительный квадрат | ■ Ударный механизм | ■ 6 уровней крутящего момента | | | | | | | | | | | Файлы | | | | | | | | | Производитель: | ECO GROUP HONG KONG LIMITED, UNIT 617, 6/F, 131-132 CONNAUGHT ROAD WEST, SOLO WORKSHOPS, HONG KONG | | | Назначение: | | | | Страна изготовления: | Китай | | | Импортер/Продавец: | ООО ""ТД Комплект"", РБ, г.Минск, ул. Кнорина,д.50,к.302 А | | | Штрихкод: | | 8213112891950 | | | | | Габариты ДxШxВ, см: | 28.4 x 29.8 x 10.2 | | | Вес с упаковкой, кг: | 4.944 | | | | | | | | | | | | | | | | | | ECO | Садовая и силовая техника | | | | | | | | | Комплектация: | | + Пневмогайковерт; | + Сменные головки 12 - 10 шт; | + Удлинитель 12 на 125 мм; | + Мини масленка; | + Ключ шестигранный на 5 мм; | + Ниппель; | + Масло для пневмоинструмента; | + Пластмассовый чемодан;",,https://content.tools.by/images/products/cg-2988034580/R4l/R4lgqYlmkZ2iSjYgTqEmyqCPPp2osSNLtkN1pksm.jpg,https://tools.by/product/1583252?slide=2
"Шланг армированный маслостойкий ф 10/16 мм с быстросъемн. соед. ECO (длина 5 м)
                    (толщ.стенки: 3 мм)",AHF-058,"53,30","Преимущества: | | ■ Материал шланга: нитрил-бутадиеновый каучук (NBR), устойчивый к воздействию масла, топлива и разнообразных химических веществ | ■ Шланга имеет толщину стенки 3 мм., что дает ему высокую механическую прочность | ■ Фитинги изготовлены из латуни, что делает их стойкими к коррозии | ■ Шланг оборудован быстросъемными соединениями ПАПА и МАМА | ■ Стальные пружины защищают шланг от изламывания в местах крепления | | | | | | | | | | | | | Производитель: | ECO GROUP HONG KONG LIMITED, UNIT 617, 6/F, 131-132 CONNAUGHT ROAD WEST, SOLO WORKSHOPS, HONG KONG | | | Назначение: | Садово-парковое назначение | | | Страна изготовления: | Китай | | | Импортер/Продавец: | ООО ""ТД Комплект"", РБ, г.Минск, ул. Кнорина,д.50,к.302 А | | | Штрихкод: | | 8213112891868 | | | | | Габариты ДxШxВ, см: | 27 x 27 x 3.5 | | | Вес с упаковкой, кг: | 0.96 | | | | | | | | | | | | | | | | | | ECO | Садовая и силовая техника",,https://content.tools.by/images/products/cg-0253946206/oGj/oGjmgw2sWSWM4pB8VN90AbrAexoy0RXBejLn4EpK.jpg,https://tools.by/product/1583192
"Шланг армированный ф 8/14 мм с быстросъемн. соед. ECO (длина 15 м)
                    (толщ.стенки: 3 мм)",00000744-30,"119,96","Преимущества: | | ■ Шланги оборудованы латунными быстросъемными соединениями ПАПА и МАМА | ■ Материал шланга имеет широкий диапазон рабочих температур благодаря добавлению запатентованных эластомеров | ■ Материал шланга устойчив к воздействию ультрафиолета | | | | | | | | | | | | | Производитель: | ECO GROUP HONG KONG LIMITED, UNIT 617, 6/F, 131-132 CONNAUGHT ROAD WEST, SOLO WORKSHOPS, HONG KONG | | | Назначение: | Для бытовых ремонтных работ | | | Страна изготовления: | Китай | | | Импортер/Продавец: | ООО ""ТД Комплект"", РБ, г.Минск, ул. Кнорина,д.50,к.302 А | | | Штрихкод: | | 6921501776093 | | | | | Габариты ДxШxВ, см: | 27 x 27 x 9.5 | | | Вес с упаковкой, кг: | 2.22 | | | | | | | | | | | | | | | | | | ECO | Садовая и силовая техника",,https://content.tools.by/images/products/cb-0258880622/nxy/nxysxXg0qtFjhgaRg1U3l1uPyUzYkAxntX5U953R.jpg,https://tools.by/product/915868
"Компрессор ECO AE-2005-2 ременной
                    (580 л/мин, 8 атм, ременной, масляный, ресив. 200 л, 380 В, 3.00 кВт)",HD-A051,"1 274,40","Преимущества: | | ■ W-образное расположение поршней способствует улучшенному охлаждению | ■ Лопасти на маховике охлаждают гильзы цилиндров и масляный картер | ■ Увеличенный масляный картер, для лучшей смазки и отвода тепла от поршневой группы | ■ Тепловая защита двигателя | ■ Регулировка давления на выходе | ■ Два манометра | ■ Латунный обратный клапан. | ■ Чугунный коллектор. | ■ Компрессор поставляется заправленный маслом. | | | | | | | | | | | Файлы | | | | | | | | | Производитель: | ECO GROUP HONG KONG LIMITED, UNIT 617, 6/F, 131-132 CONNAUGHT ROAD WEST, SOLO WORKSHOPS, HONG KONG | | | Назначение: | Для компрессии воздуха | | | Страна изготовления: | Китай | | | Импортер/Продавец: | ООО ""ТД Комплект"", РБ, г.Минск, ул. Кнорина,д.50,к.302 А | | | Штрихкод: | | 8213112891424 | | | | | Габариты ДxШxВ, см: | 151.5 x 52.5 x 100 | | | Вес с упаковкой, кг: | 135 | | | | | | | | | | | | | | | | | | ECO | Садовая и силовая техника | | | | | | | | | Описание: | Компрессор поршневой клино-ременной, масляный, с 3-цилиндровой W-образной помпой. | | | | | Комплектация: | | + Компрессор; | + Фильтр воздушный (3 шт); | + Колесо транспортировочное (4 шт); | + Комплект крепежа.",,https://content.tools.by/images/products/cv-3802946076/Bh8/Bh8kIGaIMTUmJuFzQgpYdGRu3GR78n6NFC1aakNc.jpg,https://tools.by/product/1046506
"Станция водоснабжения автоматическая ECO GFI-1203
                    (1200 Вт, 3600 л/ч, 48 м, 4,8 бар макс, корпус бака сталь, корпус насоса нерж. сталь,, бак 24л.)",AP118E002,"275,00","Преимущества: | | ■ Компактная и надежная система для водоснабжения загородных домов, коттеджей, участков. | ■ Автоматическое управление с помощью реле. | ■ Накопительный бак(гидроаккумулятор) обеспечивает отсутствие скачков давления в водопроводной магистрали. | ■ Асинхронный двигатель с защитой от перегрузок. | ■ Баллон гидроаккумулятора из экологически безопасного EPDM. | ■ Корпус насоса из нержавеющей стали. | ■ Защита от перегрузок. | ■ Манометр повернут циферблатом к пользователю, для удобного контроля давления. | | | | | | | | | | | Файлы | | | | | | | | | Производитель: | ECO GROUP HONG KONG LIMITED, UNIT 617, 6/F, 131-132 CONNAUGHT ROAD WEST, SOLO WORKSHOPS, HONG KONG | | | Назначение: | Для хозяйственных нужд | | | Страна изготовления: | Китай | | | Импортер/Продавец: | ООО ""ТД Комплект"", РБ, г.Минск, ул. Кнорина,д.50,к.302 А | | | Штрихкод: | | 8212107214842 | | | | | Габариты ДxШxВ, см: | 52 x 29 x 52 | | | Вес с упаковкой, кг: | 13.02 | | | | | | | | | | | | | | | | | | ECO | Садовая и силовая техника | | | | | | | | | Описание: | В комплект входит: входной патрубок 1 шт., выходной патрубок 1 шт.",,https://content.tools.by/images/products/cb-0158642793/cYN/cYNsVgwtUD9OhukTJbQOWeFW5a3Oce75Y0E5ZRFY.jpg,https://tools.by/product/1011043
"Насос садовый ECO GFI-07P
                    (900 Вт, 3100 л/ч, до 42 м, корпус насоса чугун)",,,"Преимущества: | | ■ Асинхронный двигатель с защитой от перегрузок. | ■ Корпус насоса из чугуна. | | | | | | | | | | | Файлы | | | | | | | | | Производитель: | ECO GROUP HONG KONG LIMITED, UNIT 617, 6/F, 131-132 CONNAUGHT ROAD WEST, SOLO WORKSHOPS, HONG KONG | | | Назначение: | Для хозяйственных нужд | | | Страна изготовления: | Китай | | | Импортер/Продавец: | ООО ""ТД Комплект"", РБ, г.Минск, ул. Кнорина,д.50,к.302 А | | | Штрихкод: | | 6923112893770 | | | | | Габариты ДxШxВ, см: | 44 x 20 x 23 | | | Вес с упаковкой, кг: | 12.89 | | | | | | | | | | | | | | | | | | ECO | Садовая и силовая техника | | | | | | | | | Описание: | Насос бытовой садовый центробежный предназначен для перекачки пресной воды из колодцев, скважин, резервуаров а также открытых водоемов, для полива садов, огородов, приусадебных участков. Можно использовать в составе системы водоснабжения, оборудовав специальными аксессуарами (гидробак, система автоматики, система защиты от сухого хода и т.д.)",,https://content.tools.by/images/products/cb-0129967992/lfC/lfCMSWUhz7k9zcLoqPK3F6BxkCRDGvipNhMp0zRR.jpg,https://tools.by/product/1011036
"Пеногенератор для очистителя высокого давления ECO (18250003)
                    (подходит для моек: HPW-1217, HPW-1419, HPW-1521S, HPW-1723RS, HPW-1720Si, HPW-1825RSE)",18250001,"17,90","Производитель: | ECO GROUP HONG KONG LIMITED, UNIT 617, 6/F, 131-132 CONNAUGHT ROAD WEST, SOLO WORKSHOPS, HONG KONG | | | Назначение: | | | | Страна изготовления: | Китай | | | Импортер/Продавец: | ООО ""ТД Комплект"", РБ, г.Минск, ул. Кнорина,д.50,к.302 А | | | Штрихкод: | | 6923112894036 | | | | | Габариты ДxШxВ, см: | 10 x 10 x 20 | | | Вес с упаковкой, кг: | 0.13 | | | | | | | | | | | | | | | | | | ECO | Садовая и силовая техника",,https://content.tools.by/images/products/cb-1179884018/Nz3/Nz3NcvTo7YXaVPV7X0WUvOMVJPqoDqrE4i9Sz3GG.jpg,https://tools.by/product/983942
"Шланг полиурет. спиральный ф 8/12 мм c быстросъемн. соед. ECO (длина 15 м)
                    (толщ.стенки: 2 мм)",00000753-50,"237,72","Производитель: | ECO GROUP HONG KONG LIMITED. UNIT 617, 6/F, 131-132 CONNAUGHT ROAD WEST, SOLO WORKSHOPS, HONG KONG, CHINA | | | Назначение: | | | | Страна изготовления: | Китай | | | Импортер/Продавец: | ООО ""ТД Комплект"", РБ, г.Минск, ул. Кнорина,д.50,к.302 А | | | Штрихкод: | | 8212107216655 | | | | | Габариты ДxШxВ, см: | 80 x 21 x 7.5 | | | Вес с упаковкой, кг: | 1.26 | | | | | | | | | | | | | | | | | | ECO | Садовая и силовая техника | | | | | | | | | Описание: | Оконечники: Соединение быстросъемное ПАПА Соединение быстросъемное МАМА",,https://content.tools.by/images/products/cv-0100050944/or1/or15fjIR3GU9k2ZQTpeOnkz5hvj6LllNflcjts7p.jpg,https://tools.by/product/1027474
"Бензопила ECO CSP-166 шина 40 см (16""), 3/8"" LP, 1.3 мм, 57 зв.
                    (1.60 кВт, 2.2 л.с., 38 см3, вес 6 кг)",HD6210-3,"551,00","Файлы | | | | | | | | | Производитель: | ECO GROUP HONG KONG LIMITED, UNIT 617, 6/F, 131-132 CONNAUGHT ROAD WEST, SOLO WORKSHOPS, HONG KONG | | | Назначение: | Для деревообработки | | | Страна изготовления: | Китай | | | Импортер/Продавец: | ООО ""ТД Комплект"", РБ, г.Минск, ул. Кнорина,д.50,к.302 А | | | Штрихкод: | | 8210803862022 | | | | | Габариты ДxШxВ, см: | 50.5 x 26 x 27.5 | | | Вес с упаковкой, кг: | 6.2 | | | | | | | | | | | | | | | | | | ECO | Садовая и силовая техника | | | | | | | | | Описание: | Небольшой вес, достаточная мощность и высокая скорость позволяют качественно и легко использовать бензопилу в различных условиях от заготовки дров до работы в саду. | | | | | Комплектация: | | + Цепь, шина, пластиковый кожух, cвечной ключ, емкость для смешивания топливной смеси, отвертка, напильник, руководство по эксплуатации.",,https://content.tools.by/images/products/cd-0240934595/tTL/tTLz5fo5wlXPC0WzCZRRqOTZk30yjbwp8D5gdIEw.jpg,https://tools.by/product/1634485
Гильза штанги ECO ST120/200/250,GTP-X023,"56,81","Производитель: | ECO GROUP HONG KONG LIMITED, UNIT 617, 6/F, 131-132 CONNAUGHT ROAD WEST, SOLO WORKSHOPS, HONG KONG | | | Назначение: | Запасные части | | | Страна изготовления: | Китай | | | Импортер/Продавец: | ООО ""ТД Комплект"", РБ, г.Минск, ул. Кнорина,д.50,к.302 А | | | Штрихкод: | | 8210803863142 | | | | | Габариты ДxШxВ, см: | 7 x 3 x 5 | | | Вес с упаковкой, кг: | 0.038 | | | | | | | | | | | | | | | | | | ECO | Садовая и силовая техника | | | | | | | | | Описание: | Совместимость: | для мотокос STIHL FS120200250 | | | | | Комплектация: | | + гильза - 1шт;",,https://content.tools.by/images/products/ce-1374102436/o6w/o6wey2jgQzJU73h7DMLUqTseoGPWy2HLd0oDC1c2.jpg,https://tools.by/product/1647891
"Насос погружной для загрязненной воды ECO DP-753, 750Вт
                    (750 Вт, 13000 л/ч, 9 м)",EC4218-2,"255,00","Преимущества: | | ■ Асинхронный двигатель с защитой от перегрузок. | ■ Автоматическое включениевыключение при помощи поплавкового выключателя. | ■ Лопасти крыльчатки из технополимера разработаны специально для загрязненной воды. | ■ Клапана деаэрации автоматически развоздушивают полость насоса. | | | | | | | | | | | Файлы | | | | | | | | | Производитель: | ECO GROUP HONG KONG LIMITED, UNIT 617, 6/F, 131-132 CONNAUGHT ROAD WEST, SOLO WORKSHOPS, HONG KONG | | | Назначение: | Для хозяйственных нужд | | | Страна изготовления: | Китай | | | Импортер/Продавец: | ООО ""ТД Комплект"", РБ, г.Минск, ул. Кнорина,д.50,к.302 А | | | Штрихкод: | | 8212107214811 | | | | | Габариты ДxШxВ, см: | 22 x 16 x 34 | | | Вес с упаковкой, кг: | 4.965 | | | | | | | | | | | | | | | | | | ECO | Садовая и силовая техника | | | | | | | | | Описание: | В комплект входит универсальный патрубок с угловым коленом.",,https://content.tools.by/images/products/cb-0141396476/zBk/zBkyIoEmoJ0Ix9220pMJzyVfpc7VfjEwgLvjp4m5.jpg,https://tools.by/product/997481
"Краскораспылитель ECO SG-9500 с манометром (сопло ф 1.4, 1.7 мм)
                    (HVLP, сопло ф 1.4, 1.7 мм, верх. бак 600 мл, блистер)",EC1532-14,"94,00","Преимущества: | | ■ латунная голова распылителя с покрытием | ■ 2 сопла в комплекте | ■ верхний пластиковый бачок 600 мл | ■ регулятор с манометром в комплекте | ■ регулировка формы факела | ■ регулировка подачи материала | ■ регулировка подачи воздуха | ■ резьбовое 1/4"" + быстросъемное соединение. | ■ | ■ Применение: | ■ Нанесение грунтов (сопло 1.7 мм), базовых эмалей, акриловых эмалей и прозрачных лаков, жидких первичных грунтов (сопло 1.4 мм). | | | | | | | | | | | Файлы | | | | | | | | | Производитель: | ECO GROUP HONG KONG LIMITED, UNIT 617, 6/F, 131-132 CONNAUGHT ROAD WEST, SOLO WORKSHOPS, HONG KONG | | | Назначение: | | | | Страна изготовления: | Китай | | | Импортер/Продавец: | ООО ""ТД Комплект"", РБ, г.Минск, ул. Кнорина,д.50,к.302 А | | | Штрихкод: | | 8213112892391 | | | | | Габариты ДxШxВ, см: | 32 x 10 x 33.5 | | | Вес с упаковкой, кг: | 1.15 | | | | | | | | | | | | | | | | | | ECO | Садовая и силовая техника | | | | | | | | | Описание: | Краскораспылитель HVLP 2-в-1 для нанесения грунта и эмали. В комплекте идет 2 сопла - 1.4 и 1.7 мм. Регулятор с манометром в комплекте позволяет настроить работу краскораспылителя максимально точно. | Достоинства HVLP (High Volume Low Pressure - высокий объем, низкое давление): Высокая экономия материалов; практически отсутствие опыла; нет завихрений - нет мусора.",,https://content.tools.by/images/products/cd-0945994000/27O/27OK4y5I2NmjTMeUD7PAUPYOHU6bLrhVLv1Ik792.jpg,https://tools.by/product/1624505
Соединение быстросъем. МАМА х елочка 8 мм (латунь) ECO,AS-F/MT14,"12,02","Производитель: | ECO GROUP HONG KONG LIMITED, UNIT 617, 6/F, 131-132 CONNAUGHT ROAD WEST, SOLO WORKSHOPS, HONG KONG | | | Назначение: | Для обеспечения шланговых соединений | | | Страна изготовления: | Китай | | | Импортер/Продавец: | ООО ""ТД Комплект"", РБ, г.Минск, ул. Кнорина,д.50,к.302 А | | | Штрихкод: | | 5291501778252 | | | | | Габариты ДxШxВ, см: | 12.5 x 8.1 x 2.5 | | | Вес с упаковкой, кг: | 0.074 | | | | | | | | | | | | | | | | | | ECO | Садовая и силовая техника | | | | | | | | | Описание: | Соединение МАМА Европейского универсального типа (Euro universal type), подходит для быстросъемных соединений ПАПА следующих типов: США тип (USA type), Немецкий тип (Germany type), Орион тип (Orion type), Итальянский тип (Italian type). | Механизм замка - 6-ти шариковый | Латунный корпус исключает возможность появления коррозии.",,https://content.tools.by/images/products/cb-1385167176/GBb/GBbKxQcgou8i8Le5GsmyekqMUu8pABmj2zT4aZXB.jpg,https://tools.by/product/911445
"Очиститель высокого давления ECO HPW-1400
                    (1.65 кВт, 135 бар, 420 л/ч, самовсасывание, активный пеногенератор)",HPW1825RSE01,"688,00","Преимущества: | | ■ Алюминиевый корпус насоса высокого давления | ■ Защита двигателя от перегрева | ■ Функция самовсасывания позволяет использовать очиститель без подключения к водопроводу | ■ Веерная и грязевая форсунки в комплекте | ■ Регулируемый пеногенератор для распыления моющей пены | ■ Удобные крепления для распылительного пистолета и шланга на корпусе мойки | ■ Колеса для удобства транспортировки | | | | | | | | | | | Файлы | | | | | | | | | Производитель: | ECO GROUP HONG KONG LIMITED, UNIT 617, 6/F, 131-132 CONNAUGHT ROAD WEST, SOLO WORKSHOPS, HONG KONG | | | Назначение: | Для удаления загрязнений | | | Страна изготовления: | Китай | | | Импортер/Продавец: | ООО ""ТД Комплект"", РБ, г.Минск, ул. Кнорина,д.50,к.302 А | | | Штрихкод: | | 6976215886309 | | | | | Габариты ДxШxВ, см: | 25 x 32 x 51 | | | Вес с упаковкой, кг: | 7.2 | | | | | | | | | | | | | | | | | | ECO | Садовая и силовая техника | | | | | | | | | Описание: | Очиститель высокого давления предназначен для очистки поверхностей водой под давлением при помощи различных насадок | | | | | Комплектация: | | + Очиститель высокого давления; | + Шланг высоконапорный - 5 м; | + Моечный пистолет; | + Трубка струйная; | + Веерная фреза; | + Грязевая фреза; | + Пеногенератор; | + Инструмент для чистки форсунки; | + Входной мини фильтр-коннектор 3/4""",,https://content.tools.by/images/products/cz-2004945252/9ik/9iklcAP18QRa2fLb359sWTxGzb9F6CDpcqyKYhH3.jpg,https://tools.by/product/1669124?slide=2
"Шланг напорный 3 м для очистителя высокого давления ECO
                    (HPW-1217)",18250005,"69,90","Производитель: | SKIPFIRE LIMITED. Romanou,2, TLAIS TOWER, 6th floor, flat/Office 601 P.C.1070, Nicosia, Cyprus. Кипр | | | Назначение: | | | | Страна изготовления: | Китай | | | Импортер/Продавец: | ООО ""ТД Комплект"", РБ, г.Минск, ул. Кнорина,д.50,к.302 А | | | Штрихкод: | | 8212107216556 | | | | | Габариты ДxШxВ, см: | 22 x 28 x 3.5 | | | Вес с упаковкой, кг: | 0.4 | | | | | | | | | | | | | | | | | | ECO | Садовая и силовая техника | | | | | | | | | Описание: | Напорный шланг для очистителей высокого давления. | Номинальная длина 3 м.",,https://content.tools.by/images/products/cv-0140632160/FDS/FDSaa23TM0IzPUe2ulK9osUDxZyeI2EGSQQNeaIq.jpg,https://tools.by/product/1024521
"Газонокосилка бензиновая ECO LG-935 самоходная
                    (6.8 л.с., шир. 56 см, самоходная, авт.заслонка, мульчир., стальн. корпус, травосборни)",EC3410-1,"810,00","Преимущества: | | ■ Самоходная с отключаемым приводом | ■ Бензиновый двигатель 6.8 л.с. MX224 | ■ Чугунная гильза цилиндра | ■ Автоматическая воздушная заслонка | ■ Стальная дека | ■ Централизованная установка высоты (7 уровней) | ■ Ширина кошения 56 см | ■ Функция мульчирования (нож специальной формы и заглушка в комплекте) | ■ Боковой выброс | ■ Задний выброс | ■ Большие колеса 8""/11"" с подшипниками | ■ Мягкий травосборник 60 л с жестким пластиковым верхом | ■ Бумажный фильтр | ■ Индикатор заполненного контейнера | ■ Штуцер для подключения воды для очистки деки | | | | | | | | | | | Файлы | | | | | | | | | Производитель: | ECO GROUP HONG KONG LIMITED, UNIT 617, 6/F, 131-132 CONNAUGHT ROAD WEST, SOLO WORKSHOPS, HONG KONG | | | Назначение: | | | | Страна изготовления: | Китай | | | Импортер/Продавец: | ООО ""ТД Комплект"", РБ, г.Минск, ул. Кнорина,д.50,к.302 А | | | Штрихкод: | | 6978018619634 | | | | | Габариты ДxШxВ, см: | 86 x 60 x 48 | | | Вес с упаковкой, кг: | 36.6 | | | | | | | | | | | | | | | | | | ECO | Садовая и силовая техника | | | | | | | | | Описание: | Самая мощная в линейке газонокосилка, оснащенная двигателем ECO MX224 мощностью 6.8 л.с. стандарта EURO5. Чугунная гильза обеспечивает лучшую теплоотдачу и снижает трение, продлевая ресурс двигателя даже при интенсивных нагрузках. Двигатель оснащен автоматической воздушной заслонкой, которая облегчает пуск. В отличие от моделей без автоматической заслонки, здесь нет необходимости подкачивать топливо перед запуском.",,https://content.tools.by/images/products/cz-5200838280/ACo/ACovijdZrwVuVKR5VdvzmRaePXZAz89DnsfPndIM.jpg,https://tools.by/product/1731577
Карбюратор CSP-022 ECO,CSP-ST360-021,"9,54","Производитель: | ECO GROUP HONG KONG LIMITED. UNIT 617, 6/F, 131-132 CONNAUGHT ROAD WEST, SOLO WORKSHOPS, HONG KONG | | | Назначение: | Запасные части | | | Страна изготовления: | Китай | | | Импортер/Продавец: | ООО ""ТД Комплект"", РБ, г.Минск, ул. Кнорина,д.50,к.302 А | | | Штрихкод: | | 6920904821515 | | | | | Габариты ДxШxВ, см: | 7.5 x 6 x 4 | | | Вес с упаковкой, кг: | 0.09 | | | | | | | | | | | | | | | | | | ECO | Садовая и силовая техника | | | | | | | | | Описание: | Совместимость: | | ECO: CSP-150, CSP-151 | Stihl: 017, 018, MS170, MS170C, MS180, MS180C | | | | | Комплектация: | | + Карбюратор в сборе;",,https://content.tools.by/images/products/cb-0048492060/LkP/LkPKIpJ9m9DzLyZ5baJ8eDmHib9UzYKh0sfJYs4I.jpg,https://tools.by/product/929543
"Пистолет пескоструйный с баком ASB-06S ECO
                    (Рабочее давление: 3-4 бар; 360 л/мин; Резервуар: 850 мл;)",ABG-20,"18,56","Преимущества: | | ■ Система сбора отработанного песка (дополнительный мешок) позволяет использовать песок повторно | ■ В комплекте: 4 насадки разных форм для локальной обработки (позволяют обработать конкретный участок не повреждая лакокрасочное покрытие вокруг) | ■ Бонус! 500 г. абразивного песка (0,8 мм) | | | | | | | | | | | Файлы | | | | | | | | | Производитель: | ECO GROUP HONG KONG LIMITED. UNIT 617, 6/F, 131-132 CONNAUGHT ROAD WEST, SOLO WORKSHOPS, HONG KONG, CHINA | | | Назначение: | | | | Страна изготовления: | Китай | | | Импортер/Продавец: | ООО ""ТД Комплект"", РБ, г.Минск, ул. Кнорина,д.50,к.302 А | | | Штрихкод: | | 8213112891998 | | | | | Габариты ДxШxВ, см: | 28.7 x 11.3 x 24 | | | Вес с упаковкой, кг: | 1.618 | | | | | | | | | | | | | | | | | | ECO | Садовая и силовая техника",,https://content.tools.by/images/products/cg-0831627264/UBm/UBmRKGyiGCC24S1fGkcwG592NVtNi9qAyCKU5vSU.jpg,https://tools.by/product/1583258?slide=2
"Мотокоса ECO GTP-255 Power MAX
                    (2.5 кВт, 3.4 л.с., 52.0 см3, лёгкий запуск, антивибрационная штанга, нож 4Т,ремень двухлямочный)",GU2411-2,"540,00","Преимущества: | | ■ Цельная штанга диаметр 28 мм | ■ Эффективная антивибрационная система | ■ Многофункциональная и эргономичная рукоятка велосипедного типа | ■ Использование улучшенного (усиленного) ручного стартера с системой | ■ лёгкий запуск | ■ Цельнометаллический приводной вал | ■ Редуктор повышенной прочности | ■ Топливный бак с полупрозрачными стенками | ■ Праймер (система лёгкого запуска) | ■ Ударопрочный корпус двигателя | ■ Комбинированный защитный кожух из прочного пластика | ■ Усиленная полуавтоматическая косильная катушка с безразборной заправкой лески | ■ Прочный четырехлопастной нож | ■ Двухплечный ремень для большего комфорта при работе | ■ Два поршневых кольца для высокой компрессии. | | | | | | | | | | | Файлы | | | | | | | | | Производитель: | ECO GROUP HONG KONG LIMITED, UNIT 617, 6/F, 131-132 CONNAUGHT ROAD WEST, SOLO WORKSHOPS, HONG KONG | | | Назначение: | | | | Страна изготовления: | Китай | | | Импортер/Продавец: | ООО ""ТД Комплект"", РБ, г.Минск, ул. Кнорина,д.50,к.302 А | | | Штрихкод: | | 6978018613724 | | | | | Габариты ДxШxВ, см: | 186 x 28.5 x 20.3 | | | Вес с упаковкой, кг: | 12.4 | | | | | | | | | | | | | | | | | | ECO | Садовая и силовая техника | | | | | | | | | Описание: | Мощная и удобная модель для продвинутых пользователей, которые по достоинству оценят внушительный потенциал мотокосы. | Цельная штанга изготовлена из легкого алюминия, что повышает прочность конструкции, снижая её вес. Штанга оснащена антивибрационной системой, в разы поглощающую вибрации и уменьшающую нагрузку на кисти и предплечья, обеспечивая высокий уровень комфорта и контроля. | Удобная и эргономичная рукоятка триммера изготовлена в виде велосипедного руля и может устанавливаться в различных положениях, это обеспечивает максимальную управляемость и уменьшает нагрузку на опорно-двигательный аппарат оператора. Блок управления находится на одной ручке, кнопки доступны и располагаются точно под пальцами оператора. | Жесткий приводной вал дает возможность использовать в работе нож или диск. | Конический редуктор имеет избыточный запас прочности и способен выдерживать большие нагрузки. При этом редуктор легко отсоединяется, что позволяет использовать двигатель мотокосы в качестве силового агрегата. | Топливный бак имеет полупрозрачные стенки для удобства контроля за уровнем топлива. | Мотокоса снабжена праймером для предварительной подкачки топлива, который облегчит запуск мотора. | Корпус двигателя выполнен из специального ударопрочного пластика и защищает от внешних механических воздействий. | Широкий защитный кожух защищает оператора от выброса травы, камней и других вылетающих из-под режущего инструмента предметов. | Надёжная полуавтоматическая катушка обеспечивает лёгкую подачу корда и заправляется новой леской без разборки корпуса. | Прочный четырёхлопасной нож с лёгкостью справится с дикорастущей травой и кустарником. | Два поршневых кольца создают стабильную компрессию, увеличивают срок службы цилиндро-поршневой группы. | | | | | Комплектация: | | + Двигатель двухтактный бензиновый – 1 шт; | + - Триммерная катушка – 1 шт; | + - Нож четырехлопастной – 1 шт; | + - Кожух защитный с винтами крепления – 1 шт; | + - Ремень плечевой – 1 шт. (двухплечный); | + - Комплект регулировочных инструментов и принадлежностей – 1 компл; | + - Дозатор топливной смеси – 1 шт; | + - Рукоятка – 1 шт; | + - Упаковка – 1 шт; | + - Руководство пользователя - 1 шт.",,https://content.tools.by/images/products/cz-0307387232/Nr5/Nr5j3Bx4NQofl6l72bNPeCK0X70JHkOtTgT8l3EY.jpg,https://tools.by/product/1712124
"Колесо надувн. 4.00-8"" (подшипн. ф35x12 мм, для оси 12x100мм)
                    (Подходит к тачкам: WB6418-1)",WB-P018,"2,81","Производитель: | ECO GROUP HONG KONG LIMITED, UNIT 617, 6/F, 131-132 CONNAUGHT ROAD WEST, SOLO WORKSHOPS, HONG KONG | | | Назначение: | | | | Страна изготовления: | Китай | | | Импортер/Продавец: | ООО ""ТД Комплект"", РБ, г.Минск, ул. Кнорина,д.50,к.302 А | | | Штрихкод: | | 8212107214712 | | | | | Габариты ДxШxВ, см: | 34 x 7.2 x 34 | | | Вес с упаковкой, кг: | 2.51 | | | | | | | | | | | | | | | | | | ECO | Садовая и силовая техника",,https://content.tools.by/images/products/cb-1731333700/4ei/4eiaTgkCJojqvooUmv6gHR6guBHo8ym57d66ZkQc.jpg,https://tools.by/product/997105
"Насос скважинный винтовой ECO DWS-37
                    (370 Вт, 2,1 м3/ч, 72м, винтовой, 3""/ 7,62 см)",50785C-24-49,"41,82","Преимущества: | | ■ Насос имеет малые габариты и может быть использован в скважинах от 100 мм. | ■ Асинхронный маслозаполненный двигатель с медной обмоткой имеет высокий ресурс и не требует технического обслуживания на протяжении всего срока службы. | ■ Винтовой тип насоса обеспечивает высокий напор. | ■ Корпус насоса изготовлен из нержавеющей стали, а напорный фланец и соединительный элемент из чугуна, что позволяет полностью исключить появление коррозии. | ■ Сетевой кабель с проводником заземления безопасность при эксплуатации. | | | | | | | | | | | | | Производитель: | ECO GROUP HONG KONG LIMITED, UNIT 617, 6/F, 131-132 CONNAUGHT ROAD WEST, SOLO WORKSHOPS, HONG KONG | | | Назначение: | Для хозяйственных нужд | | | Страна изготовления: | Китай | | | Импортер/Продавец: | ООО ""ТД Комплект"", РБ, г.Минск, ул. Кнорина,д.50,к.302 А | | | Штрихкод: | | 6979163401761 | | | | | Габариты ДxШxВ, см: | 57 x 7.6 x 7.6 | | | Вес с упаковкой, кг: | 6.9 | | | | | | | | | | | | | | | | | | ECO | Садовая и силовая техника | | | | | | | | | Описание: | Скважинный насос ECO серии DWS предназначен для бытового использования. Он применяется для подачи чистой пресной воды из скважин диаметром не менее 100 мм, глубоких колодцев и резервуаров. | | | | | Комплектация: | | + Электронасос - 1 шт.; | + Руководство по эксплуатации - 1 шт.; | + Упаковка",,https://content.tools.by/images/products/ci-5246789220/v3Y/v3Y5m08jvS7PNqte8jNG5UrkgUIYJDNk1lEihoPr.jpg,https://tools.by/product/1735786
"Насос погружной 3-в-1 ECO DP-916i
                    (900 Вт, 17500 л/ч, 8,5 м)",EC4213-4,"105,00","Преимущества: | | ■ Насос 3-в-1: перекачивает загрязненную воду, чистую воду, а также откачивает воду до минимального уровня | ■ Асинхронный двигатель с защитой от перегрузок | ■ Автоматическое включениевыключение с помощью поплавкового выключателя | ■ Лопасти крыльчатки из технополимера специально разработаны для работы с загрязненной водой | ■ Универсальный соединительный штуцер | ■ Удобная ручка для простоты погружения и поднятия насоса | | | | | | | | | | | Файлы | | | | | | | | | Производитель: | ECO GROUP HONG KONG LIMITED, UNIT 617, 6/F, 131-132 CONNAUGHT ROAD WEST, SOLO WORKSHOPS, HONG KONG | | | Назначение: | Для хозяйственных нужд | | | Страна изготовления: | Китай | | | Импортер/Продавец: | ООО ""ТД Комплект"", РБ, г.Минск, ул. Кнорина,д.50,к.302 А | | | Штрихкод: | | 6976215883612 | | | | | Габариты ДxШxВ, см: | 24 x 17 x 41.5 | | | Вес с упаковкой, кг: | 5.1 | | | | | | | | | | | | | | | | | | ECO | Садовая и силовая техника | | | | | | | | | Описание: | Многофункциональный погружной насос с возможностью установки сменных насадок, позволяющих использовать его в различных ситуациях. | | Использование насоса без насадок: насос откачивает воду до минимального уровня в 1 мм, режим предназначен для откачивания чистой воды из затопленных жилых и производственных помещений. | | Насадка для чистой воды: для откачивания чистой воды из небольших бассейнов, бочек. | | Насадка для загрязненной воды: для откачивания загрязненной воды из резервуаров, котлованов или подвалов. | | | | | Комплектация: | | + Насос 3-в-1; | + Универсальный соединительный штуцер с угловым коленом; | + Насадкой для перекачивания чистой воды; | + Насадкой для перекачивания загрязненной воды; | + Инструкция по эксплуатации; | + Коробка",,https://content.tools.by/images/products/ce-5975150328/uw9/uw9DACvpv9ZnTxKBnd0l59WYNmdtKo7BKKI6LeZi.jpg,https://tools.by/product/1674344?slide=2
Подшипник усиленный для тачек ECO ф35x16 мм,WB-P205,"28,80","Производитель: | ECO GROUP HONG KONG LIMITED, UNIT 617, 6/F, 131-132 CONNAUGHT ROAD WEST, SOLO WORKSHOPS, HONG KONG | | | Назначение: | Для хозяйственных нужд | | | Страна изготовления: | Китай | | | Импортер/Продавец: | ООО ""ТД Комплект"", РБ, г.Минск, ул. Кнорина,д.50,к.302 А | | | Штрихкод: | | 8212107214781 | | | | | Габариты ДxШxВ, см: | 2 x 2 x 2 | | | Вес с упаковкой, кг: | 0.047 | | | | | | | | | | | | | | | | | | ECO | Садовая и силовая техника | | | | | | | | | Описание: | Подходит к тачкам: | WB4024-1; WB6203-1; WB6204; WB6418; WB6203-1; WB6404-2; WB6820-2HD; WB150-1",,https://content.tools.by/images/products/cb-0554057600/HAv/HAvKjqBHXxKCW8nvNYC8UWVWYWIknXlJdROCaibV.jpg,https://tools.by/product/924402
"Насос погружной для загрязненной воды, нерж. ECO DI-903, 900Вт
                    (900 Вт, 14500 л/ч, 9 м)",PF0610,"376,22","Преимущества: | | ■ Асинхронный двигатель с защитой от перегрузок. | ■ Автоматическое включениевыключение при помощи поплавкового выключателя. | ■ Корпус насоса из нержавеющей стали. | ■ Крыльчатка из технополимера разработана специально для загрязненной воды. | ■ Клапана деаэрации автоматически развоздушивают полость насоса. | | | | | | | | | | | Файлы | | | | | | | | | Производитель: | ECO GROUP HONG KONG LIMITED, UNIT 617, 6/F, 131-132 CONNAUGHT ROAD WEST, SOLO WORKSHOPS, HONG KONG | | | Назначение: | Для хозяйственных нужд | | | Страна изготовления: | Китай | | | Импортер/Продавец: | ООО ""ТД Комплект"", РБ, г.Минск, ул. Кнорина,д.50,к.302 А | | | Штрихкод: | | 8212107214828 | | | | | Габариты ДxШxВ, см: | 22 x 16 x 37 | | | Вес с упаковкой, кг: | 5.56 | | | | | | | | | | | | | | | | | | ECO | Садовая и силовая техника | | | | | | | | | Описание: | В комплект входит универсальный патрубок с угловым коленом.",,https://content.tools.by/images/products/cb-4086816727/Hja/HjaB2y9LKswMP8Ck3JeUH5oFJKB5wiPpKjMyzPws.jpg,https://tools.by/product/1011040
"Пневмомолоток ECO AHM10-01
                    (4500 уд/мин; 1.12 Дж; 120л/мин; Хвостовик:10 мм; Долото - 4 шт.)",KAJA18E1,"13,48","Преимущества: | | ■ Для зубил с круглым и шестигранным хвостовиком | ■ Присутствует регулировка усилия удара (мощности). | ■ Алюминиевый корпус | ■ 4 зубила различной формы в комплекте | ■ Подходит для работы с кирпичной и каменной кладкой, газобетоном, для отбивания штукатурки и кафеля и других легких долбежных работ. Также используется при зачистке металлических и пластиковых поверхностей | | | | | | | | | | | Файлы | | | | | | | | | Производитель: | ECO GROUP HONG KONG LIMITED, UNIT 617, 6/F, 131-132 CONNAUGHT ROAD WEST, SOLO WORKSHOPS, HONG KONG | | | Назначение: | | | | Страна изготовления: | Китай | | | Импортер/Продавец: | ООО ""ТД Комплект"", РБ, г.Минск, ул. Кнорина,д.50,к.302 А | | | Штрихкод: | | 8213112891967 | | | | | Габариты ДxШxВ, см: | 15.2 x 16.2 x 5.8 | | | Вес с упаковкой, кг: | 1.606 | | | | | | | | | | | | | | | | | | ECO | Садовая и силовая техника | | | | | | | | | Комплектация: | | + Пневмомолоток; | + Зубило - 4 шт; | + Инструкция;",,https://content.tools.by/images/products/cg-0842092431/8Fv/8FvwBodeinY6zIk4qGszYsRmz1OpAkfG7qEIi2Gp.jpg,https://tools.by/product/1583255
"Насос скважинный винтовой ECO DWS-75
                    (750 Вт, 2,1 м3/ч, 105 м, винтовой, 3""/ 7,62 см)",PF0800,"273,82","Преимущества: | | ■ Насос имеет малые габариты и может быть использован в скважинах от 100 мм. | ■ Асинхронный маслозаполненный двигатель с медной обмоткой имеет высокий ресурс и не требует технического обслуживания на протяжении всего срока службы. | ■ Винтовой тип насоса обеспечивает высокий напор. | ■ Корпус насоса изготовлен из нержавеющей стали, а напорный фланец и соединительный элемент из чугуна, что позволяет полностью исключить появление коррозии. | | | | | | | | | | | | | Производитель: | ECO GROUP HONG KONG LIMITED, UNIT 617, 6/F, 131-132 CONNAUGHT ROAD WEST, SOLO WORKSHOPS, HONG KONG | | | Назначение: | Для хозяйственных нужд | | | Страна изготовления: | Китай | | | Импортер/Продавец: | ООО ""ТД Комплект"", РБ, г.Минск, ул. Кнорина,д.50,к.302 А | | | Штрихкод: | | 6979163401785 | | | | | Габариты ДxШxВ, см: | 62 x 7.6 x 7.6 | | | Вес с упаковкой, кг: | 9.8 | | | | | | | | | | | | | | | | | | ECO | Садовая и силовая техника | | | | | | | | | Описание: | Скважинный насос ECO серии DWS предназначен для бытового использования. Он применяется для подачи чистой пресной воды из скважин диаметром не менее 100 мм, глубоких колодцев и резервуаров. | | | | | Комплектация: | | + Электронасос - 1 шт.; | + Руководство по эксплуатации - 1 шт.; | + Упаковка",,https://content.tools.by/images/products/ci-4887030784/ZUv/ZUvmLdrAu58vhLd3GXKLfs78FRF7YUPPNBbMyFRI.jpg,https://tools.by/product/1735788
"Электростанция сварочная ECO PE-210RWI
                    (инверторный, 5.5 кВт, 230 В, бак 15.0 л, вес 39,5 кг, для сварки постоянным током, 20А - 210А)",EC1564-0,"1 692,00","Преимущества: | | ■ инверторный тип | ■ сварочный ток 20 А-210 А | ■ чистое синусоидальное напряжение на выходе | ■ мaкс. диаметр электродов 5 мм | ■ медная обмотка альтернатора | ■ компактные размеры | ■ защита от низкого уровня масла | ■ защита от перегрузки | ■ индикатор уровня топлива | ■ цифровой индикатор 3-в-1: вольтметр, частотометр, счетчик моточасов | ■ индикатор силы тока | ■ усиленная рама | ■ чугунная гильза, увеличивающая моторесурс двигателя | ■ низкий уровень шума | | | | | | | | | | | Файлы | | | | | | | | | Производитель: | ECO GROUP HONG KONG LIMITED, UNIT 617, 6/F, 131-132 CONNAUGHT ROAD WEST, SOLO WORKSHOPS, HONG KONG | | | Назначение: | | | | Страна изготовления: | Китай | | | Импортер/Продавец: | ООО ""ТД Комплект"", РБ, г.Минск, ул. Кнорина,д.50,к.302 А | | | Штрихкод: | | 6977125197387 | | | | | Габариты ДxШxВ, см: | 56 x 44 x 53 | | | Вес с упаковкой, кг: | 41.15 | | | | | | | | | | | | | | | | | | ECO | Садовая и силовая техника | | | | | | | | | Описание: | Инверторная сварочная электростанция ECO PE-210RWI предназначена для использования в качестве автономного источника ручной дуговой сварки или подключения электрооборудования. Бензиновая станция с функцией сварки представляет собой комбинированную электростанцию для сварки и энергоснабжения. Современный сварочный модуль позволяет выбрать силу тока в диапазоне от 20А до 210А. Электростанция оснащена двумя цифровыми дисплями с отображением: напряжения, частоты тока, счётчиком мото-часов и силы сварочного тока. | | Внимание! При подборе электростанции необходимо учитывать пусковые токи устройства-потребителя электроэнергии. | Внимание! Двигатель поставляется без масла! Рекомендуемое моторное масло - 10W-40. | | | | | Комплектация: | | + Электростанция; | + Вилка 16 А, 220 В - 2 шт; | + Разъем сварочный 35-50 мм2 - 2 шт.; | + Свечной ключ; | + Топливная воронка; | + Руководство по эксплуатации;",,https://content.tools.by/images/products/cz-0089276513/vyv/vyvNuzxXdjIYg7kuMXCFi8y0MiGqqpqVoCxXHgVE.jpg,https://tools.by/product/1690133
"Газонокосилка бензиновая ECO LG-533
                    (4.0 л.с., шир. 46 см, ручной привод, стальн. корпус, травосборник 60 л)",DG2112-1,"522,00","Преимущества: | | ■ Бензиновый двигатель 4.0 л.с MX150 | ■ Ручной привод | ■ Ширина кошения 46 см | ■ Ручной запуск | ■ Централизованная установка высоты (7 уровней) | ■ Мягкий травосборник 60 л | ■ Стальная дека | ■ Колеса с подшипниками | | | | | | | | | | | Файлы | | | | | | | | | Производитель: | ECO GROUP HONG KONG LIMITED, UNIT 617, 6/F, 131-132 CONNAUGHT ROAD WEST, SOLO WORKSHOPS, HONG KONG | | | Назначение: | Садово-парковое назначение | | | Страна изготовления: | Китай | | | Импортер/Продавец: | ООО ""ТД Комплект"", РБ, г.Минск, ул. Кнорина,д.50,к.302 А | | | Штрихкод: | | 8212107214873 | | | | | Габариты ДxШxВ, см: | 78 x 54.5 x 40.5 | | | Вес с упаковкой, кг: | 25.85 | | | | | | | | | | | | | | | | | | ECO | Садовая и силовая техника",,https://content.tools.by/images/products/cb-0630686160/QYA/QYAn0IF1IZLyCBc0uYBf56CQuOusKDMaxstjMR4C.jpg,https://tools.by/product/997728
"Фильтр воздушный (минифильтр)  ECO (1/4"")",AR-01-14,"26,54","Производитель: | ECO GROUP HONG KONG LIMITED, UNIT 617, 6/F, 131-132 CONNAUGHT ROAD WEST, SOLO WORKSHOPS, HONG KONG | | | Назначение: | Для обеспечения шланговых соединений | | | Страна изготовления: | Китай | | | Импортер/Продавец: | ООО ""ТД Комплект"", РБ, г.Минск, ул. Кнорина,д.50,к.302 А | | | Штрихкод: | | 6921501776147 | | | | | Габариты ДxШxВ, см: | 5 x 5 x 10.5 | | | Вес с упаковкой, кг: | 0.108 | | | | | | | | | | | | | | | | | | ECO | Садовая и силовая техника | | | | | | | | | Описание: | Фильтр необходим для очистки воздуха от примесей масла и влаги.",,https://content.tools.by/images/products/cb-3424734360/MSS/MSSEg1CHklOB3jXNRMJfMcTCO1JXGfF3b0lhd8WF.jpg,https://tools.by/product/915873
"Пневмогайковерт-трещотка 1/2"" 68Nm ECO APR-70
                    (68 Нм, 160 об/мин, расход воздуха: 120 л/мин, рабочее давление: 6,3 бар, посадочный квадрат 1/2"")",KAAX1235,"628,20","Преимущества: | | ■ Компактная конструкция позволяет работать в самых сложных условиях и труднодоступных местах | | | | | | | | | | | Файлы | | | | | | | | | Производитель: | ECO GROUP HONG KONG LIMITED, UNIT 617, 6/F, 131-132 CONNAUGHT ROAD WEST, SOLO WORKSHOPS, HONG KONG | | | Назначение: | Для бытовых ремонтных работ | | | Страна изготовления: | Китай | | | Импортер/Продавец: | ООО ""ТД Комплект"", РБ, г.Минск, ул. Кнорина,д.50,к.302 А | | | Штрихкод: | | 8212107216099 | | | | | Габариты ДxШxВ, см: | 28 x 5.5 x 4.8 | | | Вес с упаковкой, кг: | 1.363 | | | | | | | | | | | | | | | | | | ECO | Садовая и силовая техника",,https://content.tools.by/images/products/cb-4483490076/0nS/0nSErOEh6zv0DKxNGBDFPEeSQdzx7QM7LEmi53b8.jpg,https://tools.by/product/998937?slide=2
"Компрессор автомобильный ECO AE-016-1
                    (12 В, 150 Вт, 40 л/мин, 10 бар (манометр 7 бар), съемный спир. шланг, сумка)",AE-015-3,"78,90","Преимущества: | | ■ Двигатель со 100% медной обмоткой обеспечивает гарантированно высокий ресурс устройства | ■ Тефлоновый поршень с подшипником | ■ Быстросъемный коннектор для выходного шланга | ■ Спиральный шланг 3 м в комплекте | ■ Время накачивания колеса 195/65/R15 до давления 2 бар: 3-4 мин* | ■ Манометр с защитной накладкой градуирован до 7 бар | ■ Удобная ручка для переноски | ■ Резьбовой коннектор с антикороззийным напылением | ■ Антивибрационные резиновые ножки. | ■ | ■ *время указано с запасом, на практике реальное время зависит от размера и степени накачки колеса, температуры и влажности воздуха. | | | | | | | | | | | Файлы | | | | | | | | | Производитель: | ECO GROUP HONG KONG LIMITED. UNIT 617, 6/F, 131-132 CONNAUGHT ROAD WEST, SOLO WORKSHOPS, HONG KONG, CHINA | | | Назначение: | Для компрессии воздуха | | | Страна изготовления: | Китай | | | Импортер/Продавец: | ООО ""ТД Комплект"", РБ, г.Минск, ул. Кнорина,д.50,к.302 А | | | Штрихкод: | | 8213112891318 | | | | | Габариты ДxШxВ, см: | 20.4 x 13.5 x 16.5 | | | Вес с упаковкой, кг: | 1.667 | | | | | | | | | | | | | | | | | | ECO | Садовая и силовая техника | | | | | | | | | Комплектация: | | + Компрессор; | + Спиральный шланг 3 м; | + Чехол для хранения; | + 3 дополнительные насадки для накачивания мячей, матрасов и т.д.; | + Руководство по эксплуатации;",,https://content.tools.by/images/products/cv-1149348000/1iV/1iV0gOTfJdunF6Mmh9kwO5GnopR0VpfDyY2APFYW.jpg,https://tools.by/product/1037278
"Компрессор ECO AE-705-3 коаксиальный
                    (440 л/мин, 8 атм, коаксиальный, масляный, ресив. 70 л, 220 В, 2.20 кВт)",SG1512,"763,00","Преимущества: | | ■ Простая и надежная конструкция компрессора позволяет широко использовать его в бытовых целях | ■ Увеличенный масляный картер, для лучшей смазки и отвода тепла от поршневой группы | ■ Защитные кожуха на головках цилиндров предотвращают от ожогов, делая конструкцию более безопасной | ■ Конденсатор увеличенной емкости для работы на пониженном напряжении | ■ Тепловая защита двигателя | ■ Латунный обратный клапан | ■ Регулировка давления на выходе | ■ Два манометра | ■ Два быстросъема с латунным клапаном. | | | | | | | | | | | Файлы | | | | | | | | | Производитель: | ECO GROUP HONG KONG LIMITED, UNIT 617, 6/F, 131-132 CONNAUGHT ROAD WEST, SOLO WORKSHOPS, HONG KONG | | | Назначение: | Для компрессии воздуха | | | Страна изготовления: | Китай | | | Импортер/Продавец: | ООО ""ТД Комплект"", РБ, г.Минск, ул. Кнорина,д.50,к.302 А | | | Штрихкод: | | 6923112894395 | | | | | Габариты ДxШxВ, см: | 92 x 33.5 x 64.5 | | | Вес с упаковкой, кг: | 45.5 | | | | | | | | | | | | | | | | | | ECO | Садовая и силовая техника | | | | | | | | | Описание: | Поршневой масляный компрессор с прямым приводом. | Компрессор поставляется с компрессорным маслом необходимого объема для стартового запуска компрессора. Масло может быть заправлено в картер компрессорной головы компрессора, либо перелито в отдельную | герметичную емкость для целей транспортировки во избежание утечки из | картера в зависимости от условий транспортировки изделия. | | Внимание! В картере могут находиться остатки масла. Это связано с тем, что 100% устройств запускается на производстве после сборки для проверки на работоспособность. | | | | | Комплектация: | | + Компрессор; | + Фильтр воздушный (2 шт); | + Колесо транспортировочное (2 шт); | + Опорная ножка (2 шт); | + Комплект крепежа.",,https://content.tools.by/images/products/cb-1892754600/54T/54THWmlu609IB6LSktqSbWUrp7oc5CSWGmvyXHrP.jpg,https://tools.by/product/983762
"Набор пневмоинструмента ECO SGK-5 (5 предметов,верх. бак)",SGK-51,"68,00","Файлы | | | | | | | | | Производитель: | ECO GROUP HONG KONG LIMITED, UNIT 617, 6/F, 131-132 CONNAUGHT ROAD WEST, SOLO WORKSHOPS, HONG KONG | | | Назначение: | Для бытовых ремонтных работ | | | Страна изготовления: | Китай | | | Импортер/Продавец: | ООО ""ТД Комплект"", РБ, г.Минск, ул. Кнорина,д.50,к.302 А | | | Штрихкод: | | 5291501776524 | | | | | Габариты ДxШxВ, см: | 30 x 12 x 13 | | | Вес с упаковкой, кг: | 1.71 | | | | | | | | | | | | | | | | | | ECO | Садовая и силовая техника | | | | | | | | | Описание: | Базовый набор пневмоинструментов, состоящий из популярных компонентов, которые пригодятся начинающему пользователю воздушного компрессора. В набор входит краскораспылитель типа HVLP, пистолет моечный для мойки поверхностей моющими составами, пистолет для подкачки шин с манометром, продувочный пистолет для очистки поверхностей от пыли и сухой грязи и спиральный пневматический шланг для подключения аксессуаров к компрессору. | Поставляется в картонной коробке. | | | | | Комплектация: | | + Краскораспылитель HVLP; | + Пластиковый бачок краскораспылителя; | + Пистолет моечный; | + Пистолет для подкачки шин с манометром; | + Пистолет продувочный; | + Шланг спиральный; | + Картонная коробка.",,https://content.tools.by/images/products/cb-0000707827/NXd/NXdKjx87b9mscct3JF9SLKtkZDExF0NSPBTJgqtn.jpg,https://tools.by/product/57027
"Компрессор ECO AE-501-3 коаксиальный
                    (260 л/мин, 8 атм, коаксиальный, масляный, ресив. 50 л, 220 В, 1.80 кВт)",AC-254,"682,00","Преимущества: | | ■ Увеличенные габариты двигателя (по сравнению с моделью 501-4) | ■ Воздушная трубка с теплоотводом | ■ Регулятор давления | ■ 2 быстросъемных выхода | ■ Воздушный фильтр с поролоновым фильтроэлементом | ■ Манометры с металлическим корпусом | ■ Колеса с резиновыми накладками | | | | | | | | | | | Файлы | | | | | | | | | Производитель: | SKIPFIRE LIMITED Romanou, 2, TLAIS TOWER, 6th floor, office 601, P.C.1070, Nicosia, Cyprus. Кипр | | | Назначение: | Для компрессии воздуха | | | Страна изготовления: | Китай | | | Импортер/Продавец: | ООО ""ТД Комплект"", РБ, г.Минск, ул. Кнорина,д.50,к.302 А | | | Штрихкод: | | 6923112894234 | | | | | Габариты ДxШxВ, см: | 69.5 x 33 x 67 | | | Вес с упаковкой, кг: | 31 | | | | | | | | | | | | | | | | | | ECO | Садовая и силовая техника | | | | | | | | | Описание: | ВНИМАНИЕ!!! | Уровень масла должен быть немного выше верхней границы красной точки на глазке! | Компрессор поставляется с компрессорным маслом необходимого объема для стартового запуска компрессора. Масло может быть заправлено в картер компрессорной головы компрессора, либо перелито в отдельную | герметичную емкость для целей транспортировки во избежание утечки из | картера в зависимости от условий транспортировки изделия. | | Внимание! В картере могут находиться остатки масла. Это связано с тем, что 100% устройств запускается на производстве после сборки для проверки на работоспособность. | | | | | Комплектация: | | + Компрессор; | + Фильтр воздушный; | + Колесо транспортировочное (2 шт); | + Опорная ножка (2 шт); | + Комплект крепежа.",,https://content.tools.by/images/products/cb-0058040136/Abp/AbpjUosS7QhELTGoBLYcJWTNQSLWsNghRrchZ4BH.jpg,https://tools.by/product/981909
Карбюратор ECO ST180,CSP-ST361-005,"90,00","Производитель: | ECO GROUP HONG KONG LIMITED, UNIT 617, 6/F, 131-132 CONNAUGHT ROAD WEST, SOLO WORKSHOPS, HONG KONG | | | Назначение: | Запасные части | | | Страна изготовления: | Китай | | | Импортер/Продавец: | ООО ""ТД Комплект"", РБ, г.Минск, ул. Кнорина,д.50,к.302 А | | | Штрихкод: | | 8210803862916 | | | | | Габариты ДxШxВ, см: | 20 x 5 x 5 | | | Вес с упаковкой, кг: | 0.126 | | | | | | | | | | | | | | | | | | ECO | Садовая и силовая техника | | | | | | | | | Описание: | Совместимость: | для бензопил STIHL MS180 | | | | | Комплектация: | | + карбюратор - 1шт;",,https://content.tools.by/images/products/ce-1328581100/tSv/tSvOIHqToCVjvTEQa4zidJe8UcNTR9QwO20ES1hf.jpg,https://tools.by/product/1647808
Карбюратор ECO HU125R/128R,GTP-X006,"46,80","Производитель: | ECO GROUP HONG KONG LIMITED, UNIT 617, 6/F, 131-132 CONNAUGHT ROAD WEST, SOLO WORKSHOPS, HONG KONG | | | Назначение: | Запасные части | | | Страна изготовления: | Китай | | | Импортер/Продавец: | ООО ""ТД Комплект"", РБ, г.Минск, ул. Кнорина,д.50,к.302 А | | | Штрихкод: | | 8210803862138 | | | | | Габариты ДxШxВ, см: | 20 x 5 x 5 | | | Вес с упаковкой, кг: | 0.143 | | | | | | | | | | | | | | | | | | ECO | Садовая и силовая техника | | | | | | | | | Описание: | Совместимость: | для мотокос Husqvarna 125R128R | | | | | Комплектация: | | + карбюратор в сборе - 1шт;",,https://content.tools.by/images/products/ce-0224261310/R0P/R0PEBdwDS51wvdXZ4A25wKdNCnWhr33havSlQrPf.jpg,https://tools.by/product/1647917
"Газонокосилка бензиновая ECO LG-435
                    (3.5 л.с., шир. 40 см, ручной привод, пластик. корпус, травосборник 40 л)",EC3410-1,"810,00","Преимущества: | | ■ Бензиновый двигатель 3.5 л.с MX135. | ■ Ширина кошения 40 см | ■ Установка высоты (3 уровня) | ■ Мягкий травосборник 40 л | ■ Пластиковая дека | | | | | | | | | | | Файлы | | | | | | | | | Производитель: | ECO GROUP HONG KONG LIMITED, UNIT 617, 6/F, 131-132 CONNAUGHT ROAD WEST, SOLO WORKSHOPS, HONG KONG | | | Назначение: | Садово-парковое назначение | | | Страна изготовления: | Китай | | | Импортер/Продавец: | ООО ""ТД Комплект"", РБ, г.Минск, ул. Кнорина,д.50,к.302 А | | | Штрихкод: | | 8213112891707 | | | | | Габариты ДxШxВ, см: | 66 x 46.7 x 36.5 | | | Вес с упаковкой, кг: | 19.3 | | | | | | | | | | | | | | | | | | ECO | Садовая и силовая техника",,https://content.tools.by/images/products/cv-0091691155/sgZ/sgZP1244vaIcysG3Wt0GFDQPrxlj3imHwa1rhlwO.jpg,https://tools.by/product/1555472
"Насос погружной для чистой воды ECO CP-405, 400 Вт
                    (400 Вт; 7200 л/ч; 6,3м)",AP02A03,"540,00","Преимущества: | | ■ Асинхронный двигатель с защитой от перегрузок. | ■ Рабочее колесо (крыльчатка) закрытого типа. | ■ Автоматическое включениевыключение при помощи поплавкового выключателя. | ■ Клапана деаэрации автоматически развоздушивает полость насоса. | ■ Съёмная ручка. | ■ В комплект входит: поворотное колено 90 градусов 1 шт., универсальный патрубок 1 шт. | | | | | | | | | | | Файлы | | | | | | | | | Производитель: | ECO GROUP HONG KONG LIMITED, UNIT 617, 6/F, 131-132 CONNAUGHT ROAD WEST, SOLO WORKSHOPS, HONG KONG | | | Назначение: | Для хозяйственных нужд | | | Страна изготовления: | Китай | | | Импортер/Продавец: | ООО ""ТД Комплект"", РБ, г.Минск, ул. Кнорина,д.50,к.302 А | | | Штрихкод: | | 8212107216235 | | | | | Габариты ДxШxВ, см: | 20 x 14 x 30.5 | | | Вес с упаковкой, кг: | 3.85 | | | | | | | | | | | | | | | | | | ECO | Садовая и силовая техника | | | | | | | | | Комплектация: | | + Насос погружной; | + Поворотное колено 90 градусов 1 шт; | + Универсальный патрубок 1 шт;",,https://content.tools.by/images/products/cb-1116236544/3AK/3AKER9bNB3AjCKe1FdeuOmNBqFM7ej7uaGxZRaw6.jpg,https://tools.by/product/1011050
Маховик ECO ST360,CSP-009P,"75,60","Производитель: | ECO GROUP HONG KONG LIMITED, UNIT 617, 6/F, 131-132 CONNAUGHT ROAD WEST, SOLO WORKSHOPS, HONG KONG | | | Назначение: | Запасные части | | | Страна изготовления: | Китай | | | Импортер/Продавец: | ООО ""ТД Комплект"", РБ, г.Минск, ул. Кнорина,д.50,к.302 А | | | Штрихкод: | | 8210803862657 | | | | | Габариты ДxШxВ, см: | 7 x 7 x 5 | | | Вес с упаковкой, кг: | 0.41 | | | | | | | | | | | | | | | | | | ECO | Садовая и силовая техника | | | | | | | | | Описание: | Совместимость: | для бензопил STIHL MS360 | | | | | Комплектация: | | + маховик - 1шт;",,https://content.tools.by/images/products/ce-0878299191/7lx/7lxG19nw6ut29ai25Ytu5JdnLA7pGo8vd6yuEWed.jpg,https://tools.by/product/1647834
"Бетоносмеситель ECO CM-140
                    (объём 140/92 л, 700 Вт, 230 В, вес 43 кг)",CM-71,"696,40","Преимущества: | | ■ Долговечный чугунный зубчатый венец и чугунная ведущая шестерня | ■ Защитный кожух на ведущей шестерне | ■ Надёжный асинхронный двигатель с защитой от перегрева | ■ Эффективное воздушное охлаждение двигателя | ■ Высокопрочный приводной ремень ручейкового типа, усиленный синтетическим армирующим кордом | ■ Электромагнитный выключатель с системой защиты от случайного включения | ■ Прочная опорная рама | ■ Удобное опрокидывание путем отклонения рулевого колеса | ■ Барабан крепится к подшипнику с помощью болтового соединения | ■ Ручка для удобства перемещения устройства по строительному участку | | | | | | | | | | | Файлы | | | | | | | | | Производитель: | ECO GROUP HONG KONG LIMITED, UNIT 617, 6/F, 131-132 CONNAUGHT ROAD WEST, SOLO WORKSHOPS, HONG KONG | | | Назначение: | Для общестроительных работ | | | Страна изготовления: | Китай | | | Импортер/Продавец: | ООО ""ТД Комплект"", РБ, г.Минск, ул. Кнорина,д.50,к.302 А | | | Штрихкод: | | 6976215883551 | | | | | Габариты ДxШxВ, см: | 73 x 58 x 42.5 | | | Вес с упаковкой, кг: | 48.984 | | | | | | | | | | | | | | | | | | ECO | Садовая и силовая техника | | | | | | | | | Комплектация: | | + Бетоносмеситель | + Комплект крепежа | + Инструкция по эксплуатации | + Коробка",,https://content.tools.by/images/products/ce-3019999788/QIK/QIKWHGn2ERQebjlTNelGPvLjEHl4Fx30GSvCoBUs.jpg,https://tools.by/product/1661996?slide=2
"Регулятор давления  с манометром ECO AR-14 на 1/4"" (AR-01-14)
                    (резьбовое соединение 1/4"")",AU-05-14,"37,91","Преимущества: | | ■ Компактное исполнение для размещения прямо на пневмоинструменте. | ■ Регулирование давления происходит за счет изменения проходного сечения шаровым клапаном. | ■ Металлический корпус манометра для прочности. | | | | | | | | | | | | | Производитель: | ECO GROUP HONG KONG LIMITED. UNIT 617, 6/F, 131-132 CONNAUGHT ROAD WEST, SOLO WORKSHOPS, HONG KONG, CHINA | | | Назначение: | | | | Страна изготовления: | Китай | | | Импортер/Продавец: | ООО ""ТД Комплект"", РБ, г.Минск, ул. Кнорина,д.50,к.302 А | | | Штрихкод: | | 6921501771142 | | | | | Габариты ДxШxВ, см: | 6 x 6 x 6 | | | Вес с упаковкой, кг: | 0.139 | | | | | | | | | | | | | | | | | | ECO | Садовая и силовая техника",,https://content.tools.by/images/products/cb-9501161632/zGJ/zGJ2Joc1iUNkh94JUX7lRaoNLlgUSPOvZiubOJ6Y.jpg,https://tools.by/product/926567
"Насос вибрационный ECO CPV-330 (10м, верхний забор)
                    (330Вт, 1300 л/ч, пров. 10м 3х0,75 мм2, аналог насоса Ручеек)",ECX2010-9,"6,90","Преимущества: | | ■ Защита от захвата грязи со дна резервуара или колодца благодаря верхнему забору воды | ■ Термозащита электропривода | ■ Прочный и эластичный электрический кабель сечением 0,75 мм2 | ■ Алюминиевый корпус не подвержен коррозии | ■ Капроновый шнур в комплекте для подвеса насоса | ■ Выходной штуцер елочка диаметром 3/4"" | | | | | | | | | | | Файлы | | | | | | | | | Производитель: | ECO GROUP HONG KONG LIMITED, UNIT 617, 6/F, 131-132 CONNAUGHT ROAD WEST, SOLO WORKSHOPS, HONG KONG | | | Назначение: | Для хозяйственных нужд | | | Страна изготовления: | Китай | | | Импортер/Продавец: | ООО ""ТД Комплект"", РБ, г.Минск, ул. Кнорина,д.50,к.302 А | | | Штрихкод: | | 6976215886361 | | | | | Габариты ДxШxВ, см: | 16.2 x 12.2 x 30 | | | Вес с упаковкой, кг: | 3.65 | | | | | | | | | | | | | | | | | | ECO | Садовая и силовая техника | | | | | | | | | Комплектация: | | + Насос; | + Капроновый шнур; | + Хомут червячный; | + Инструкция по эксплуатации; | + Коробка",,https://content.tools.by/images/products/cz-2541952133/S0c/S0cHfk9Fd61mMTcvzbJsu5OcVjiri7VRNNUIgx5y.jpg,https://tools.by/product/1665252?slide=2
Карбюратор ECO HU55/51,CSP-ST360-006,"79,20","Производитель: | ECO GROUP HONG KONG LIMITED, UNIT 617, 6/F, 131-132 CONNAUGHT ROAD WEST, SOLO WORKSHOPS, HONG KONG | | | Назначение: | Запасные части | | | Страна изготовления: | Китай | | | Импортер/Продавец: | ООО ""ТД Комплект"", РБ, г.Минск, ул. Кнорина,д.50,к.302 А | | | Штрихкод: | | 8210803862510 | | | | | Габариты ДxШxВ, см: | 20 x 5 x 5 | | | Вес с упаковкой, кг: | 0.16 | | | | | | | | | | | | | | | | | | ECO | Садовая и силовая техника | | | | | | | | | Описание: | Совместимость: | для бензопил Husqvarna 5551 | | | | | Комплектация: | | + карбюратор - 1шт;",,https://content.tools.by/images/products/ce-1377510016/yYJ/yYJPZ2v0vwqfawI5rxvyAKP3Vxu3tp79TDeSjEFX.jpg,https://tools.by/product/1647847
"Шланг полиэт. спиральный ф 6,5/10 мм с быстросъемн. соед. ECO (длина 10 м)
                    (толщ.стенки: 2 мм)",AHF-108,"73,50","Производитель: | ECO GROUP HONG KONG LIMITED. UNIT 617, 6/F, 131-132 CONNAUGHT ROAD WEST, SOLO WORKSHOPS, HONG KONG, CHINA | | | Назначение: | | | | Страна изготовления: | Китай | | | Импортер/Продавец: | ООО ""ТД Комплект"", РБ, г.Минск, ул. Кнорина,д.50,к.302 А | | | Штрихкод: | | 8212107216679 | | | | | Габариты ДxШxВ, см: | 8 x 8 x 50 | | | Вес с упаковкой, кг: | 0.482 | | | | | | | | | | | | | | | | | | ECO | Садовая и силовая техника | | | | | | | | | Описание: | Оконечники: Соединение быстросъемное ПАПА Соединение быстросъемное МАМА",,https://content.tools.by/images/products/cv-0014157000/dcI/dcIPueWlmpGLrFi7SKsahHx76ywTH0VKC00Isx8d.jpg,https://tools.by/product/1027476
"Электростанция (генератор бензиновый) ECO PE-1302RS
                    (1.1 кВт, 230 В, бак 6.0 л, вес 23 кг)",PE-9001ES,"1 908,00","Преимущества: | | ■ Лёгкая и компактная | ■ Блок AVR для стабильного напряжения | ■ Защита от перегрузки | ■ Защита от низкого уровня масла | ■ Жёсткая рама | ■ Чугунная гильза, увеличивающая моторесурс двигателя | ■ Низкий уровень шума и вибрации | ■ Розетка 12 В для зарядки АКБ | ■ Вольтметр. | | | | | | | | | | | Файлы | | | | | | | | | Производитель: | ECO GROUP HONG KONG LIMITED, UNIT 617, 6/F, 131-132 CONNAUGHT ROAD WEST, SOLO WORKSHOPS, HONG KONG | | | Назначение: | Для хозяйственных нужд | | | Страна изготовления: | Китай | | | Импортер/Продавец: | ООО ""ТД Комплект"", РБ, г.Минск, ул. Кнорина,д.50,к.302 А | | | Штрихкод: | | 6921803861145 | | | | | Габариты ДxШxВ, см: | 46.5 x 36 x 38 | | | Вес с упаковкой, кг: | 24.06 | | | | | | | | | | | | | | | | | | ECO | Садовая и силовая техника | | | | | | | | | Описание: | Легкая и компактная, недорогая и экономичная переносная электростанция придется по вкусу автотуристам и любителям пикников. Также может быть использована в качестве запасного источника питания. Встроенный масляный датчик остановит двигатель, если количество масла в картере уменьшится до критического уровня. В блоке двигателя используется чугунная гильза, увеличивающая моторесурс двигателя | Внимание! При подборе электростанции необходимо учитывать пусковые токи устройства-потребителя электроэнергии. | Внимание! Двигатель поставляется без масла! Рекомендуемое моторное масло - 10W-40. | | | | | Комплектация: | | + Электростанция; | + Вилка 16 А, 220 В; | + Комплект проводов с зажимами для АКБ; | + Свечной ключ; | + Руководство по эксплуатации;",,https://content.tools.by/images/products/cv-0281566800/Xqm/Xqm5PYIaj3CG2jCLnnSp98MWAyUIt0meQv7MZ167.jpg,https://tools.by/product/1049403
"Компрессор автомобильный ECO AE-015-3
                    (12 В, 150 Вт, 40 л/мин, 10 бар (манометр 7 бар), сумка)",AE-028-2,"126,00","Преимущества: | | ■ Двигатель со 100% медной обмоткой обеспечивает гарантированно высокий ресурс устройства | ■ Стальной поршень с подшипником | ■ Высококачественный шланг в защитной оплетке длиной 1 м | ■ Длинный кабель 4 м | ■ Время накачивания колеса 195/65/R15 до давления 2 бар: 3-4 мин* | ■ Большой манометр с защитной накладкой градуирован до 7 бар | ■ Резьбовой коннектор с антикороззийным напылением | ■ Антивибрационные резиновые ножки. | ■ | ■ *время указано с запасом, на практике реальное время зависит от размера и степени накачки колеса, температуры и влажности воздуха. | | | | | | | | | | | Файлы | | | | | | | | | Производитель: | ECO GROUP HONG KONG LIMITED. UNIT 617, 6/F, 131-132 CONNAUGHT ROAD WEST, SOLO WORKSHOPS, HONG KONG, CHINA | | | Назначение: | Для компрессии воздуха | | | Страна изготовления: | Китай | | | Импортер/Продавец: | ООО ""ТД Комплект"", РБ, г.Минск, ул. Кнорина,д.50,к.302 А | | | Штрихкод: | | 8213112891301 | | | | | Габариты ДxШxВ, см: | 22 x 13 x 20 | | | Вес с упаковкой, кг: | 1.925 | | | | | | | | | | | | | | | | | | ECO | Садовая и силовая техника | | | | | | | | | Комплектация: | | + Компрессор; | + Чехол для хранения; | + 3 дополнительные насадки для накачивания мячей, матрасов и т.д.; | + Руководство по эксплуатации;",,https://content.tools.by/images/products/cv-6410765912/3OK/3OKS0CiP5m3yBeHf4Lgbt9I2aZmnlDhPgntY15SZ.jpg,https://tools.by/product/1037350?slide=2
Соединение быстросъем. МАМА х елочка 10 мм (сталь) ECO,AB-MT12/E16,"10,34","Производитель: | ECO GROUP HONG KONG LIMITED, UNIT 617, 6/F, 131-132 CONNAUGHT ROAD WEST, SOLO WORKSHOPS, HONG KONG | | | Назначение: | Для обеспечения шланговых соединений | | | Страна изготовления: | Китай | | | Импортер/Продавец: | ООО ""ТД Комплект"", РБ, г.Минск, ул. Кнорина,д.50,к.302 А | | | Штрихкод: | | 5291501778184 | | | | | Габариты ДxШxВ, см: | 9.1 x 7 x 2.5 | | | Вес с упаковкой, кг: | 0.076 | | | | | | | | | | | | | | | | | | ECO | Садовая и силовая техника | | | | | | | | | Описание: | Соединение МАМА Европейского универсального типа (Euro universal type), подходит для быстросъемных соединений ПАПА следующих типов: США тип (USA type), Немецкий тип (Germany type), Орион тип (Orion type), Итальянский тип (Italian type). | Механизм замка - 6-ти шариковый | Никелевое покрытие стали для защиты от коррозии.",,https://content.tools.by/images/products/cb-0000557685/qOP/qOPqpNXVm8Uoq48DUUPdVmy5ZuDpw1cOQwNEplTM.jpg,https://tools.by/product/911519
"Компрессор ECO AE-100-OF1 безмасляный
                    (420 л/мин, 8 атм, коаксиальный, безмасляный, ресив. 100 л, 230 В, 2,4 кВт)",AE-50-OF1,"860,60","Преимущества: | | ■ Для использования не требуется заливка масла | ■ 3 высокопроизводительных и тихих бесщеточных электродвигателя с защитой от перегрузки | ■ 6-цилиндровый (3 компрессорные группы с 6 цилиндрами) | ■ Манометр давления в ресивере | ■ Манометр давления на выходе | ■ 2 выхода (быстросъемное соединение тип ""МАМА"" и штуцер ""елочка"") | ■ Регулятор давления | ■ Воздушные фильтры с бумажными фильтроэлементами | ■ 4 прорезиненных колеса и ручки на ресивере для удобства транспортировки | | | | | | | | | | | Файлы | | | | | | | | | Производитель: | ECO GROUP HONG KONG LIMITED, UNIT 617, 6/F, 131-132 CONNAUGHT ROAD WEST, SOLO WORKSHOPS, HONG KONG | | | Назначение: | | | | Страна изготовления: | Китай | | | Импортер/Продавец: | ООО ""ТД Комплект"", РБ, г.Минск, ул. Кнорина,д.50,к.302 А | | | Штрихкод: | | 6976215888815 | | | | | Габариты ДxШxВ, см: | 108 x 36.5 x 62 | | | Вес с упаковкой, кг: | 74.7 | | | | | | | | | | | | | | | | | | ECO | Садовая и силовая техника | | | | | | | | | Комплектация: | | + Компрессор; | + Фильтр воздушный (3 шт); | + Воздушная трубка (3 шт); | + Колесо транспортировочное (4 шт); | + Комплект крепежа; | + Руководство по эксплуатации; | + Коробка;",,https://content.tools.by/images/products/cz-0070602000/unG/unG9JxNScpSCAXd2Ii0jPQaHyzUerhqBx66mCXFe.jpg,https://tools.by/product/1672554
"Пневмогайковерт 1/2"" ECO AIW-1300S
                    (1100 Нм; Ударный мех-м: twin hammer; 198 л/мин; 7800 об/мин; Макс. резьба: М16)",KAAE1202,"281,90","Преимущества: | | ■ 3-х ступенчатая регулировка крутящего момента | ■ Функция реверса | ■ В комплекте три сменные головки из высококачественной легированной стали (17, 19 и 21 мм) | ■ Эргономичный дизайн | ■ Корпус из прочного материала, устойчивого к износу и повреждениям | | | | | | | | | | | Файлы | | | | | | | | | Производитель: | ECO GROUP HONG KONG LIMITED, UNIT 617, 6/F, 131-132 CONNAUGHT ROAD WEST, SOLO WORKSHOPS, HONG KONG | | | Назначение: | | | | Страна изготовления: | Китай | | | Импортер/Продавец: | ООО ""ТД Комплект"", РБ, г.Минск, ул. Кнорина,д.50,к.302 А | | | Штрихкод: | | 6977125190814 | | | | | Габариты ДxШxВ, см: | 18.5 x 6.9 x 18.5 | | | Вес с упаковкой, кг: | 3.246 | | | | | | | | | | | | | | | | | | ECO | Садовая и силовая техника | | | | | | | | | Комплектация: | | + Пневмогайковерт; | + Сменные головки из хромомолибденовой стали 1/2"" - 3 шт (17 мм, 19 мм, 21 мм); | + Ключ шестигранный на 5 мм; | + Быстросъем. штуцер ПАПА х нар. резьба 1/4"" (сталь); | + Масло для пневмоинструмента; | + Руководство по эксплуатации; | + Коробка;",,https://content.tools.by/images/products/cz-9695319099/Jqp/JqpnOHKouI3XP2siEsiJFChd5naMPoz2lEdEvgrM.jpg,https://tools.by/product/1677694?slide=2
"Опрыскиватель ранцевый бензиновый ECO PS-371
                    (2Т двигатель 2,8л.с.; бак 14 л; произв-сть воздушной смеси 1130м3/ч; расход жидкости до 1,8 л/мин)",UB1103,"214,92","Файлы | | | | | | | | | Производитель: | ECO GROUP HONG KONG LIMITED, UNIT 617, 6/F, 131-132 CONNAUGHT ROAD WEST, SOLO WORKSHOPS, HONG KONG | | | Назначение: | | | | Страна изготовления: | Китай | | | Импортер/Продавец: | ООО ""ТД Комплект"", РБ, г.Минск, ул. Кнорина,д.50,к.302 А | | | Штрихкод: | | 8210803863234 | | | | | Габариты ДxШxВ, см: | 48.7 x 41 x 73 | | | Вес с упаковкой, кг: | 12.75 | | | | | | | | | | | | | | | | | | ECO | Садовая и силовая техника | | | | | | | | | Описание: | Ранцевый бензиновый опрыскиватель используется в домашнем хозяйстве для ухода за растениями, подкормки растений и уничтожения насекомых. Также может использоваться для рассеивания семян, порошковых, гранулированных химикатов и как воздуходувное устройство. | Устройство оснащено мощным бензиновым двигателем 2.1 кВт, поэтому обеспечивает мобильность, с ним можно работать в поле и саду, не привязываясь к наличию розетки и электросети. | Ранцевая система позволяет перемещать опрыскиватель на спине во время его использования и равномерно распределять нагрузку, все элементы управления расположены на рукоятке. | | Особенности: | - опрыскиватель ранцевого типа; | - комплект для работы с сухими и сыпущими веществами в комплекте; | - двухтактный бензиновый двигатель; | - регулируемый расход жидкости 0,12 - 1,8 лмин; | - антивибрационные подушки двигателя; | - бак для жидкости 14 литров для продолжительной работы; | - большая заливная горловина с фильтром; | - сливная пробка на баке; | Комплект: | Мотоопрыскиватель в сборе; | Напорная труба; | Комплект для работы с сухими веществами; | Шланг гибкий;",,https://content.tools.by/images/products/ce-1820313200/isw/isw01xGdeEGwPTg0tM9RIkAbGZjFw7VNwWH2TrAe.jpg,https://tools.by/product/1638292?slide=2
Ремень д/мотокосы двухплечный ECO GTP-B27,GTP-B28,"45,00","Преимущества: | | ■ Пластиковый каркас | ■ Регулировка по росту | ■ Широкий пояс с регулировкой обхвата | ■ Карабин с функцией быстрого снятия мотокосы | ■ Двухточечное крепление | ■ Большая набедренная накладка | ■ Плечевые накладки | | | | | | | | | | | | | Производитель: | ECO GROUP HONG KONG LIMITED. UNIT 617, 6/F, 131-132 CONNAUGHT ROAD WEST, SOLO WORKSHOPS, HONG KONG | | | Назначение: | Садово-парковое назначение | | | Страна изготовления: | Китай | | | Импортер/Продавец: | ООО ""ТД Комплект"", РБ, г.Минск, ул. Кнорина,д.50,к.302 А | | | Штрихкод: | | 6923112892261 | | | | | Габариты ДxШxВ, см: | 40 x 24 x 2 | | | Вес с упаковкой, кг: | 0.768 | | | | | | | | | | | | | | | | | | ECO | Садовая и силовая техника | | | | | | | | | Описание: | Особенности: | - Пластиковый каркас; | - Регулировка по росту; | - Широкий пояс с регулировкой обхвата; | - Карабин с функцией быстрого снятия мотокосы; | - Двухточечное крепление; | - Большая набедренная накладка. | - Плечевые накладки.",,https://content.tools.by/images/products/cb-2957390942/E9d/E9dTc2EDQQVcg10hh3hrowQU63FwLlSMROQhf1DD.jpg,https://tools.by/product/939422
"Насос садовый ECO GFW-8P
                    (750 Вт, 3000 л/ч, до 45 м, корпус насоса чугун)",EC4213-5,"130,00","Преимущества: | | ■ Корпус насоса - чугун | ■ Асинхронный двигатель | ■ Защита от перегрузок | | | | | | | | | | | Файлы | | | | | | | | | Производитель: | ECO GROUP HONG KONG LIMITED, UNIT 617, 6/F, 131-132 CONNAUGHT ROAD WEST, SOLO WORKSHOPS, HONG KONG | | | Назначение: | | | | Страна изготовления: | Китай | | | Импортер/Продавец: | ООО ""ТД Комплект"", РБ, г.Минск, ул. Кнорина,д.50,к.302 А | | | Штрихкод: | | 6978018615780 | | | | | Габариты ДxШxВ, см: | 18.5 x 20.7 x 33.9 | | | Вес с упаковкой, кг: | 8.125 | | | | | | | | | | | | | | | | | | ECO | Садовая и силовая техника | | | | | | | | | Описание: | Насос бытовой садовый центробежный предназначен для перекачки чистой, пресной воды температурой не более 35°С из колодцев, скважин, резервуаров, а также открытых водоемов, для полива садов, огородов, приусадебных участков. | Насосом нельзя перекачивать агрессивные, легко воспламеняющиеся или взрывчатые жидкости (например, бензин, масла, нитрорастворители), морскую воду, также жидкие пищевые продукты. | Категорически запрещается перекачивание грязной воды, содержащей абразивные вещества или длинноволокнистые включения. | | | | | Комплектация: | | + Насос садовый - 1 шт.; | + Руководство по эксплуатации - 1 шт.; | + Упаковка",,https://content.tools.by/images/products/cz-1402486722/Zo0/Zo0fK5z3VeagyBz5fy8KeXS87XhcsdFJ3ltCDXaJ.jpg,https://tools.by/product/1719486
"Станция водоснабжения автоматическая ECO GFI-904
                    (900 Вт, 3100 л/ч, 42 м, 4.8 атм макс, корпус насоса чугун, бак 24 л)",EC4210-1,"176,00","Преимущества: | | ■ Компактная и надежная система для водоснабжения загородных домов, коттеджей, участков. | ■ Автоматическое управление с помощью реле. | ■ Накопительный бак (гидроаккумулятор) обеспечивает отсутствие скачков давления в водопроводной магистрали. | ■ Асинхронный двигатель с защитой от перегрузок. | ■ Баллон гидроаккумулятора из экологически безопасного EPDM. | ■ Корпус насоса из чугуна. | ■ Защита от перегрузок. | | | | | | | | | | | Файлы | | | | | | | | | Производитель: | ECO GROUP HONG KONG LIMITED, UNIT 617, 6/F, 131-132 CONNAUGHT ROAD WEST, SOLO WORKSHOPS, HONG KONG | | | Назначение: | Для хозяйственных нужд | | | Страна изготовления: | Китай | | | Импортер/Продавец: | ООО ""ТД Комплект"", РБ, г.Минск, ул. Кнорина,д.50,к.302 А | | | Штрихкод: | | 6920401862400 | | | | | Габариты ДxШxВ, см: | 52.5 x 32.3 x 52 | | | Вес с упаковкой, кг: | 18.51 | | | | | | | | | | | | | | | | | | ECO | Садовая и силовая техника",,https://content.tools.by/images/products/cb-2373003200/ezY/ezYZlJzPPrpfanzk9fPANsDghfmRkey9ezfJKO3a.jpg,https://tools.by/product/938573
"Соединение быстросъем. МАМА х нар. резьба 1/4"" (латунь) ECO",AB-E08/E08,"3,49","Производитель: | ECO GROUP HONG KONG LIMITED, UNIT 617, 6/F, 131-132 CONNAUGHT ROAD WEST, SOLO WORKSHOPS, HONG KONG | | | Назначение: | Для обеспечения шланговых соединений | | | Страна изготовления: | Китай | | | Импортер/Продавец: | ООО ""ТД Комплект"", РБ, г.Минск, ул. Кнорина,д.50,к.302 А | | | Штрихкод: | | 5291501778221 | | | | | Габариты ДxШxВ, см: | 7.6 x 9.2 x 2.6 | | | Вес с упаковкой, кг: | 0.076 | | | | | | | | | | | | | | | | | | ECO | Садовая и силовая техника | | | | | | | | | Описание: | Соединение МАМА Европейского универсального типа (Euro universal type), подходит для быстросъемных соединений ПАПА следующих типов: США тип (USA type), Немецкий тип (Germany type), Орион тип (Orion type), Итальянский тип (Italian type). | Механизм замка - 6-ти шариковый | Латунный корпус исключает возможность появления коррозии.",,https://content.tools.by/images/products/cb-5240775708/g7H/g7HDeTS4XftrjeleGHll2VsgDurCf3iQZ1T375ny.jpg,https://tools.by/product/911452
Пистолет для антикоррозионных покрытий  SG-35C14  ECO со шлангом,JEAM1437,"42,78","Файлы | | | | | | | | | Производитель: | ECO GROUP HONG KONG LIMITED. UNIT 617, 6/F, 131-132 CONNAUGHT ROAD WEST, SOLO WORKSHOPS, HONG KONG, CHINA | | | Назначение: | Для бытовых ремонтных работ | | | Страна изготовления: | Китай | | | Импортер/Продавец: | ООО ""ТД Комплект"", РБ, г.Минск, ул. Кнорина,д.50,к.302 А | | | Штрихкод: | | 6921501771166 | | | | | Габариты ДxШxВ, см: | 27.5 x 21.5 x 5 | | | Вес с упаковкой, кг: | 0.46 | | | | | | | | | | | | | | | | | | ECO | Садовая и силовая техника | | | | | | | | | Описание: | Встроенный регулятор давления.",,https://content.tools.by/images/products/cb-9309457513/eiW/eiWSnzNdEaP5fp4lviUYNoUHZYjMFjWhpDfZQOKa.jpg,https://tools.by/product/928476
"Соединение быстросъем. МАМА х нар. резьба 1/2"" (латунь) ECO",AS-M/E08,"2,70","Производитель: | ECO GROUP HONG KONG LIMITED, UNIT 617, 6/F, 131-132 CONNAUGHT ROAD WEST, SOLO WORKSHOPS, HONG KONG | | | Назначение: | Для обеспечения шланговых соединений | | | Страна изготовления: | Китай | | | Импортер/Продавец: | ООО ""ТД Комплект"", РБ, г.Минск, ул. Кнорина,д.50,к.302 А | | | Штрихкод: | | 5291501778245 | | | | | Габариты ДxШxВ, см: | 10 x 7.7 x 2.4 | | | Вес с упаковкой, кг: | 0.092 | | | | | | | | | | | | | | | | | | ECO | Садовая и силовая техника | | | | | | | | | Описание: | Соединение МАМА Европейского универсального типа (Euro universal type), подходит для быстросъемных соединений ПАПА следующих типов: США тип (USA type), Немецкий тип (Germany type), Орион тип (Orion type), Итальянский тип (Italian type). | Механизм замка - 6-ти шариковый | Латунный корпус исключает возможность появления коррозии.",,https://content.tools.by/images/products/cb-0224753890/Vbk/Vbk4PrkX9FA608syg3QmsxgkgzICc8lbp4z6W47J.jpg,https://tools.by/product/911451
"Газонокосилка бензиновая ECO LG-735 самоходная
                    (6.0 л.с., шир. 51 см, самоходная, авт.заслонка, мульчир., стальн. корпус, травосборник 70 л)",DG2112-1,"522,00","Преимущества: | | ■ Самоходная с отключаемым приводом | ■ Бензиновый двигатель 6.0 л.с. MX196 | ■ Автоматическая воздушная заслонка | ■ Стальная дека | ■ Централизованная установка высоты (8 уровней) | ■ Регулировка высоты ручки (3 уровня) | ■ Ширина кошения 51 см | ■ Функция мульчирования (нож специальной формы и заглушка в комплекте) | ■ Боковой выброс | ■ Задний выброс | ■ Большие колеса 8""/11"" с подшипниками | ■ Мягкий травосборник 70 л с жестким пластиковым верхом | ■ Бумажный фильтр | ■ Индикатор заполненного контейнера | ■ Штуцер для подключения воды для очистки деки | | | | | | | | | | | Файлы | | | | | | | | | Производитель: | ECO GROUP HONG KONG LIMITED, UNIT 617, 6/F, 131-132 CONNAUGHT ROAD WEST, SOLO WORKSHOPS, HONG KONG | | | Назначение: | Садово-парковое назначение | | | Страна изготовления: | Китай | | | Импортер/Продавец: | ООО ""ТД Комплект"", РБ, г.Минск, ул. Кнорина,д.50,к.302 А | | | Штрихкод: | | 8212107216846 | | | | | Габариты ДxШxВ, см: | 90 x 58.5 x 50 | | | Вес с упаковкой, кг: | 41.2 | | | | | | | | | | | | | | | | | | ECO | Садовая и силовая техника | | | | | | | | | Описание: | Газонокосилка, оснащенная двигателем ECO MX196 с мощностью 6 л.с стандарта EURO5. Двигатель оснащен автоматической воздушной заслонкой, которая облегчает пуск двигателя. В отличие от моделей без автоматической заслонки нет необходимости подкачивать топливо перед запуском.",,https://content.tools.by/images/products/cv-0818233948/NLl/NLl0hrGn1GnMkDPjWkTxZ5tv5I19NcIqgFJ5tbFp.jpg,https://tools.by/product/1034346
"Мотокоса ECO GTP-250S Power с разборной штангой
                    (2.5 кВт, 3.4 л.с., 52.0 см3, лёгкий запуск, разборная штанга, нож 3Т, ремень двухлямочный, вес 7.8 к)",EC1550-4,"318,20","Преимущества: | | ■ Разборная штанга диаметр 26 мм (состоит из двух частей) | ■ Надёжное соединение штанги (литая конструкция) | ■ Многофункциональная и эргономичная рукоятка велосипедного типа | ■ Эффективная антивибрационная система | ■ Использование улучшенного (усиленного) ручного стартера с системой лёгкий запуск | ■ Цельнометаллический приводной вал | ■ Редуктор повышенной прочности | ■ Топливный бак с полупрозрачными стенками | ■ Праймер (система лёгкого запуска) | ■ Ударопрочный корпус двигателя | ■ Комбинированный защитный кожух из прочного пластика | ■ Усиленная полуавтоматическая косильная катушка с леской | ■ Прочный трехлопастной нож | ■ Двухплечный ремень для большего комфорта при работе | ■ Два поршневых кольца для высокой компрессии. | | | | | | | | | | | Файлы | | | | | | | | | Производитель: | “SKIPFIRE LIMITED” Romanou, 2, TLAIS TOWER, 6th floor, flat/office 601, P.C.1070, Nicosia,Кипр | | | Назначение: | Садово-парковое назначение | | | Страна изготовления: | Китай | | | Импортер/Продавец: | ООО ""ТД Комплект"", РБ, г.Минск, ул. Кнорина,д.50,к.302 А | | | Штрихкод: | | 8210803861773 | | | | | Габариты ДxШxВ, см: | 95 x 30 x 25.5 | | | Вес с упаковкой, кг: | 9.05 | | | | | | | | | | | | | | | | | | ECO | Садовая и силовая техника | | | | | | | | | Описание: | Мощная модель для продвинутых пользователей, которые по достоинству оценят внушительный потенциал мотокосы. | Удобная и эргономичная рукоятка триммера изготовлена в виде велосипедного руля и может устанавливаться в различных положениях, это обеспечивает максимальную управляемость и уменьшает нагрузку на опорно-двигательный аппарат оператора. Блок управления находится на одной ручке, кнопки доступны и располагаются точно под пальцами оператора. | Разборная штанга изготовлена из легкого алюминия, что повышает прочность конструкции, снижая её вес. Штанга оснащена антивибрационными демпферами, поглощающими вибрацию и уменьшающими нагрузку на кисти и предплечья. | Жесткий приводной вал дает возможность использовать в работе нож или диск. | Конический редуктор имеет избыточный запас прочности и способен выдерживать большие нагрузки. При этом редуктор легко отсоединяется, что позволяет использовать двигатель мотокосы в качестве силового агрегата. | Топливный бак имеет полупрозрачные стенки для удобства контроля за уровнем топлива. | Мотокоса снабжена праймером для предварительной подкачки топлива, который облегчит запуск мотора. | Корпус двигателя выполнен из специального ударопрочного пластика и защищает от внешних механических воздействий. | Широкий защитный кожух защищает оператора от выброса травы, камней и других вылетающих из-под режущего инструмента предметов. | Надёжная полуавтоматическая катушка обеспечивает лёгкую подачу корда. | Прочный трёхлопасной нож с лёгкостью справится с дикорастущей травой и кустарником. | Два поршневых кольца создают стабильную компрессию, увеличивают срок службы цилиндро-поршневой группы. | | | | | Комплектация: | | + Двигатель двухтактный бензиновый - 1 шт; | + - Вал мотокосы в сборе - 1 шт; | + - Триммерная катушка - 1 шт; | + - Нож трёхлопастной - 1 шт; | + - Кожух защитный с винтами крепления - 1 шт; | + - Ремень плечевой - 1 шт. (двухплечный); | + - Комплект регулировочных инструментов и принадлежностей - 1 компл; | + - Дозатор топливной смеси - 1 шт; | + - Ручка левая - 1 шт; | + - Ручка правая - 1 шт; | + - Упаковка - 1 шт; | + - Упаковка вала - 1 шт; | + - Руководство пользователя - 1 шт;",,https://content.tools.by/images/products/cg-0031452092/IoJ/IoJOdAToFcEt2iyKygAhGde4YBG5kORvLiQffxZ0.jpg,https://tools.by/product/1600219?slide=2
"Газонокосилка бензиновая ECO LG-634 самоходная
                    (4.0 л.с., шир. 46 см, самоходная, мульчир., стальн.корпус, травосборник 50 л)",DG2112-1,"522,00","Преимущества: | | ■ Самоходная с отключаемым приводом | ■ Бензиновый двигатель 4.0 л.с. ECO MX150 | ■ Стальная дека | ■ Централизованная установка высоты (8 уровней) | ■ Ширина кошения 46 см | ■ Функция мульчирования (нож специальной формы и заглушка в комплекте) | ■ Боковой выброс | ■ Задний выброс | ■ Большие колеса 7""/8"" с подшипниками | ■ Мягкий травосборник 50 л с жестким пластиковым верхом | | | | | | | | | | | Файлы | | | | | | | | | Производитель: | ECO GROUP HONG KONG LIMITED, UNIT 617, 6/F, 131-132 CONNAUGHT ROAD WEST, SOLO WORKSHOPS, HONG KONG | | | Назначение: | | | | Страна изготовления: | Китай | | | Импортер/Продавец: | ООО ""ТД Комплект"", РБ, г.Минск, ул. Кнорина,д.50,к.302 А | | | Штрихкод: | | 6976215883162 | | | | | Габариты ДxШxВ, см: | 77.5 x 55.5 x 43.5 | | | Вес с упаковкой, кг: | 29.8 | | | | | | | | | | | | | | | | | | ECO | Садовая и силовая техника",,https://content.tools.by/images/products/cz-0005202000/lCL/lCLpYDdO3rPVYV1tEyFVbuk5rimbFiBlwM4GaAQO.jpg,https://tools.by/product/1667021
"Электростанция сварочная ECO PE-160RW
                    (инверторный, 1.1 кВт, 230 В, бак 15.0 л, для сварки постоянным током, 80А\160A)",EC1710-4,"2 268,00","Преимущества: | | ■ сварочный ток 80А/160А | ■ мaкс. диаметр электродов 4 мм | ■ медная обмотка альтернатора | ■ стандартная розетка на 1,1 кВт | ■ компактные размеры | ■ защита от низкого уровня масла | ■ защита от перегрузки | ■ индикатор уровня топлива | ■ цифровой индикатор 3-в-1: вольтметр, частотометр, счетчик моточасов | ■ усиленная рама | ■ Чугунная гильза, увеличивающая моторесурс двигателя | ■ низкий уровень шума. | | | | | | | | | | | Файлы | | | | | | | | | Производитель: | ECO GROUP HONG KONG LIMITED, UNIT 617, 6/F, 131-132 CONNAUGHT ROAD WEST, SOLO WORKSHOPS, HONG KONG | | | Назначение: | Для хозяйственных нужд | | | Страна изготовления: | Китай | | | Импортер/Продавец: | ООО ""ТД Комплект"", РБ, г.Минск, ул. Кнорина,д.50,к.302 А | | | Штрихкод: | | 8210803862077 | | | | | Габариты ДxШxВ, см: | 51 x 43.5 x 52 | | | Вес с упаковкой, кг: | 34.4 | | | | | | | | | | | | | | | | | | ECO | Садовая и силовая техника | | | | | | | | | Описание: | Сварочная электростанция со встроенным источником электрической энергии и двигателем внутреннего сгорания предназначена для использования в качестве автономного источника ручной дуговой сварки или подключения электрооборудования мощностью до 1,1кВт. Бензиновая станция с функцией сварки представляет собой комбинированную электростанцию для сварки и энергоснабжения. Современный сварочный модуль с 2-х режимным сварочным инвертором позволяет выбрать силу тока 80А или 160А. Система автоматического управления дросселем регулирует обороты двигателя в зависимости от величины потребляемой нагрузки, оптимизируя расход топлива и моторесурса. Электростанция оснащена цифровым дисплеем с отображением: напряжения, частоты тока и счётчиком мото-часов. | | Внимание! При подборе электростанции необходимо учитывать пусковые токи устройства-потребителя электроэнергии. Внимание! Двигатель поставляется без масла! Рекомендуемое моторное масло - 10W-40. | | | | | Комплектация: | | + Электростанция; | + Вилка 16А, 220В; | + Разъем сварочный - 2 шт.; | + Свечной ключ; | + Руководство по эксплуатации;",,https://content.tools.by/images/products/cd-0004957260/1xC/1xCzIrdGs9Q3K7jflZdeIrwor4HyIo9mPyP9OR5z.jpg,https://tools.by/product/1635487
"Декомпрессор ECO ST260-660, FS-300/350/500",CSP-HU137/142-023,"7,87","Производитель: | ECO GROUP HONG KONG LIMITED, UNIT 617, 6/F, 131-132 CONNAUGHT ROAD WEST, SOLO WORKSHOPS, HONG KONG | | | Назначение: | Запасные части | | | Страна изготовления: | Китай | | | Импортер/Продавец: | ООО ""ТД Комплект"", РБ, г.Минск, ул. Кнорина,д.50,к.302 А | | | Штрихкод: | | 8210803862909 | | | | | Габариты ДxШxВ, см: | 4 x 1 x 1 | | | Вес с упаковкой, кг: | 0.027 | | | | | | | | | | | | | | | | | | ECO | Садовая и силовая техника | | | | | | | | | Описание: | Совместимость: | для бензопил STIHL MS260-066 для мотокос STIHL FS300-550 | | | | | Комплектация: | | + декомпрессор - 1шт;",,https://content.tools.by/images/products/ce-7809478390/G2b/G2bwUAFmbtnwooZX0hhDLatZ71iHemy1q34RkPl1.jpg,https://tools.by/product/1647809
"Газонокосилка бензиновая ECO LG-645 E самоходная
                    (4 л.с., шир. 46 см, самоходная, электростарт, мульчир., стальн. корпус, травосборник 60 л)",LG-734,"1 148,40","Преимущества: | | ■ Мощный бензиновый двигатель; | ■ Электростартер, работающий от Li-ion аккумулятора; | ■ Аккумулятор и зарядное устройство в комплекте; | ■ Функция самоходного движения; | ■ 4 режима работы: сбор в травосборник, боковой и задний выброс, мульчирование; | ■ Центральная регулировка высоты скашивания в диапазоне 25-75 мм; | ■ Штуцер подключения шланга для легкой очистки деки после работы; | ■ Складная рукоятка - для удобства хранения и транспортировки; | | | | | | | | | | | Файлы | | | | | | | | | Производитель: | ECO GROUP HONG KONG LIMITED, UNIT 617, 6/F, 131-132 CONNAUGHT ROAD WEST, SOLO WORKSHOPS, HONG KONG | | | Назначение: | | | | Страна изготовления: | Китай | | | Импортер/Продавец: | ООО ""ТД Комплект"", РБ, г.Минск, ул. Кнорина,д.50,к.302 А | | | Штрихкод: | | 6978018610754 | | | | | Габариты ДxШxВ, см: | 81.5 x 57 x 49.5 | | | Вес с упаковкой, кг: | 35.6 | | | | | | | | | | | | | | | | | | ECO | Садовая и силовая техника | | | | | | | | | Комплектация: | | + Бензиновая газонокосилка | + Аккумулятор - 1 шт. | + Зарядное устройство | + Нож - 1 шт. (установлен на газонокосилку) | + Травосборник | + Свечной ключ | + Рукоятка | + Комплект быстрозажимных фиксаторов | + Кожух для бокового выброса | + Заглушка для мульчирования | + Инструкция по эксплуатации",,https://content.tools.by/images/products/cz-0605364059/vCR/vCRXHQe5dMTpfKga7oSvcPWOoj7OgUuGDSAKtlf3.jpg,https://tools.by/product/1703275
Соединение быстросъем. МАМА х елочка 10 мм (латунь) ECO,AB-F/FT38,"16,99","Производитель: | ECO GROUP HONG KONG LIMITED, UNIT 617, 6/F, 131-132 CONNAUGHT ROAD WEST, SOLO WORKSHOPS, HONG KONG | | | Назначение: | Для обеспечения шланговых соединений | | | Страна изготовления: | Китай | | | Импортер/Продавец: | ООО ""ТД Комплект"", РБ, г.Минск, ул. Кнорина,д.50,к.302 А | | | Штрихкод: | | 5291501778269 | | | | | Габариты ДxШxВ, см: | 9.5 x 7.5 x 2.4 | | | Вес с упаковкой, кг: | 0.076 | | | | | | | | | | | | | | | | | | ECO | Садовая и силовая техника | | | | | | | | | Описание: | Соединение МАМА Европейского универсального типа (Euro universal type), подходит для быстросъемных соединений ПАПА следующих типов: США тип (USA type), Немецкий тип (Germany type), Орион тип (Orion type), Итальянский тип (Italian type). | Механизм замка - 6-ти шариковый | Латунный корпус исключает возможность появления коррозии.",,https://content.tools.by/images/products/cb-2763600000/xjd/xjdPZgPlAaURZ9pN8QoWjWKKcuxFwedvZWC42oAL.jpg,https://tools.by/product/911446
"Фильтр воздушный ECO с регулятором давления (1/2"")",AU-04B,"11,14","Производитель: | ECO GROUP HONG KONG LIMITED. UNIT 617, 6/F, 131-132 CONNAUGHT ROAD WEST, SOLO WORKSHOPS, HONG KONG, CHINA | | | Назначение: | Для обеспечения шланговых соединений | | | Страна изготовления: | Китай | | | Импортер/Продавец: | ООО ""ТД Комплект"", РБ, г.Минск, ул. Кнорина,д.50,к.302 А | | | Штрихкод: | | 6921501776123 | | | | | Габариты ДxШxВ, см: | 28 x 6.6 x 8.5 | | | Вес с упаковкой, кг: | 0.616 | | | | | | | | | | | | | | | | | | ECO | Садовая и силовая техника | | | | | | | | | Описание: | Выполняемые функции: | 1) Регулировка давления воздуха; | 2) Масло- влагоотделение;",,https://content.tools.by/images/products/cb-2009912944/D4X/D4XmjOAjtBJ6c0GThWE6kg7ytvWiDlKVuaaLX2UC.jpg,https://tools.by/product/915871
"Головка триммерная ECO GTP-TC40 леска ф 2.4 мм полуавт., блистер
                    (ф125 мм, лев. резьба М10х1.25 ""мама"", заправка лески без разбора)",0318254,"24,76","Преимущества: | | ■ Полуавтоматический выпуск лески (при ударе о землю в процессе работы) | ■ Легкая заправка лески (без разборки корпуса катушки) | ■ Высокопрочный пластиковый корпус | ■ Свободно вращающаяся кнопка с подшипником (уменьшает износ головки и редуктора мотокосы) | ■ Левая резьба 10*1,25 ""мама"" | ■ Триммерная леска 1,6-3,0 мм | | | | | | | | | | | | | Производитель: | ECO GROUP HONG KONG LIMITED. UNIT 617, 6/F, 131-132 CONNAUGHT ROAD WEST, SOLO WORKSHOPS, HONG KONG, CHINA | | | Назначение: | Садово-парковое назначение | | | Страна изготовления: | Китай | | | Импортер/Продавец: | ООО ""ТД Комплект"", РБ, г.Минск, ул. Кнорина,д.50,к.302 А | | | Штрихкод: | | 6921803861510 | | | | | Габариты ДxШxВ, см: | 10 x 10 x 3 | | | Вес с упаковкой, кг: | 0.569 | | | | | | | | | | | | | | | | | | ECO | Садовая и силовая техника | | | | | | | | | Описание: | Поставляется в блистерной упаковке | | Подходит для мотокос: | ЕСО GTP-90H, GTP-145H, GTP-185H, GTP-145C, GTP-185C; GTP-143F, GTP-145F, GTP-183F, GTP-185F, GTP-187F, GTP-189F, GTP-145B, GTP-185B, GTP-145N, GTP-185N, GTP-185R; GTP-215; GTP-251; GTP-255; | GUNTER MSG-190, MSG-191, MSG-192; | DGM BC-180, BC-210, BC-240, BC-241; | | Подходит на большинство мотокос китайского производства с прямой штангой и редуктором. Не подходит на мотокосы с изогнутым валом без редуктора. Для 100% совместимости необходимо убедиться в соответствии резьбы (На редукторе должна быть левая резьба М10х1.25).",,https://content.tools.by/images/products/cv-0762592920/kJM/kJMkkYOUvNYEu8FQmWFSZi6Nu0c6Oq3zsCDjEXqi.jpg,https://tools.by/product/1559593
"Очиститель высокого давления ECO HPW-1600
                    (2.20 кВт, 160 бар, 480 л/ч, самовсасывание, встроенный + активный пеногенератор, щетка)",HPW1825RSE01,"688,00","Преимущества: | | ■ Алюминиевый корпус насоса высокого давления | ■ Защита двигателя от перегрева | ■ Функция самовсасывания позволяет использовать очиститель без подключения к водопроводу | ■ Веерная и грязевая форсунки в комплекте | ■ Моющая щетка в комплекте | ■ Встроенный бак для моющего средства | ■ Регулируемый пеногенератор для распыления моющей пены | ■ Удобные крепления для распылительного пистолета и шланга на корпусе мойки | ■ Колеса для удобства транспортировки | | | | | | | | | | | Файлы | | | | | | | | | Производитель: | ECO GROUP HONG KONG LIMITED, UNIT 617, 6/F, 131-132 CONNAUGHT ROAD WEST, SOLO WORKSHOPS, HONG KONG | | | Назначение: | Для удаления загрязнений | | | Страна изготовления: | Китай | | | Импортер/Продавец: | ООО ""ТД Комплект"", РБ, г.Минск, ул. Кнорина,д.50,к.302 А | | | Штрихкод: | | 6976215886316 | | | | | Габариты ДxШxВ, см: | 29 x 25 x 49 | | | Вес с упаковкой, кг: | 9.6 | | | | | | | | | | | | | | | | | | ECO | Садовая и силовая техника | | | | | | | | | Описание: | Очиститель высокого давления предназначен для очистки поверхностей водой под давлением при помощи различных насадок | | | | | Комплектация: | | + Очиститель высокого давления; | + Шланг высоконапорный - 5 м; | + Моечный пистолет; | + Трубка струйная; | + Веерная фреза; | + Грязевая фреза; | + Моющая щетка; | + Пеногенератор; | + Инструмент для чистки форсунки; | + Входной мини фильтр-коннектор 3/4"";",,https://content.tools.by/images/products/cz-1830703952/SVe/SVeGbtV2gZP7JV2qlYxU3qhqfYo9f46BkKlZX73M.jpg,https://tools.by/product/1669123?slide=2
"Насос садовый ECO GFI-07P
                    (900 Вт, 3100 л/ч, до 42 м, корпус насоса чугун)",EC4218-2,"255,00","Преимущества: | | ■ Асинхронный двигатель с защитой от перегрузок. | ■ Корпус насоса из чугуна. | | | | | | | | | | | Файлы | | | | | | | | | Производитель: | ECO GROUP HONG KONG LIMITED, UNIT 617, 6/F, 131-132 CONNAUGHT ROAD WEST, SOLO WORKSHOPS, HONG KONG | | | Назначение: | Для хозяйственных нужд | | | Страна изготовления: | Китай | | | Импортер/Продавец: | ООО ""ТД Комплект"", РБ, г.Минск, ул. Кнорина,д.50,к.302 А | | | Штрихкод: | | 6923112893770 | | | | | Габариты ДxШxВ, см: | 44 x 20 x 23 | | | Вес с упаковкой, кг: | 12.89 | | | | | | | | | | | | | | | | | | ECO | Садовая и силовая техника | | | | | | | | | Описание: | Насос бытовой садовый центробежный предназначен для перекачки пресной воды из колодцев, скважин, резервуаров а также открытых водоемов, для полива садов, огородов, приусадебных участков. Можно использовать в составе системы водоснабжения, оборудовав специальными аксессуарами (гидробак, система автоматики, система защиты от сухого хода и т.д.)",,https://content.tools.by/images/products/cb-0129967992/lfC/lfCMSWUhz7k9zcLoqPK3F6BxkCRDGvipNhMp0zRR.jpg,https://tools.by/product/967125?slide=2
"Мотокоса ECO GTP-255 Power Plus
                    (2.5 кВт, 3.4 л.с., 52.0 см3, лёгкий запуск, нож 4Т,ремень двухлямочный, вес 7.9 кг)",DG2111-1,"222,35","Преимущества: | | ■ Цельная штанга диаметр 28 мм | ■ Многофункциональная и эргономичная рукоятка велосипедного типа | ■ Эффективная антивибрационная система | ■ Использование улучшенного (усиленного) ручного стартера с системой лёгкий запуск | ■ Цельнометаллический приводной вал | ■ Редуктор повышенной прочности | ■ Топливный бак с полупрозрачными стенками | ■ Праймер (система лёгкого запуска) | ■ Ударопрочный корпус двигателя | ■ Комбинированный защитный кожух из прочного пластика | ■ Усиленная полуавтоматическая косильная катушка с безразборной заправкой лески | ■ Прочный четырехлопастной нож | ■ Двухплечный ремень для большего комфорта при работе | ■ Два поршневых кольца для высокой компрессии. | | | | | | | | | | | Файлы | | | | | | | | | Производитель: | “SKIPFIRE LIMITED” Romanou, 2, TLAIS TOWER, 6th floor, flat/office 601, P.C.1070, Nicosia,Кипр | | | Назначение: | Садово-парковое назначение | | | Страна изготовления: | Китай | | | Импортер/Продавец: | ООО ""ТД Комплект"", РБ, г.Минск, ул. Кнорина,д.50,к.302 А | | | Штрихкод: | | 8210803862015 | | | | | Вес с упаковкой, кг: | 10.34 | | | | | | | | | | | | | | | | | | ECO | Садовая и силовая техника | | | | | | | | | Описание: | Мощная и удобная модель для продвинутых пользователей, которые по достоинству оценят внушительный потенциал мотокосы. | Удобная и эргономичная рукоятка триммера изготовлена в виде велосипедного руля и может устанавливаться в различных положениях, это обеспечивает максимальную управляемость и уменьшает нагрузку на опорно-двигательный аппарат оператора. Блок управления находится на одной ручке, кнопки доступны и располагаются точно под пальцами оператора. | Цельная штанга изготовлена из легкого алюминия, что повышает прочность конструкции, снижая её вес. Штанга оснащена антивибрационными демпферами, поглощающими вибрацию и уменьшающими нагрузку на кисти и предплечья. | Жесткий приводной вал дает возможность использовать в работе нож или диск. | Конический редуктор имеет избыточный запас прочности и способен выдерживать большие нагрузки. При этом редуктор легко отсоединяется, что позволяет использовать двигатель мотокосы в качестве силового агрегата. | Топливный бак имеет полупрозрачные стенки для удобства контроля за уровнем топлива. | Мотокоса снабжена праймером для предварительной подкачки топлива, который облегчит запуск мотора. | Корпус двигателя выполнен из специального ударопрочного пластика и защищает от внешних механических воздействий. | Широкий защитный кожух защищает оператора от выброса травы, камней и других вылетающих из-под режущего инструмента предметов. | Надёжная полуавтоматическая катушка обеспечивает лёгкую подачу корда и заправляется новой леской без разборки корпуса. | Прочный четырёхлопасной нож с лёгкостью справится с дикорастущей травой и кустарником. | Два поршневых кольца создают стабильную компрессию, увеличивают срок службы цилиндро-поршневой группы. | | | | | Комплектация: | | + Двигатель двухтактный бензиновый - 1 шт; | + - Вал мотокосы с трубой - 1 шт; | + - Триммерная катушка - 1 шт; | + - Нож четырёхлопастной - 1 шт; | + - Кожух защитный с винтами крепления - 1 шт; | + - Ремень плечевой - 1 шт. (двухплечный); | + - Комплект регулировочных инструментов и принадлежностей - 1 компл; | + - Дозатор топливной смеси - 1 шт; | + - Ручка левая - 1 шт; | + - Ручка правая - 1 шт; | + - Упаковка - 1 шт; | + - Руководство пользователя - 1 шт;",,https://content.tools.by/images/products/cd-0011957715/1qA/1qAMa1oENbMYS5lzKZ83Oqv62qohJaAzMW1IOtRk.jpg,https://tools.by/product/1633177?slide=2
"Колесо полиурет. 4.00-8"" (подшипн. усил. ф35x16 мм, для оси 16x60мм)
                    (Подходит к тачкам: WB6820-2HD)",WB-P003,"7,00","Производитель: | ECO GROUP HONG KONG LIMITED, UNIT 617, 6/F, 131-132 CONNAUGHT ROAD WEST, SOLO WORKSHOPS, HONG KONG | | | Назначение: | | | | Страна изготовления: | Китай | | | Импортер/Продавец: | ООО ""ТД Комплект"", РБ, г.Минск, ул. Кнорина,д.50,к.302 А | | | Штрихкод: | | 8212107214729 | | | | | Габариты ДxШxВ, см: | 34 x 7.2 x 34 | | | Вес с упаковкой, кг: | 2.453 | | | | | | | | | | | | | | | | | | ECO | Садовая и силовая техника",,https://content.tools.by/images/products/cb-1269141552/PwB/PwB2175qhvAmOOzYregEfFYz20eSMTJhSbiQli9V.jpg,https://tools.by/product/997106
"Бетоносмеситель ECO CM-120
                    (объём 120/77 л, 550 Вт, 230 В, вес 39 кг)",EC3410-4,"789,00","Преимущества: | | ■ Долговечный чугунный зубчатый венец и чугунная ведущая шестерня | ■ Защитный кожух на ведущей шестерне | ■ Барабан крепится к подшипнику с помощью болтового соединения | ■ Надёжный асинхронный двигатель с защитой от перегрева | ■ Эффективное воздушное охлаждение двигателя | ■ Высокопрочный приводной ремень ручейкового типа, усиленный синтетическим армирующим кордом | ■ Электромагнитный выключатель с системой защиты от случайного включения | ■ Прочная опорная рама | ■ Удобное опрокидывание путем отклонения рулевого колеса | ■ Ручка для удобства перемещения устройства по строительному участку | | | | | | | | | | | Файлы | | | | | | | | | Производитель: | ECO GROUP HONG KONG LIMITED, UNIT 617, 6/F, 131-132 CONNAUGHT ROAD WEST, SOLO WORKSHOPS, HONG KONG | | | Назначение: | Для общестроительных работ | | | Страна изготовления: | Китай | | | Импортер/Продавец: | ООО ""ТД Комплект"", РБ, г.Минск, ул. Кнорина,д.50,к.302 А | | | Штрихкод: | | 6976215883544 | | | | | Габариты ДxШxВ, см: | 73 x 58 x 42.5 | | | Вес с упаковкой, кг: | 47.942 | | | | | | | | | | | | | | | | | | ECO | Садовая и силовая техника | | | | | | | | | Комплектация: | | + Бетоносмеситель | + Комплект крепежа | + Инструкция по эксплуатации | + Коробка",,https://content.tools.by/images/products/ce-0773967040/l93/l93XwKfFndAuEbB3nWnqLID6Clgvgr8oXby8YIp3.jpg,https://tools.by/product/1662000
Пистолет пескоструйный с баком ASB-05C ECO,AWG-11,"32,63","Преимущества: | | ■ Пескоструйный пистолет позволяет очищать различные поверхности от нежелательных осадков, например, ржавчины или старой краски, для улучшения качества обрабатываемой поверхности путем удаления различных неровностей и заусениц. Так же способен полировать или матировать поверхности перед нанесением различных покрытий. | ■ Быстросъемное соединение ПАПА входит в комплект поставки. | ■ Забор песка происходит из емкости на самом пистолете. | | | | | | | | | | | Файлы | | | | | | | | | Производитель: | ECO GROUP HONG KONG LIMITED. UNIT 617, 6/F, 131-132 CONNAUGHT ROAD WEST, SOLO WORKSHOPS, HONG KONG, CHINA | | | Назначение: | Для бытовых ремонтных работ | | | Страна изготовления: | Китай | | | Импортер/Продавец: | ООО ""ТД Комплект"", РБ, г.Минск, ул. Кнорина,д.50,к.302 А | | | Штрихкод: | | 6921501776383 | | | | | Габариты ДxШxВ, см: | 27 x 19 x 11 | | | Вес с упаковкой, кг: | 0.75 | | | | | | | | | | | | | | | | | | ECO | Садовая и силовая техника",,https://content.tools.by/images/products/cb-2863025008/K0V/K0VY0RLwy7cPQ74V6Ka6ZnbMeFxhUx149mFiTiW1.jpg,https://tools.by/product/928810
Ремень д/мотокосы двухплечный ECO GTP-B28,GTP-B21,"22,50","Преимущества: | | ■ Пластиковый каркас | ■ Регулировка по росту | ■ Широкий пояс с регулировкой обхвата | ■ Карабин с функцией быстрого снятия мотокосы | ■ Двухточечное крепление | ■ Большая набедренная накладка | ■ Плечевые накладки | | | | | | | | | | | | | Производитель: | ECO GROUP HONG KONG LIMITED. UNIT 617, 6/F, 131-132 CONNAUGHT ROAD WEST, SOLO WORKSHOPS, HONG KONG | | | Назначение: | Садово-парковое назначение | | | Страна изготовления: | Китай | | | Импортер/Продавец: | ООО ""ТД Комплект"", РБ, г.Минск, ул. Кнорина,д.50,к.302 А | | | Штрихкод: | | 6976215886897 | | | | | Габариты ДxШxВ, см: | 40 x 24 x 3 | | | Вес с упаковкой, кг: | 0.643 | | | | | | | | | | | | | | | | | | ECO | Садовая и силовая техника | | | | | | | | | Описание: | Особенности: | - Пластиковый каркас; | - Регулировка по росту; | - Широкий пояс с регулировкой обхвата; | - Карабин с функцией быстрого снятия мотокосы; | - Двухточечное крепление; | - Большая набедренная накладка. | - Плечевые накладки.",,https://content.tools.by/images/products/cz-1081093125/8Q3/8Q3ILHdMbsuvFceut0x3UMIYCpTWLTULuTWYVvdf.jpg,https://tools.by/product/1667570
"Регулятор давления  с манометром ECO AR-02-14
                    (резьбовое соединение 1/4"")",AU-01-12,"55,10","Преимущества: | | ■ Компактное исполнение для размещения прямо на пневмоинструменте. | ■ Регулирование давления происходит за счет изменения проходного сечения шаровым клапаном. | ■ Металлический корпус манометра для прочности. | | | | | | | | | | | | | Производитель: | ECO GROUP HONG KONG LIMITED, UNIT 617, 6/F, 131-132 CONNAUGHT ROAD WEST, SOLO WORKSHOPS, HONG KONG | | | Назначение: | | | | Страна изготовления: | Китай | | | Импортер/Продавец: | ООО ""ТД Комплект"", РБ, г.Минск, ул. Кнорина,д.50,к.302 А | | | Штрихкод: | | 8212107216280 | | | | | Габариты ДxШxВ, см: | 6 x 6 x 6 | | | Вес с упаковкой, кг: | 0.131 | | | | | | | | | | | | | | | | | | ECO | Садовая и силовая техника",,https://content.tools.by/images/products/cb-1295357600/Lwj/LwjuPvEFCoUHschAcg4HJZxOpJevSCUkJF1VkXBj.jpg,https://tools.by/product/1010604
"Компрессор ECO AE-502-3 коаксиальный
                    (440 л/мин, 8 атм, коаксиальный, масляный, ресив. 50 л, 220 В, 2.20 кВт)",AC-2101,"930,71","Преимущества: | | ■ 2-цилиндровый | ■ Воздушная трубка с теплоотводом | ■ Регулятор давления | ■ Клапан облегчения запуска компрессора | ■ Дополнительный пусковой конденсатор для облегчения запуска | ■ 2 быстросъемных выхода | ■ Воздушный фильтр с поролоновым фильтроэлементом | ■ Манометры с металлическим корпусом | ■ Колеса с резиновыми накладками | | | | | | | | | | | Файлы | | | | | | | | | Производитель: | ECO GROUP HONG KONG LIMITED, UNIT 617, 6/F, 131-132 CONNAUGHT ROAD WEST, SOLO WORKSHOPS, HONG KONG | | | Назначение: | Для компрессии воздуха | | | Страна изготовления: | Китай | | | Импортер/Продавец: | ООО ""ТД Комплект"", РБ, г.Минск, ул. Кнорина,д.50,к.302 А | | | Штрихкод: | | 6923112894241 | | | | | Габариты ДxШxВ, см: | 69.5 x 34 x 67 | | | Вес с упаковкой, кг: | 39 | | | | | | | | | | | | | | | | | | ECO | Садовая и силовая техника | | | | | | | | | Описание: | ВНИМАНИЕ!!! | Уровень масла должен быть немного выше верхней границы красной точки на глазке! | Компрессор поставляется с компрессорным маслом необходимого объема для стартового запуска компрессора. Масло может быть заправлено в картер компрессорной головы компрессора, либо перелито в отдельную | герметичную емкость для целей транспортировки во избежание утечки из | картера в зависимости от условий транспортировки изделия. | | Внимание! В картере могут находиться остатки масла. Это связано с тем, что 100% устройств запускается на производстве после сборки для проверки на работоспособность. | | | | | Комплектация: | | + Компрессор; | + Фильтр воздушный (2 шт); | + Колесо транспортировочное (2 шт); | + Опорная ножка (2 шт); | + Комплект крепежа.",,https://content.tools.by/images/products/cb-0434442591/TKH/TKH1piEq3H8owKWF8GbDEBPARZIGwgrojqfKEyqW.jpg,https://tools.by/product/981910?slide=2
"Насос садовый ECO GFW-8P
                    (750 Вт, 3000 л/ч, до 45 м, корпус насоса чугун)",EC4210-1,"176,00","Преимущества: | | ■ Корпус насоса - чугун | ■ Асинхронный двигатель | ■ Защита от перегрузок | | | | | | | | | | | Файлы | | | | | | | | | Производитель: | ECO GROUP HONG KONG LIMITED, UNIT 617, 6/F, 131-132 CONNAUGHT ROAD WEST, SOLO WORKSHOPS, HONG KONG | | | Назначение: | | | | Страна изготовления: | Китай | | | Импортер/Продавец: | ООО ""ТД Комплект"", РБ, г.Минск, ул. Кнорина,д.50,к.302 А | | | Штрихкод: | | 6978018615780 | | | | | Габариты ДxШxВ, см: | 18.5 x 20.7 x 33.9 | | | Вес с упаковкой, кг: | 8.125 | | | | | | | | | | | | | | | | | | ECO | Садовая и силовая техника | | | | | | | | | Описание: | Насос бытовой садовый центробежный предназначен для перекачки чистой, пресной воды температурой не более 35°С из колодцев, скважин, резервуаров, а также открытых водоемов, для полива садов, огородов, приусадебных участков. | Насосом нельзя перекачивать агрессивные, легко воспламеняющиеся или взрывчатые жидкости (например, бензин, масла, нитрорастворители), морскую воду, также жидкие пищевые продукты. | Категорически запрещается перекачивание грязной воды, содержащей абразивные вещества или длинноволокнистые включения. | | | | | Комплектация: | | + Насос садовый - 1 шт.; | + Руководство по эксплуатации - 1 шт.; | + Упаковка",,https://content.tools.by/images/products/cz-1402486722/Zo0/Zo0fK5z3VeagyBz5fy8KeXS87XhcsdFJ3ltCDXaJ.jpg,https://tools.by/product/1719486?slide=2
"Пистолет пескоструйный с баком ASB-06S ECO
                    (Рабочее давление: 3-4 бар; 360 л/мин; Резервуар: 850 мл;)",EC3924-4,"126,00","Преимущества: | | ■ Система сбора отработанного песка (дополнительный мешок) позволяет использовать песок повторно | ■ В комплекте: 4 насадки разных форм для локальной обработки (позволяют обработать конкретный участок не повреждая лакокрасочное покрытие вокруг) | ■ Бонус! 500 г. абразивного песка (0,8 мм) | | | | | | | | | | | Файлы | | | | | | | | | Производитель: | ECO GROUP HONG KONG LIMITED. UNIT 617, 6/F, 131-132 CONNAUGHT ROAD WEST, SOLO WORKSHOPS, HONG KONG, CHINA | | | Назначение: | | | | Страна изготовления: | Китай | | | Импортер/Продавец: | ООО ""ТД Комплект"", РБ, г.Минск, ул. Кнорина,д.50,к.302 А | | | Штрихкод: | | 8213112891998 | | | | | Габариты ДxШxВ, см: | 28.7 x 11.3 x 24 | | | Вес с упаковкой, кг: | 1.618 | | | | | | | | | | | | | | | | | | ECO | Садовая и силовая техника",,https://content.tools.by/images/products/cg-0831627264/UBm/UBmRKGyiGCC24S1fGkcwG592NVtNi9qAyCKU5vSU.jpg,https://tools.by/product/1583258
"Краскораспылитель ECO SG-9500 с манометром (сопло ф 1.4, 1.7 мм) уцененный (0604994913)
                    (HVLP, сопло ф 1.4, 1.7 мм, верх. бак 600 мл, блистер)",SGH-710-у,"56,09","Производитель: | SKIPFIRE LIMITED Romanou, 2, TLAIS TOWER, 6th floor, office 601, P.C.1070, Nicosia, Cyprus. Кипр | | | Назначение: | | | | Страна изготовления: | Китай | | | Импортер/Продавец: | ООО ""ТД Комплект"", РБ, г.Минск, ул. Кнорина,д.50,к.302 А | | | Габариты ДxШxВ, см: | 32 x 10 x 33.5 | | | Вес с упаковкой, кг: | 1.15 | | | | | | | | | | | | | | | | | | ECO | Садовая и силовая техника | | | | | | | | | Описание: | Механическое повреждение упаковки.",,https://content.tools.by/images/products/cz-0604994913/cUh/cUhMQkdQqikxyEJyxZO0nLQfZpvtOr2A7vpKD5T0.jpg,https://tools.by/product/1760031
"Фильтр воздушный ECO с регулятором давления (1/4"") уцененный (1221236270)",AU-02-12-у,"75,55","Производитель: | ECO GROUP HONG KONG LIMITED, UNIT 617, 6/F, 131-132 CONNAUGHT ROAD WEST, SOLO WORKSHOPS, HONG KONG | | | Назначение: | Для обеспечения шланговых соединений | | | Страна изготовления: | Китай | | | Импортер/Продавец: | ООО ""ТД Комплект"", РБ, г.Минск, ул. Кнорина,д.50,к.302 А | | | Габариты ДxШxВ, см: | 10 x 10 x 2 | | | Вес с упаковкой, кг: | 0.68 | | | | | | | | | | | | | | | | | | ECO | Садовая и силовая техника | | | | | | | | | Описание: | Механические повреждения упаковки",,https://content.tools.by/images/products/ce-1221236270/YU5/YU5ZnnKvAiSHHOWfDPnGqAacdQlhCq2mcn17HD0K.jpg,https://tools.by/product/1741029
"Насос садовый ECO GFW-8P
                    (750 Вт, 3000 л/ч, до 45 м, корпус насоса чугун)",BP-1500,"391,50","Преимущества: | | ■ Корпус насоса - чугун | ■ Асинхронный двигатель | ■ Защита от перегрузок | | | | | | | | | | | Файлы | | | | | | | | | Производитель: | ECO GROUP HONG KONG LIMITED, UNIT 617, 6/F, 131-132 CONNAUGHT ROAD WEST, SOLO WORKSHOPS, HONG KONG | | | Назначение: | | | | Страна изготовления: | Китай | | | Импортер/Продавец: | ООО ""ТД Комплект"", РБ, г.Минск, ул. Кнорина,д.50,к.302 А | | | Штрихкод: | | 6978018615780 | | | | | Габариты ДxШxВ, см: | 18.5 x 20.7 x 33.9 | | | Вес с упаковкой, кг: | 8.125 | | | | | | | | | | | | | | | | | | ECO | Садовая и силовая техника | | | | | | | | | Описание: | Насос бытовой садовый центробежный предназначен для перекачки чистой, пресной воды температурой не более 35°С из колодцев, скважин, резервуаров, а также открытых водоемов, для полива садов, огородов, приусадебных участков. | Насосом нельзя перекачивать агрессивные, легко воспламеняющиеся или взрывчатые жидкости (например, бензин, масла, нитрорастворители), морскую воду, также жидкие пищевые продукты. | Категорически запрещается перекачивание грязной воды, содержащей абразивные вещества или длинноволокнистые включения. | | | | | Комплектация: | | + Насос садовый - 1 шт.; | + Руководство по эксплуатации - 1 шт.; | + Упаковка",,https://content.tools.by/images/products/cz-1402486722/Zo0/Zo0fK5z3VeagyBz5fy8KeXS87XhcsdFJ3ltCDXaJ.jpg,https://tools.by/product/1733389?slide=2
"Краскораспылитель ECO SG-1000 (HVLP, сопло ф 2.5 мм, верх. бак 600 мл) уцененный (0194763465)",EC1536-01-у,"85,68","Производитель: | SKIPFIRE LIMITED Romanou, 2, TLAIS TOWER, 6th floor, office 601, P.C.1070, Nicosia, Cyprus. Кипр | | | Назначение: | | | | Страна изготовления: | Китай | | | Импортер/Продавец: | ООО ""ТД Комплект"", РБ, г.Минск, ул. Кнорина,д.50,к.302 А | | | Габариты ДxШxВ, см: | 15 x 11 x 19.7 | | | Вес с упаковкой, кг: | 0.55 | | | | | | | | | | | | | | | | | | ECO | Садовая и силовая техника | | | | | | | | | Описание: | Механичесике повреждения упаковки",,https://content.tools.by/images/products/ce-0194763465/bVl/bVl6gU9JmEv7bz7Wk9zjJzqFoc4mrplMf2IZ7A4J.jpg,https://tools.by/product/1718632
"Очиститель высокого давления ECO HPW-1860RSD
                    (2.60 кВт, 180 бар, 520 л/ч, цифров. управл., самовсас., телескоп. ручка, барабан д/шланга)",EC4910-2,"359,00","Преимущества: | | ■ Инновация 2020! Электронное управление очистителем высокого давления. | ■ Цифровая панель управления оснащена тремя режимами работы двигателя: | ■ Soft 50% мощности для мойки садовой мебели, деревянных поверхностей, велосипедов и т.п. | ■ Medium 75% мощности для мойки автомобилей, прицепов и т.п. | ■ Hard 100% мощности для мойки стойких загрязнений, стен, шифера, садовых инструментов. | ■ Панель оснащена индикацией режимов работы, чрезмерного нагрева двигателя, утечки воды. | ■ Сервисный режим напомнит обслужить устройство вовремя согласно рекомендаций руководства по эксплуатации. | ■ Замок от детей не даст запустить устройство ребенку случайным нажатием клавиш управления. | ■ Кроме данной системы устройство обладает рядом преимуществ: | ■ Алюминиевый корпус насоса высокого давления | ■ Функция самовсасывания позволяет использовать очиститель без подключения к водопроводу | ■ В комплекте активный пеногенератор с регулировками для максимально эффективного распыления моющей пены | ■ Веерная и грязевая форсунки в комплекте | ■ Дополнительно ECO-фреза для экономии расхода воды | ■ Шланг с быстросъемными соединениями | ■ Телескопическая ручка и ручка-бампер для удобства транспортировки | ■ Органайзер для комплектующих на корпусе | ■ Катушка для хранения шланга | ■ Моющая щетка для механической очистки загрязнений | ■ Фильтр тонкой очистки в комплекте | | | | | | | | | | | Файлы | | | | | | | | | Производитель: | ECO GROUP HONG KONG LIMITED, UNIT 617, 6/F, 131-132 CONNAUGHT ROAD WEST, SOLO WORKSHOPS, HONG KONG | | | Назначение: | Для удаления загрязнений | | | Страна изготовления: | Китай | | | Импортер/Продавец: | ООО ""ТД Комплект"", РБ, г.Минск, ул. Кнорина,д.50,к.302 А | | | Штрихкод: | | 8213112891363 | | | | | Габариты ДxШxВ, см: | 37 x 37 x 67 | | | Вес с упаковкой, кг: | 12.96 | | | | | | | | | | | | | | | | | | ECO | Садовая и силовая техника | | | | | | | | | Описание: | Цифровая панель управления оснащена тремя режимами работы двигателя: | Soft - 50% мощности для мойки садовой мебели, деревянных поверхностей, велосипедов и т.п.; | Medium - 75% мощности для мойки автомобилей, прицепов и т.п.; | Hard - 100% мощности для мойки стойких загрязнений, стен, шифера, садовых инструментов. | Алюминиевый корпус насоса высокого давления. | Веерная и грязевая форсунки в комплекте. | Шланг с быстросъемными соединениями - удобство эксплуатации. | Телескопическая ручка и ручка-бампер для удобства транспортировки. | Органайзер для комплектующих на корпусе. | Катушка для хранения шланга. | Моющая щетка для механической очистки загрязнений. | Фильтр тонкой очистки в комплекте. | | | | | Комплектация: | | + Очиститель высокого давления - 1 шт.; | + Шланг высоконапорный 8 м - 1 шт.; | + Пистолет - 1 шт.; | + Удлинительная насадка - 1 шт.; | + Грязевая фреза - 1 шт.; | + Веерная фреза - 1 шт.; | + ECO-фреза для экономии воды - 1 шт.; | + Активный пеногенератор с регулировками - 1 шт.; | + Фильтр тонкой очистки - 1 шт.; | + Щетка моющая - 1 шт.; | + Руководство по эксплуатации - 1 шт.; | + Упаковка",,https://content.tools.by/images/products/cv-1918706336/trO/trOb5n6iwYJhtoB6P3Sq7e4YX8eKasxQ2FJUbjD3.jpg,https://tools.by/product/1038922
"Соединение быстросъем. ПАПА х внутр. резьба 3/8"" (сталь) ECO",AB-MT12/E12,"8,56","Производитель: | ECO GROUP HONG KONG LIMITED, UNIT 617, 6/F, 131-132 CONNAUGHT ROAD WEST, SOLO WORKSHOPS, HONG KONG | | | Назначение: | Для обеспечения шланговых соединений | | | Страна изготовления: | Китай | | | Импортер/Продавец: | ООО ""ТД Комплект"", РБ, г.Минск, ул. Кнорина,д.50,к.302 А | | | Штрихкод: | | 5291501778047 | | | | | Габариты ДxШxВ, см: | 9 x 7 x 2.1 | | | Вес с упаковкой, кг: | 0.032 | | | | | | | | | | | | | | | | | | ECO | Садовая и силовая техника | | | | | | | | | Описание: | Быстросъемное соединение ПАПА наиболее распространенного Немецкого типа (Germany type). | Никелевое покрытие стали для защиты от коррозии.",,https://content.tools.by/images/products/cb-0130323843/W0D/W0DDjEz3AEsNT5fyYBtpqBMglkFekjzrAO17NnTM.jpg,https://tools.by/product/911530
Пистолет пескоструйный со шлангом ASB-041H ECO,EC3923-6,"72,00","Преимущества: | | ■ Сопло 10 мм | ■ Шланг в комплекте | ■ Крючок-подвес | ■ Быстросъемное соединение | | | | | | | | | | | Файлы | | | | | | | | | Производитель: | ECO GROUP HONG KONG LIMITED. UNIT 617, 6/F, 131-132 CONNAUGHT ROAD WEST, SOLO WORKSHOPS, HONG KONG, CHINA | | | Назначение: | Для бытовых ремонтных работ | | | Страна изготовления: | Китай | | | Импортер/Продавец: | ООО ""ТД Комплект"", РБ, г.Минск, ул. Кнорина,д.50,к.302 А | | | Штрихкод: | | 6920401862486 | | | | | Габариты ДxШxВ, см: | 30.3 x 18.5 x 3.3 | | | Вес с упаковкой, кг: | 0.39 | | | | | | | | | | | | | | | | | | ECO | Садовая и силовая техника | | | | | | | | | Описание: | Пескоструйный пистолет позволяет очищать различные поверхности от нежелательных осадков, например, ржавчины или старой краски, для улучшения качества обрабатываемой поверхности путем удаления различных неровностей и заусениц. Так же способен полировать или матировать поверхности перед нанесением различных покрытий. | Быстросъемное соединение ПАПА входит в комплект поставки. | Забор песка происходит из стоящей рядом емкости. | | | Упаковка: Блистер с подвесом",,https://content.tools.by/images/products/cb-0266949276/MND/MND6ZBRrZyCnTjt03TaVrNG9EJND3AbumANeGvTQ.jpg,https://tools.by/product/940296
"Насос садовый ECO GFI-07P
                    (900 Вт, 3100 л/ч, до 42 м, корпус насоса чугун)",,,"Преимущества: | | ■ Асинхронный двигатель с защитой от перегрузок. | ■ Корпус насоса из чугуна. | | | | | | | | | | | Файлы | | | | | | | | | Производитель: | ECO GROUP HONG KONG LIMITED, UNIT 617, 6/F, 131-132 CONNAUGHT ROAD WEST, SOLO WORKSHOPS, HONG KONG | | | Назначение: | Для хозяйственных нужд | | | Страна изготовления: | Китай | | | Импортер/Продавец: | ООО ""ТД Комплект"", РБ, г.Минск, ул. Кнорина,д.50,к.302 А | | | Штрихкод: | | 6923112893770 | | | | | Габариты ДxШxВ, см: | 44 x 20 x 23 | | | Вес с упаковкой, кг: | 12.89 | | | | | | | | | | | | | | | | | | ECO | Садовая и силовая техника | | | | | | | | | Описание: | Насос бытовой садовый центробежный предназначен для перекачки пресной воды из колодцев, скважин, резервуаров а также открытых водоемов, для полива садов, огородов, приусадебных участков. Можно использовать в составе системы водоснабжения, оборудовав специальными аксессуарами (гидробак, система автоматики, система защиты от сухого хода и т.д.)",,https://content.tools.by/images/products/cb-0129967992/lfC/lfCMSWUhz7k9zcLoqPK3F6BxkCRDGvipNhMp0zRR.jpg,https://tools.by/product/1011036?slide=2
"Пневмогайковерт 1/2"" ECO AIW-1500S
                    (1300/1700 Нм (закр./откр.); 3 ступени крут.мом.; twin hammer; 7000 об/мин; композитный корпус)",KAAB1640,"698,20","Преимущества: | | ■ Регулировка крутяшего момента | ■ Реверс | ■ Эргономичный дизайн | ■ Корпус из композитного материала с резиновыми накладками на ручке обеспечивает легкую и комфортную работу даже на холоде | ■ Три сменных головки в комплекте (17, 19 и 21 мм) | | | | | | | | | | | Файлы | | | | | | | | | Производитель: | SKIPFIRE LIMITED. Romanou,2, TLAIS TOWER, 6th floor, flat/Office 601 P.C.1070, Nicosia, Cyprus. Кипр | | | Назначение: | Для бытовых ремонтных работ | | | Страна изготовления: | Китай | | | Импортер/Продавец: | ООО ""ТД Комплект"", РБ, г.Минск, ул. Кнорина,д.50,к.302 А | | | Штрихкод: | | 8213112891820 | | | | | Габариты ДxШxВ, см: | 20.8 x 18.9 x 7.5 | | | Вес с упаковкой, кг: | 2.777 | | | | | | | | | | | | | | | | | | ECO | Садовая и силовая техника | | | | | | | | | Комплектация: | | + Пневмогайковерт; | + Сменные головки 12 - 3 шт (17 мм, 19 мм, 21 мм); | + Мини масленка; | + Ключ внутренний для болтов; | + Ниппель;",,https://content.tools.by/images/products/cg-0946915700/hJd/hJdTYEYGSzxxEfnByinkHbAtvnvevq3iFoANviVH.jpg,https://tools.by/product/1577785?slide=2
"Краскораспылитель ECO SG-1000 (HVLP, сопло ф 1.5мм, верх. бак 600мл)",DG4016-2,"33,70","Преимущества: | | ■ верхний пластиковый бак 600 мл | ■ регулировка подачи материала | ■ сопло 1.5 мм | ■ легкий вес | ■ быстросъемное соединение | | | | | | | | | | | Файлы | | | | | | | | | Производитель: | ECO GROUP HONG KONG LIMITED, UNIT 617, 6/F, 131-132 CONNAUGHT ROAD WEST, SOLO WORKSHOPS, HONG KONG | | | Назначение: | | | | Страна изготовления: | Китай | | | Импортер/Продавец: | ООО ""ТД Комплект"", РБ, г.Минск, ул. Кнорина,д.50,к.302 А | | | Штрихкод: | | 8212107216693 | | | | | Габариты ДxШxВ, см: | 20 x 15 x 11 | | | Вес с упаковкой, кг: | 0.549 | | | | | | | | | | | | | | | | | | ECO | Садовая и силовая техника | | | | | | | | | Описание: | Базовый универсальный краскораспылитель типа HVLP, подойдёт для выполнения широкого ряда бытовых покрасочных работ. | | Достоинства HVLP (High Volume Low Pressure - высокий объем, низкое давление): | - высокая экономия материалов. | - практически отсутствие опыла. | - нет завихрений - нет мусора.",,https://content.tools.by/images/products/cv-0006423705/o7H/o7Hrl69SlkeWVc5qQwuTLM6trAJvudWFDrzTpbzH.jpg,https://tools.by/product/1027481
Ремкомплект для вибрационных насосов ECO,EC4213-1,"92,00","Производитель: | ECO GROUP HONG KONG LIMITED, UNIT 617, 6/F, 131-132 CONNAUGHT ROAD WEST, SOLO WORKSHOPS, HONG KONG | | | Назначение: | | | | Страна изготовления: | Китай | | | Импортер/Продавец: | ООО ""ТД Комплект"", РБ, г.Минск, ул. Кнорина,д.50,к.302 А | | | Штрихкод: | | 6977125196298 | | | | | Габариты ДxШxВ, см: | 10 x 6 x 1 | | | Вес с упаковкой, кг: | 0.146 | | | | | | | | | | | | | | | | | | ECO | Садовая и силовая техника | | | | | | | | | Описание: | Ремкомплект подходит для вибрационных насосов ECO CPV-307/CPV-308/CPV-309/CPV-330/CPV-331/CPV-332/CPV-333 | и прочих аналогичных моделей | | | | | Комплектация: | | + Мембрана (Поршень) - 1шт.; | + Клапан - 1 шт.; | + Винт М6 - 1 шт.; | + Шайба М6 - 2 шт.; | + Пружинная шайба М6 -1 шт.; | + Гайка М6 - 1 шт.; | + Гайка М8 - 5 шт.; | + Винт М8 - 4 шт.; | + Шайба М8 - 1 шт.;",,https://content.tools.by/images/products/cz-0036368976/Nnc/NnctWmYvR0S7Jqmck5fRnmIszvQ95gMswj0KpRgU.jpg,https://tools.by/product/1688846
"Цепь 45 см 18"" 0.325"" 1.5 мм 72 зв. 325TA (в блистере) ECO",CSP-38TA656,"20,00","Файлы | | | | | | | | | Производитель: | ECO GROUP HONG KONG LIMITED. UNIT 617, 6/F, 131-132 CONNAUGHT ROAD WEST, SOLO WORKSHOPS, HONG KONG | | | Назначение: | Садово-парковое назначение | | | Страна изготовления: | Китай | | | Импортер/Продавец: | ООО ""ТД Комплект"", РБ, г.Минск, ул. Кнорина,д.50,к.302 А | | | Штрихкод: | | 8212107216143 | | | | | Габариты ДxШxВ, см: | 16.8 x 9 x 2.5 | | | Вес с упаковкой, кг: | 0.3 | | | | | | | | | | | | | | | | | | ECO | Садовая и силовая техника | | | | | | | | | Описание: | Пильные цепи ECO Multli Sharp со слабой отдачей и специальной системой смазки Oilotec system для увеличения срока службы - оптимальный выбор режущей оснастки для Вашей бензопилы. Режущий зуб выполнен из качественной стали. | | аналог цепи OREGON - 21LPX072E. | | Упаковка: блистер с подвесом",,https://content.tools.by/images/products/cb-4148157216/jXH/jXHFRiWr3fZfNLKBiEwy9880Btc6QfMUKF6J2HSs.jpg,https://tools.by/product/1001342
"Насос погружной 3-в-1 ECO DP-916i
                    (900 Вт, 17500 л/ч, 8,5 м)",AP02A08,"1 440,00","Преимущества: | | ■ Насос 3-в-1: перекачивает загрязненную воду, чистую воду, а также откачивает воду до минимального уровня | ■ Асинхронный двигатель с защитой от перегрузок | ■ Автоматическое включениевыключение с помощью поплавкового выключателя | ■ Лопасти крыльчатки из технополимера специально разработаны для работы с загрязненной водой | ■ Универсальный соединительный штуцер | ■ Удобная ручка для простоты погружения и поднятия насоса | | | | | | | | | | | Файлы | | | | | | | | | Производитель: | ECO GROUP HONG KONG LIMITED, UNIT 617, 6/F, 131-132 CONNAUGHT ROAD WEST, SOLO WORKSHOPS, HONG KONG | | | Назначение: | Для хозяйственных нужд | | | Страна изготовления: | Китай | | | Импортер/Продавец: | ООО ""ТД Комплект"", РБ, г.Минск, ул. Кнорина,д.50,к.302 А | | | Штрихкод: | | 6976215883612 | | | | | Габариты ДxШxВ, см: | 24 x 17 x 41.5 | | | Вес с упаковкой, кг: | 5.1 | | | | | | | | | | | | | | | | | | ECO | Садовая и силовая техника | | | | | | | | | Описание: | Многофункциональный погружной насос с возможностью установки сменных насадок, позволяющих использовать его в различных ситуациях. | | Использование насоса без насадок: насос откачивает воду до минимального уровня в 1 мм, режим предназначен для откачивания чистой воды из затопленных жилых и производственных помещений. | | Насадка для чистой воды: для откачивания чистой воды из небольших бассейнов, бочек. | | Насадка для загрязненной воды: для откачивания загрязненной воды из резервуаров, котлованов или подвалов. | | | | | Комплектация: | | + Насос 3-в-1; | + Универсальный соединительный штуцер с угловым коленом; | + Насадкой для перекачивания чистой воды; | + Насадкой для перекачивания загрязненной воды; | + Инструкция по эксплуатации; | + Коробка",,https://content.tools.by/images/products/ce-5975150328/uw9/uw9DACvpv9ZnTxKBnd0l59WYNmdtKo7BKKI6LeZi.jpg,https://tools.by/product/1661042?slide=2
"Насос погружной 3-в-1 ECO DP-606i
                    (600 Вт, 11000 л/ч, 5,8 м)",EC4218-1,"302,00","Преимущества: | | ■ Насос 3-в-1: перекачивает загрязненную воду, чистую воду, а также откачивает воду до минимального уровня | ■ Асинхронный двигатель с защитой от перегрузок | ■ Автоматическое включениевыключение с помощью поплавкового выключателя | ■ Лопасти крыльчатки из технополимера специально разработаны для работы с загрязненной водой | ■ Универсальный соединительный штуцер | ■ Удобная ручка для простоты погружения и поднятия насоса | | | | | | | | | | | Файлы | | | | | | | | | Производитель: | ECO GROUP HONG KONG LIMITED, UNIT 617, 6/F, 131-132 CONNAUGHT ROAD WEST, SOLO WORKSHOPS, HONG KONG | | | Назначение: | Для хозяйственных нужд | | | Страна изготовления: | Китай | | | Импортер/Продавец: | ООО ""ТД Комплект"", РБ, г.Минск, ул. Кнорина,д.50,к.302 А | | | Штрихкод: | | 6976215883605 | | | | | Габариты ДxШxВ, см: | 20.3 x 20.3 x 36 | | | Вес с упаковкой, кг: | 4.35 | | | | | | | | | | | | | | | | | | ECO | Садовая и силовая техника | | | | | | | | | Описание: | Многофункциональный погружной насос с возможностью установки сменных насадок, позволяющих использовать его в различных ситуациях. | | Использование насоса без насадок: насос откачивает воду до минимального уровня в 1 мм, режим предназначен для откачивания чистой воды из затопленных жилых и производственных помещений. | | Насадка для чистой воды: для откачивания чистой воды из небольших бассейнов, бочек. | | Насадка для загрязненной воды: для откачивания загрязненной воды из резервуаров, котлованов или подвалов. | | | | | Комплектация: | | + Насос 3-в-1; | + Универсальный соединительный штуцер с угловым коленом; | + Насадкой для перекачивания чистой воды; | + Насадкой для перекачивания загрязненной воды; | + Инструкция по эксплуатации; | + Коробка",,https://content.tools.by/images/products/ce-1616663862/Qpl/QplaLwPZKCb76Ou8QjpL1tpMlT4WCfanp7KMiZz2.jpg,https://tools.by/product/1674343?slide=2
"Компрессор ECO AE-1005-3 коаксиальный
                    (440 л/мин, 8 атм, коаксиальный, масляный, ресив. 100 л, 220 В, 2.20 кВт)",SG1511,"479,00","Преимущества: | | ■ Простая и надежная конструкция компрессора позволяет широко использовать его в бытовых целях | ■ Увеличенный масляный картер, для лучшей смазки и отвода тепла от поршневой группы | ■ Конденсатор увеличенной емкости для работы на пониженном напряжении | ■ Тепловая защита двигателя | ■ Латунный обратный клапан | ■ Регулировка давления на выходе | ■ Два манометра | ■ Два быстросъема с латунным клапаном. | | | | | | | | | | | Файлы | | | | | | | | | Производитель: | ECO GROUP HONG KONG LIMITED, UNIT 617, 6/F, 131-132 CONNAUGHT ROAD WEST, SOLO WORKSHOPS, HONG KONG | | | Назначение: | Для компрессии воздуха | | | Страна изготовления: | Китай | | | Импортер/Продавец: | ООО ""ТД Комплект"", РБ, г.Минск, ул. Кнорина,д.50,к.302 А | | | Штрихкод: | | 8212107216242 | | | | | Габариты ДxШxВ, см: | 105 x 37 x 76 | | | Вес с упаковкой, кг: | 56.85 | | | | | | | | | | | | | | | | | | ECO | Садовая и силовая техника | | | | | | | | | Описание: | Поршневой масляный компрессор с прямым приводом. | Компрессор поставляется с компрессорным маслом необходимого объема для стартового запуска компрессора. Масло может быть заправлено в картер компрессорной головы компрессора, либо перелито в отдельную | герметичную емкость для целей транспортировки во избежание утечки из | картера в зависимости от условий транспортировки изделия. | | Внимание! В картере могут находиться остатки масла. Это связано с тем, что 100% устройств запускается на производстве после сборки для проверки на работоспособность. | | | | | Комплектация: | | + Компрессор; | + Фильтр воздушный (2 шт); | + Колесо транспортировочное (2 шт); | + Опорная ножка (2 шт); | + Комплект крепежа.",,https://content.tools.by/images/products/cb-2811062268/1rN/1rNzvnaz1pDHgYuzdhuP4jklA3EoPGDuKPc3JKXL.jpg,https://tools.by/product/1009822
Зашитный кожух ECO ST55/80/130/250/450,GTP-ST120/250-036,"9,00","Производитель: | ECO GROUP HONG KONG LIMITED, UNIT 617, 6/F, 131-132 CONNAUGHT ROAD WEST, SOLO WORKSHOPS, HONG KONG | | | Назначение: | Запасные части | | | Страна изготовления: | Китай | | | Импортер/Продавец: | ООО ""ТД Комплект"", РБ, г.Минск, ул. Кнорина,д.50,к.302 А | | | Штрихкод: | | 8210803863180 | | | | | Габариты ДxШxВ, см: | 40 x 20 x 10 | | | Вес с упаковкой, кг: | 0.496 | | | | | | | | | | | | | | | | | | ECO | Садовая и силовая техника | | | | | | | | | Описание: | Совместимость: | для мотокос STIHL FS5580130250450 | | | | | Комплектация: | | + защитный кожух - 1шт;",,https://content.tools.by/images/products/ce-0085151250/DSd/DSdlsZmE9ILFQxUXbtUxB9obArQKKNyXqKZMI2Aw.jpg,https://tools.by/product/1647887
"Пистолет для подкачки шин ECO TIG-2 с манометром
                    (верхний манометр)",EC3923-3,"6,10","Файлы | | | | | | | | | Производитель: | ECO GROUP HONG KONG LIMITED. UNIT 617, 6/F, 131-132 CONNAUGHT ROAD WEST, SOLO WORKSHOPS, HONG KONG, CHINA | | | Назначение: | Для бытовых ремонтных работ | | | Страна изготовления: | Китай | | | Импортер/Продавец: | ООО ""ТД Комплект"", РБ, г.Минск, ул. Кнорина,д.50,к.302 А | | | Штрихкод: | | 8212107216327 | | | | | Габариты ДxШxВ, см: | 31.7 x 14.5 x 9 | | | Вес с упаковкой, кг: | 0.345 | | | | | | | | | | | | | | | | | | ECO | Садовая и силовая техника | | | | | | | | | Описание: | Тип: для подкачки шин | Манометр: верхнее расположение | Назначение: для автомобиля, дома, производства | Корпус: металл | Максимальное давление: 12 бар | Длина шланга: 400мм | Входной разъем: быстросъем | Наконечник: быстрозажимной, металл",,https://content.tools.by/images/products/cb-2270373284/F4e/F4ecw5UNh2wIFzERhfMXG835PnV145m4Bof1II6W.jpg,https://tools.by/product/1010614
"Мотокоса ECO GTP-215 Power
                    (2.15 кВт, 2.9 л.с., 43.0 см3, лёгкий запуск, нож 3Т, ремень двухлямочный, вес 7.6 кг)",EC1551-5,"464,80","Преимущества: | | ■ Цельная штанга диаметр 26 мм | ■ Многофункциональная и эргономичная рукоятка велосипедного типа | ■ Эффективная антивибрационная система | ■ Использование улучшенного (усиленного) ручного стартера с системой лёгкий запуск | ■ Цельнометаллический приводной вал | ■ Редуктор повышенной прочности | ■ Топливный бак с полупрозрачными стенками | ■ Праймер (система лёгкого запуска) | ■ Ударопрочный корпус двигателя | ■ Комбинированный защитный кожух из прочного пластика | ■ Усиленная полуавтоматическая косильная катушка с леской | ■ Прочный трехлопастной нож | ■ Двухплечный ремень для большего комфорта при работе | ■ Два поршневых кольца для высокой компрессии. | | | | | | | | | | | Файлы | | | | | | | | | Производитель: | “SKIPFIRE LIMITED” Romanou, 2, TLAIS TOWER, 6th floor, flat/office 601, P.C.1070, Nicosia,Кипр | | | Назначение: | Садово-парковое назначение | | | Страна изготовления: | Китай | | | Импортер/Продавец: | ООО ""ТД Комплект"", РБ, г.Минск, ул. Кнорина,д.50,к.302 А | | | Штрихкод: | | 8210803861742 | | | | | Габариты ДxШxВ, см: | 155 x 30 x 28.5 | | | Вес с упаковкой, кг: | 8.586 | | | | | | | | | | | | | | | | | | ECO | Садовая и силовая техника | | | | | | | | | Описание: | Мощная модель для продвинутых пользователей, которые по достоинству оценят внушительный потенциал мотокосы. | Удобная и эргономичная рукоятка триммера изготовлена в виде велосипедного руля и может устанавливаться в различных положениях, это обеспечивает максимальную управляемость и уменьшает нагрузку на опорно-двигательный аппарат оператора. Блок управления находится на одной ручке, кнопки доступны и располагаются точно под пальцами оператора. | Цельная штанга изготовлена из легкого алюминия, что повышает прочность конструкции, снижая её вес. Штанга оснащена антивибрационными демпферами, поглощающими вибрацию и уменьшающими нагрузку на кисти и предплечья. | Жесткий приводной вал дает возможность использовать в работе нож или диск. | Конический редуктор имеет избыточный запас прочности и способен выдерживать большие нагрузки. При этом редуктор легко отсоединяется, что позволяет использовать двигатель мотокосы в качестве силового агрегата. | Топливный бак имеет полупрозрачные стенки для удобства контроля за уровнем топлива. | Мотокоса снабжена праймером для предварительной подкачки топлива, который облегчит запуск мотора. | Корпус двигателя выполнен из специального ударопрочного пластика и защищает от внешних механических воздействий. | Широкий защитный кожух защищает оператора от выброса травы, камней и других вылетающих из-под режущего инструмента предметов. | Надёжная полуавтоматическая катушка обеспечивает лёгкую подачу корда. | Прочный трёхлопасной нож с лёгкостью справится с дикорастущей травой и кустарником. | Два поршневых кольца создают стабильную компрессию, увеличивают срок службы цилиндро-поршневой группы. | | | | | Комплектация: | | + Двигатель двухтактный бензиновый - 1 шт; | + - Вал мотокосы с трубой - 1 шт; | + - Триммерная катушка - 1 шт; | + - Нож трёхлопастной - 1 шт; | + - Кожух защитный с винтами крепления - 1 шт; | + - Ремень плечевой - 1 шт. (двухплечный); | + - Комплект регулировочных инструментов и принадлежностей - 1 компл; | + - Дозатор топливной смеси - 1 шт; | + - Ручка левая - 1 шт; | + - Ручка правая - 1 шт; | + - Упаковка - 1 шт; | + - Руководство пользователя - 1 шт;",,https://content.tools.by/images/products/cg-0005317596/gm2/gm2EY7RUJY3JPxjGDtZ8jItSOX3OTR4x6Ogje6n7.jpg,https://tools.by/product/1600216?slide=2
"Комплект для самовсасывания для очистителя высокого давления ECO
                    (универсальный)",18250001,"17,90","Производитель: | ECO GROUP HONG KONG LIMITED. UNIT 617, 6/F, 131-132 CONNAUGHT ROAD WEST, SOLO WORKSHOPS, HONG KONG, CHINA | | | Назначение: | | | | Страна изготовления: | Китай | | | Импортер/Продавец: | ООО ""ТД Комплект"", РБ, г.Минск, ул. Кнорина,д.50,к.302 А | | | Штрихкод: | | 6976215886439 | | | | | Габариты ДxШxВ, см: | 40 x 40 x 8 | | | Вес с упаковкой, кг: | 0.524 | | | | | | | | | | | | | | | | | | ECO | Садовая и силовая техника | | | | | | | | | Описание: | Совместимые товары: | EC4910-1 Очиститель высокого давления ECO HPW-1400; | EC4910-2 Очиститель высокого давления ECO HPW-1600; | HPW1521S0001 Очиститель высокого давления ECO HPW-1521S; | HPW1723RS001Очиститель высокого давления ECO HPW-1723RS; | HPW177000001 Очиститель высокого давления ECO HPW-1770; | HPW1825RSE01 Очиститель высокого давления ECO HPW-1825RSE; | HPW1860RSD01 Очиститель высокого давления ECO HPW-1860RSD; | ECX2011-0 Фильтр тонкой очистки (большой) для очистителя высокого давления ECO; | HPW-X00405 Фильтр тонкой очистки (малый) для очистителя высокого давления ECO;",,https://content.tools.by/images/products/cz-0249250688/Ytl/YtloMrKYzkwprfoLllR3X52J6wqEx6RLMFZpJftk.jpg,https://tools.by/product/1669126
"Компрессор автомобильный ECO AE-007 Comfort
                    (7,4 В, 40 Вт, 18 л/мин, 4000 мА·ч, 10 Бар, LED дисплей, режим повербанка, фонарь, 4 насадки, сумка)",EC3010-1,"117,20","Преимущества: | | ■ Портативный производительный насос с функцией повербанка | ■ Мощный двигатель со 100% медной обмоткой | ■ Гибкий шланг в защитной оплетке | ■ Цифровой дисплей | ■ Возможность выбора разных единиц измерений | ■ Ёмкий аккумулятор на 4 А·ч | ■ Зарядка от Type-C | ■ Четыре предустановленных режима накачки | ■ Встроенный светодиодный фонарь удобен при эксплуатации в темное время суток | ■ Удобная сумка для хранения и транспортировки | | | | | | | | | | | Файлы | | | | | | | | | Производитель: | ECO GROUP HONG KONG LIMITED, UNIT 617, 6/F, 131-132 CONNAUGHT ROAD WEST, SOLO WORKSHOPS, HONG KONG | | | Назначение: | | | | Страна изготовления: | Китай | | | Импортер/Продавец: | ООО ""ТД Комплект"", РБ, г.Минск, ул. Кнорина,д.50,к.302 А | | | Штрихкод: | | 6977125196984 | | | | | Габариты ДxШxВ, см: | 22.4 x 16.6 x 6.8 | | | Вес с упаковкой, кг: | 0.64 | | | | | | | | | | | | | | | | | | ECO | Садовая и силовая техника | | | | | | | | | Комплектация: | | + Компрессор; | + Комплект насадок (4 предмета); | + Пневмошланг; | + Зарядный кабель USB Type-C / Type-A;* | + Руководство по эксплуатации; | + Сумка для переноски и хранения. | + | + *зарядное устройство не входит в комплект поставки.",,https://content.tools.by/images/products/cz-0129898400/PGz/PGzaFDEgyn5YrzwG1spsOO1HXM3SIyG0H40hRvku.jpg,https://tools.by/product/1688872?slide=2
"Головка триммерная ECO GTP-TC35 леска ф 2.4 мм полуавт., блистер
                    (леска до 3.5 мм, ф 115 мм, лев. резьба М10х1.25 ""мама"", заправка лески без разбора)",198383-1,"50,23","Преимущества: | | ■ Полуавтоматический выпуск лески (при ударе о землю в процессе работы) | ■ Легкая заправка лески (без разборки корпуса катушки) | ■ Высокопрочный пластиковый корпус | ■ Свободно вращающаяся кнопка с подшипником (уменьшает износ головки и редуктора мотокосы) | ■ Лопасти специальной конструкции (формируют потоки воздуха, предотвращая загрязнения внутри головки) | ■ Триммерная леска 1,6-3,5 мм | ■ Левая резьба 10*1,25 ""мама"" | | | | | | | | | | | | | Производитель: | ECO GROUP HONG KONG LIMITED. UNIT 617, 6/F, 131-132 CONNAUGHT ROAD WEST, SOLO WORKSHOPS, HONG KONG, CHINA | | | Назначение: | Садово-парковое назначение | | | Страна изготовления: | Китай | | | Импортер/Продавец: | ООО ""ТД Комплект"", РБ, г.Минск, ул. Кнорина,д.50,к.302 А | | | Штрихкод: | | 6920803861148 | | | | | Габариты ДxШxВ, см: | 16.5 x 23 x 8 | | | Вес с упаковкой, кг: | 0.4 | | | | | | | | | | | | | | | | | | ECO | Садовая и силовая техника | | | | | | | | | Описание: | Поставляется в блистерной упаковке | | Подходит для мотокос: | ЕСО GTP-90H, GTP-145H, GTP-185H, GTP-145C, GTP-185C; GTP-143F, GTP-145F, GTP-183F, GTP-185F, GTP-187F, GTP-189F, GTP-145B, GTP-185B, GTP-145N, GTP-185N, GTP-185R; GTP-215; GTP-251; GTP-255; | GUNTER MSG-190, MSG-191, MSG-192; | DGM BC-180, BC-210, BC-240, BC-241; | | Подходит на большинство мотокос китайского производства с прямой штангой и редуктором. Не подходит на мотокосы с изогнутым валом без редуктора. Для 100% совместимости необходимо убедиться в соответствии резьбы (На редукторе должна быть левая резьба М10х1.25).",,https://content.tools.by/images/products/cb-0345073820/Umz/Umzwn1fAobIzOYzJ7UicqafTqMKZ1RFcb7xaCioq.jpg,https://tools.by/product/961465
"Тачка садовая ECO WB141-1 (75л, 140кг, 1 пневмоколесо 3.5-6)",WB351-2,"195,00","Преимущества: | | ■ Стальной оцинкованный кузов | ■ Прочная, усиленная рама | ■ Толщина металла кузова 0,5 мм | ■ Пылезащищённый подшипник | ■ Большое пневматическое колесо | | | | | | | | | | | Файлы | | | | | | | | | Производитель: | ECO GROUP HONG KONG LIMITED, UNIT 617, 6/F, 131-132 CONNAUGHT ROAD WEST, SOLO WORKSHOPS, HONG KONG | | | Назначение: | Садово-парковое назначение | | | Страна изготовления: | Китай | | | Импортер/Продавец: | ООО ""ТД Комплект"", РБ, г.Минск, ул. Кнорина,д.50,к.302 А | | | Штрихкод: | | 8213112891226 | | | | | Габариты ДxШxВ, см: | 123 x 59 x 62 | | | Вес с упаковкой, кг: | 6.7 | | | | | | | | | | | | | | | | | | ECO | Садовая и силовая техника | | | | | | | | | Описание: | Одноколесная садовая тачка ECO",,https://content.tools.by/images/products/cv-0126498240/aNF/aNF8rbyN0qdTLdHX9is9lyR61YYCaIN4TwWs2cNS.jpg,https://tools.by/product/1037340
"Головка триммерная ECO GTP-TC30 леска ф 2.4 мм полуавт., блистер
                    (ф120 мм, лев. резьба М10х1.25 ""мама"", заправка лески без разбора)",GTPTC650011B,"14,00","Преимущества: | | ■ Заправка лески без разборки головки | ■ Полуавтоматический выпуск лески (при ударе о землю в процессе работы) | ■ Легкая заправка лески | ■ Высокопрочный пластиковый корпус | ■ Триммерная леска 1,6-3,0 мм | ■ Левая резьба 10*1,25 ""мама"" | ■ Максимальная частота вращения 12000 об/мин | | | | | | | | | | | | | Производитель: | ECO GROUP HONG KONG LIMITED. UNIT 617, 6/F, 131-132 CONNAUGHT ROAD WEST, SOLO WORKSHOPS, HONG KONG, CHINA | | | Назначение: | Садово-парковое назначение | | | Страна изготовления: | Китай | | | Импортер/Продавец: | ООО ""ТД Комплект"", РБ, г.Минск, ул. Кнорина,д.50,к.302 А | | | Штрихкод: | | 6920803861124 | | | | | Габариты ДxШxВ, см: | 16.5 x 23 x 9 | | | Вес с упаковкой, кг: | 0.421 | | | | | | | | | | | | | | | | | | ECO | Садовая и силовая техника | | | | | | | | | Описание: | Поставляется в блистерной упаковке | | Подходит для мотокос: | ЕСО GTP-90H, GTP-145H, GTP-185H, GTP-145C, GTP-185C; GTP-143F, GTP-145F, GTP-183F, GTP-185F, GTP-187F, GTP-189F, GTP-145B, GTP-185B, GTP-145N, GTP-185N, GTP-185R; GTP-215; GTP-251; GTP-255; | GUNTER MSG-190, MSG-191, MSG-192; | DGM BC-180, BC-210, BC-240, BC-241; | | Подходит на большинство мотокос китайского производства с прямой штангой и редуктором. Не подходит на мотокосы с изогнутым валом без редуктора. Для 100% совместимости необходимо убедиться в соответствии резьбы (На редукторе должна быть левая резьба М10х1.25).",,https://content.tools.by/images/products/cb-0045762750/yAs/yAsNAd8Fv6SgU2ARLNkdWCICPPgKBR5nvzeRdNCh.jpg,https://tools.by/product/961464
"Компрессор ECO AE-251-3 коаксиальный
                    (235 л/мин, 8 атм, коаксиальный, масляный, ресив. 24 л, 220 В, 1.50 кВт)",SG1512,"763,00","Преимущества: | | ■ Воздушная трубка с теплоотводом | ■ Регулятор давления | ■ 2 быстросъемных выхода | ■ Воздушный фильтр с поролоновым фильтроэлементом | ■ Манометры с металлическим корпусом | ■ Колеса с резиновыми накладками | | | | | | | | | | | Файлы | | | | | | | | | Производитель: | ECO GROUP HONG KONG LIMITED, UNIT 617, 6/F, 131-132 CONNAUGHT ROAD WEST, SOLO WORKSHOPS, HONG KONG | | | Назначение: | Для компрессии воздуха | | | Страна изготовления: | Китай | | | Импортер/Продавец: | ООО ""ТД Комплект"", РБ, г.Минск, ул. Кнорина,д.50,к.302 А | | | Штрихкод: | | 6923112894227 | | | | | Габариты ДxШxВ, см: | 59 x 28.5 x 60.5 | | | Вес с упаковкой, кг: | 23.15 | | | | | | | | | | | | | | | | | | ECO | Садовая и силовая техника | | | | | | | | | Описание: | ВНИМАНИЕ!!! | Уровень масла должен быть немного выше верхней границы красной точки на глазке! | Комплектация; | Компрессор; | Фильтр воздушный; | Колесо транспортировочное (2 шт); | Опорная ножка; | Комплект крепежа. | Компрессор поставляется с компрессорным маслом необходимого объема для стартового запуска компрессора. Масло может быть заправлено в картер компрессорной головы компрессора, либо перелито в отдельную | герметичную емкость для целей транспортировки во избежание утечки из | картера в зависимости от условий транспортировки изделия. | | Внимание! В картере могут находиться остатки масла. Это связано с тем, что 100% устройств запускается на производстве после сборки для проверки на работоспособность.",,https://content.tools.by/images/products/cb-1990619200/xbO/xbOpCLiUDHGaYYLjQTtTbvnoHZjZLCgCtOndMI48.jpg,https://tools.by/product/981908?slide=2
"Очиститель высокого давления ECO HPW-1600
                    (2.20 кВт, 160 бар, 480 л/ч, самовсасывание, встроенный + активный пеногенератор, щетка)",EC4910-1,"269,00","Преимущества: | | ■ Алюминиевый корпус насоса высокого давления | ■ Защита двигателя от перегрева | ■ Функция самовсасывания позволяет использовать очиститель без подключения к водопроводу | ■ Веерная и грязевая форсунки в комплекте | ■ Моющая щетка в комплекте | ■ Встроенный бак для моющего средства | ■ Регулируемый пеногенератор для распыления моющей пены | ■ Удобные крепления для распылительного пистолета и шланга на корпусе мойки | ■ Колеса для удобства транспортировки | | | | | | | | | | | Файлы | | | | | | | | | Производитель: | ECO GROUP HONG KONG LIMITED, UNIT 617, 6/F, 131-132 CONNAUGHT ROAD WEST, SOLO WORKSHOPS, HONG KONG | | | Назначение: | Для удаления загрязнений | | | Страна изготовления: | Китай | | | Импортер/Продавец: | ООО ""ТД Комплект"", РБ, г.Минск, ул. Кнорина,д.50,к.302 А | | | Штрихкод: | | 6976215886316 | | | | | Габариты ДxШxВ, см: | 29 x 25 x 49 | | | Вес с упаковкой, кг: | 9.6 | | | | | | | | | | | | | | | | | | ECO | Садовая и силовая техника | | | | | | | | | Описание: | Очиститель высокого давления предназначен для очистки поверхностей водой под давлением при помощи различных насадок | | | | | Комплектация: | | + Очиститель высокого давления; | + Шланг высоконапорный - 5 м; | + Моечный пистолет; | + Трубка струйная; | + Веерная фреза; | + Грязевая фреза; | + Моющая щетка; | + Пеногенератор; | + Инструмент для чистки форсунки; | + Входной мини фильтр-коннектор 3/4"";",,https://content.tools.by/images/products/cz-1830703952/SVe/SVeGbtV2gZP7JV2qlYxU3qhqfYo9f46BkKlZX73M.jpg,https://tools.by/product/1669123
"Шланг армированный маслостойкий ф 6/12 мм с быстросъемн. соед. ECO (длина 5 м)
                    (толщ.стенки: 3 мм)",AHF-1010,"85,10","Преимущества: | | ■ Материал шланга: нитрил-бутадиеновый каучук (NBR), устойчивый к воздействию масла, топлива и разнообразных химических веществ | ■ Шланга имеет толщину стенки 3 мм., что дает ему высокую механическую прочность | ■ Фитинги изготовлены из латуни, что делает их стойкими к коррозии | ■ Шланг оборудован быстросъемными соединениями ПАПА и МАМА | ■ Стальные пружины защищают шланг от изламывания в местах крепления | | | | | | | | | | | | | Производитель: | ECO GROUP HONG KONG LIMITED. UNIT 617, 6/F, 131-132 CONNAUGHT ROAD WEST, SOLO WORKSHOPS, HONG KONG, CHINA | | | Назначение: | Садово-парковое назначение | | | Страна изготовления: | Китай | | | Импортер/Продавец: | ООО ""ТД Комплект"", РБ, г.Минск, ул. Кнорина,д.50,к.302 А | | | Штрихкод: | | 8213112891844 | | | | | Габариты ДxШxВ, см: | 24 x 24 x 3 | | | Вес с упаковкой, кг: | 0.718 | | | | | | | | | | | | | | | | | | ECO | Садовая и силовая техника",,https://content.tools.by/images/products/cg-0012486474/YM6/YM6MEN9Bp170sw43j4wgz133jfcWNOt124aoiXEr.jpg,https://tools.by/product/1583190
"Насос садовый ECO GFI-13P, 1200 Вт
                    (1200 Вт, 3600 л/ч, 48 м)",PF1100,"360,00","Преимущества: | | ■ Асинхронный двигатель с защитой от перегрузок. | ■ Корпус насоса из нержавеющей стали. | | | | | | | | | | | Файлы | | | | | | | | | Производитель: | ECO GROUP HONG KONG LIMITED, UNIT 617, 6/F, 131-132 CONNAUGHT ROAD WEST, SOLO WORKSHOPS, HONG KONG | | | Назначение: | Для хозяйственных нужд | | | Страна изготовления: | Китай | | | Импортер/Продавец: | ООО ""ТД Комплект"", РБ, г.Минск, ул. Кнорина,д.50,к.302 А | | | Штрихкод: | | 8212107214835 | | | | | Габариты ДxШxВ, см: | 37.5 x 23 x 22 | | | Вес с упаковкой, кг: | 6.36 | | | | | | | | | | | | | | | | | | ECO | Садовая и силовая техника | | | | | | | | | Описание: | В комплект входит: входной патрубок 1 шт., выходной патрубок 1 шт.",,https://content.tools.by/images/products/cb-0059940063/ivf/ivflfONwJ3jfnlZyxsW31cR8OL1sLSCwQDV61fVr.jpg,https://tools.by/product/997486?slide=2
"Гайка левая  M10*1.25 ECO GTP-X016
                    (для крепления ножа к редуктору)",GTP-X005,"43,20","Производитель: | ECO GROUP HONG KONG LIMITED. UNIT 617, 6/F, 131-132 CONNAUGHT ROAD WEST, SOLO WORKSHOPS, HONG KONG | | | Назначение: | Садово-парковое назначение | | | Страна изготовления: | Китай | | | Импортер/Продавец: | ООО ""ТД Комплект"", РБ, г.Минск, ул. Кнорина,д.50,к.302 А | | | Штрихкод: | | 6923112893671 | | | | | Габариты ДxШxВ, см: | 15.5 x 3 x 15.5 | | | Вес с упаковкой, кг: | 0.011 | | | | | | | | | | | | | | | | | | ECO | Садовая и силовая техника | | | | | | | | | Описание: | Совместимость: | | Для моделей ECO GTP-145F, GTP-145N, GTP-145R, GTP-185F, GTP-185K, GTP-185N, GTP-185R, GTP-187F, GTP-189F, GTP-215, GTP-215S, GTP-250, GTP-250S, GTP-251 | Для моделей DGM BC-210, BC-210S, BC-240, BC-241, BC-241S | | Подходит ко многим мотокосам: ECO, DGM, GUNTER, SKIPER, DARC, MIKKELI, PATRIOT, DENZEL, CRAFTOP, LIDER, NIKKEY, PROKRAFT, MATRIX, WATT, CATMANN, GARDEN LINE, ELAND KASEI, ZIGZAG, DOLFIN, SOLO, GRASSHOPER, EUROTEK, PARK, DEMON, STERN, EXTEL, BIZON, MEGA, PROLAND, DOLMAR, MAGNUM, SKIPER, STURM и др. | | | | | Комплектация: | | + Гайка;",,https://content.tools.by/images/products/cb-0000455182/Wgf/Wgf3FNNHsbGRTT0lAXG1iQct9qfCj8XN9NAAHaKs.jpg,https://tools.by/product/967860
"Насос вибрационный ECO CPV-332 (25м, верхний забор)
                    (330Вт, 1300 л/ч, пров. 25м 3х0,75 мм2, аналог насоса Ручеек)",EC4213-1,"92,00","Преимущества: | | ■ Защита от захвата грязи со дна резервуара или колодца благодаря верхнему забору воды | ■ Термозащита электропривода | ■ Прочный и эластичный электрический кабель сечением 0,75 мм2 | ■ Алюминиевый корпус не подвержен коррозии | ■ Капроновый шнур в комплекте для подвеса насоса | ■ Выходной штуцер ""елочка"" диаметром 3/4"" | | | | | | | | | | | Файлы | | | | | | | | | Производитель: | ECO GROUP HONG KONG LIMITED, UNIT 617, 6/F, 131-132 CONNAUGHT ROAD WEST, SOLO WORKSHOPS, HONG KONG | | | Назначение: | | | | Страна изготовления: | Китай | | | Импортер/Продавец: | ООО ""ТД Комплект"", РБ, г.Минск, ул. Кнорина,д.50,к.302 А | | | Штрихкод: | | 6977125196274 | | | | | Габариты ДxШxВ, см: | 19 x 13 x 30.5 | | | Вес с упаковкой, кг: | 5.1 | | | | | | | | | | | | | | | | | | ECO | Садовая и силовая техника | | | | | | | | | Комплектация: | | + Насос; | + Капроновый шнур; | + Хомут червячный; | + Инструкция по эксплуатации; | + Коробка",,https://content.tools.by/images/products/cz-0060368144/pxh/pxhzfvjrSGHlsIIvl8kTBVAYNcbMaay0VShqx1h1.jpg,https://tools.by/product/1711415
Коленвал ECO HU137/142,CSP-ST361-013,"25,20","Производитель: | ECO GROUP HONG KONG LIMITED, UNIT 617, 6/F, 131-132 CONNAUGHT ROAD WEST, SOLO WORKSHOPS, HONG KONG | | | Назначение: | Запасные части | | | Страна изготовления: | Китай | | | Импортер/Продавец: | ООО ""ТД Комплект"", РБ, г.Минск, ул. Кнорина,д.50,к.302 А | | | Штрихкод: | | 8210803862237 | | | | | Габариты ДxШxВ, см: | 15 x 10 x 10 | | | Вес с упаковкой, кг: | 0.38 | | | | | | | | | | | | | | | | | | ECO | Садовая и силовая техника | | | | | | | | | Описание: | Совместимость: | для бензопил Husqvarna 137142 | | | | | Комплектация: | | + коленвал - 1шт, игольчатый подшипник - 1шт;",,https://content.tools.by/images/products/ce-1045986696/u9O/u9OpwV2zKi2G2nDMSRuB3qcMrUuLdZH5AJcRFR0r.jpg,https://tools.by/product/1647875
"Компрессор ECO AE-251-3 коаксиальный
                    (235 л/мин, 8 атм, коаксиальный, масляный, ресив. 24 л, 220 В, 1.50 кВт)",AS2840-0,"340,00","Преимущества: | | ■ Воздушная трубка с теплоотводом | ■ Регулятор давления | ■ 2 быстросъемных выхода | ■ Воздушный фильтр с поролоновым фильтроэлементом | ■ Манометры с металлическим корпусом | ■ Колеса с резиновыми накладками | | | | | | | | | | | Файлы | | | | | | | | | Производитель: | ECO GROUP HONG KONG LIMITED, UNIT 617, 6/F, 131-132 CONNAUGHT ROAD WEST, SOLO WORKSHOPS, HONG KONG | | | Назначение: | Для компрессии воздуха | | | Страна изготовления: | Китай | | | Импортер/Продавец: | ООО ""ТД Комплект"", РБ, г.Минск, ул. Кнорина,д.50,к.302 А | | | Штрихкод: | | 6923112894227 | | | | | Габариты ДxШxВ, см: | 59 x 28.5 x 60.5 | | | Вес с упаковкой, кг: | 23.15 | | | | | | | | | | | | | | | | | | ECO | Садовая и силовая техника | | | | | | | | | Описание: | ВНИМАНИЕ!!! | Уровень масла должен быть немного выше верхней границы красной точки на глазке! | Комплектация; | Компрессор; | Фильтр воздушный; | Колесо транспортировочное (2 шт); | Опорная ножка; | Комплект крепежа. | Компрессор поставляется с компрессорным маслом необходимого объема для стартового запуска компрессора. Масло может быть заправлено в картер компрессорной головы компрессора, либо перелито в отдельную | герметичную емкость для целей транспортировки во избежание утечки из | картера в зависимости от условий транспортировки изделия. | | Внимание! В картере могут находиться остатки масла. Это связано с тем, что 100% устройств запускается на производстве после сборки для проверки на работоспособность.",,https://content.tools.by/images/products/cb-1990619200/xbO/xbOpCLiUDHGaYYLjQTtTbvnoHZjZLCgCtOndMI48.jpg,https://tools.by/product/981908
"Насос погружной для загрязненной воды, нерж. ECO DI-903, 900Вт
                    (900 Вт, 14500 л/ч, 9 м)",PF0610,"376,22","Преимущества: | | ■ Асинхронный двигатель с защитой от перегрузок. | ■ Автоматическое включениевыключение при помощи поплавкового выключателя. | ■ Корпус насоса из нержавеющей стали. | ■ Крыльчатка из технополимера разработана специально для загрязненной воды. | ■ Клапана деаэрации автоматически развоздушивают полость насоса. | | | | | | | | | | | Файлы | | | | | | | | | Производитель: | ECO GROUP HONG KONG LIMITED, UNIT 617, 6/F, 131-132 CONNAUGHT ROAD WEST, SOLO WORKSHOPS, HONG KONG | | | Назначение: | Для хозяйственных нужд | | | Страна изготовления: | Китай | | | Импортер/Продавец: | ООО ""ТД Комплект"", РБ, г.Минск, ул. Кнорина,д.50,к.302 А | | | Штрихкод: | | 8212107214828 | | | | | Габариты ДxШxВ, см: | 22 x 16 x 37 | | | Вес с упаковкой, кг: | 5.56 | | | | | | | | | | | | | | | | | | ECO | Садовая и силовая техника | | | | | | | | | Описание: | В комплект входит универсальный патрубок с угловым коленом.",,https://content.tools.by/images/products/cb-4086816727/Hja/HjaB2y9LKswMP8Ck3JeUH5oFJKB5wiPpKjMyzPws.jpg,https://tools.by/product/1011040?slide=2
"Краскораспылитель ECO SGH-710 (HP, сопло ф 4, 6, 8 мм, верх. бак 5000 мл)
                    (для нанесения штукатурки и шпатлевки)",PST-600,"11,81","Преимущества: | | ■ Высокая экономия материалов. | ■ Большой бак для распыляемого материала. | ■ Конструкция распылителя предусматривает постоянное прохождение воздуха через сопло, даже при отпущенном курке, для того, что бы материал не засыхал. | ■ В комплекте 3 сопла различного диаметра. | | | | | | | | | | | Файлы | | | | | | | | | Производитель: | Eco Group Hong Kong Limited, unit 617, 6/F, 131-132 Connaught Rd. West, Solo Workshops, Hong Kong. | | | Назначение: | | | | Страна изготовления: | Китай | | | Импортер/Продавец: | ООО ""ТД Комплект"", РБ, г.Минск, ул. Кнорина,д.50,к.302 А | | | Штрихкод: | | 8212107216754 | | | | | Габариты ДxШxВ, см: | 27 x 24 x 23.5 | | | Вес с упаковкой, кг: | 1.04 | | | | | | | | | | | | | | | | | | ECO | Садовая и силовая техника | | | | | | | | | Описание: | Краскораспылитель предназначен для нанесения:; | - декоративной (в т.ч. мраморной) штукатурки; | - огнезащитной декоративно-гидроизоляционной штукатурки; | - шпаклевочных масс, фасадных красок и жидких обоев, пробковых покрытий, огнеупорных и защитных материалов, жидких утеплителей, различных материалов, которые используются при текстурной отделке.",,https://content.tools.by/images/products/cv-0297310208/eN8/eN8nkzkPLYyPiXRRPQpfXFLudp5iiDrhKn1H3VFS.jpg,https://tools.by/product/1027489
Трубка струйная для очистителя высокого давления ECO,ECX2010-7,"28,06","Производитель: | ECO GROUP HONG KONG LIMITED, UNIT 617, 6/F, 131-132 CONNAUGHT ROAD WEST, SOLO WORKSHOPS, HONG KONG | | | Назначение: | | | | Страна изготовления: | Китай | | | Импортер/Продавец: | ООО ""ТД Комплект"", РБ, г.Минск, ул. Кнорина,д.50,к.302 А | | | Штрихкод: | | 8212107216532 | | | | | Габариты ДxШxВ, см: | 42.5 x 3.5 x 3.5 | | | Вес с упаковкой, кг: | 0.1 | | | | | | | | | | | | | | | | | | ECO | Садовая и силовая техника | | | | | | | | | Описание: | Струйная трубка. Предназначена для удержания сопла. | Устанавливается в пистолет.",,https://content.tools.by/images/products/cv-4593809136/jXm/jXmIthfRAYRaKT6ByPxu54gAT0kKkkSsLVX3WtKd.jpg,https://tools.by/product/1024517
"Цепь 3/8"" LP 1.3 мм 1640 зв. 38LTA (бухта 30.4 м) ECO",CSP-325TA5-B,"565,00","Файлы | | | | | | | | | Производитель: | ECO GROUP HONG KONG LIMITED, UNIT 617, 6/F, 131-132 CONNAUGHT ROAD WEST, SOLO WORKSHOPS, HONG KONG | | | Назначение: | Садово-парковое назначение | | | Страна изготовления: | Китай | | | Импортер/Продавец: | ООО ""ТД Комплект"", РБ, г.Минск, ул. Кнорина,д.50,к.302 А | | | Штрихкод: | | 8212107216228 | | | | | Габариты ДxШxВ, см: | 22 x 22 x 22 | | | Вес с упаковкой, кг: | 6.5 | | | | | | | | | | | | | | | | | | ECO | Садовая и силовая техника | | | | | | | | | Описание: | Пильные цепи ECO Multli Sharp со слабой отдачей и специальной системой смазки Oilotec system для увеличения срока службы - оптимальный выбор режущей оснастки для Вашей бензопилы. Режущий зуб выполнен из качественной стали. | | В комплекте с бухтой идет набор звеньев для расклепки и набор пакетов для индивидуальной упаковки. | | аналог цепи OREGON - 91VXL100R. | | Упаковка: картонная коробка",,https://content.tools.by/images/products/cb-0500049408/ayn/ayn5HLyAdR7Qmn8rOq5U0ZRZKMwErhAN84gF7nca.jpg,https://tools.by/product/1001335
"Опрыскиватель ранцевый бензиновый ECO PS-471
                    (2Т двигатель 3,5л.с.; бак 14 л; произв-сть воздушной смеси 1260м3/ч; расход жидкости до 3,0 л/мин)",UB1103,"214,92","Файлы | | | | | | | | | Производитель: | ECO GROUP HONG KONG LIMITED, UNIT 617, 6/F, 131-132 CONNAUGHT ROAD WEST, SOLO WORKSHOPS, HONG KONG | | | Назначение: | | | | Страна изготовления: | Китай | | | Импортер/Продавец: | ООО ""ТД Комплект"", РБ, г.Минск, ул. Кнорина,д.50,к.302 А | | | Штрихкод: | | 8210803863241 | | | | | Габариты ДxШxВ, см: | 50 x 33.5 x 69 | | | Вес с упаковкой, кг: | 12.5 | | | | | | | | | | | | | | | | | | ECO | Садовая и силовая техника | | | | | | | | | Описание: | Ранцевый бензиновый опрыскиватель используется в домашнем хозяйстве для ухода за растениями, подкормки растений и уничтожения насекомых. Также может использоваться для рассеивания семян, порошковых, гранулированных химикатов и как воздуходувное устройство. | Устройство оснащено мощным бензиновым двигателем 2.6 кВт, поэтому обеспечивает мобильность, с ним можно работать в поле и саду, не привязываясь к наличию розетки и электросети. | Ранцевая система позволяет перемещать опрыскиватель на спине во время его использования и равномерно распределять нагрузку, все элементы управления расположены на рукоятке. | | Особенности: | - опрыскиватель ранцевого типа; | - комплект для работы с сухими и сыпущими веществами в комплекте; | - двухтактный бензиновый двигатель; | - регулируемый расход жидкости 0,14 - 3,0 лмин; | - антивибрационные подушки двигателя; | - бак для жидкости 14 литров для продолжительной работы; | - большая заливная горловина с фильтром; | - сливная пробка на баке; | | Комплект: | Мотоопрыскиватель в сборе; | Напорная труба; | Комплект для работы с сухими веществами; | Шланг гибкий;",,https://content.tools.by/images/products/ce-2934458028/rdo/rdoK3nJHZLmOnl0mQctBUdAVgj2xRPRjB7yHTJ42.jpg,https://tools.by/product/1638293?slide=2
"Нож для мотокосы 40 зуб. 255х1.3х25.4 мм ECO
                    (твердоспл.)",GTP-24T,"19,00","Производитель: | ECO GROUP HONG KONG LIMITED, UNIT 617, 6/F, 131-132 CONNAUGHT ROAD WEST, SOLO WORKSHOPS, HONG KONG | | | Назначение: | | | | Страна изготовления: | Китай | | | Импортер/Продавец: | ООО ""ТД Комплект"", РБ, г.Минск, ул. Кнорина,д.50,к.302 А | | | Штрихкод: | | 6923112892124 | | | | | Габариты ДxШxВ, см: | 38.5 x 36 x 0.6 | | | Вес с упаковкой, кг: | 0.38 | | | | | | | | | | | | | | | | | | ECO | Садовая и силовая техника | | | | | | | | | Описание: | Твердосплавный диск с победитовыми напайками из высококачественной стали. | Благодаря дополнительным отверстиям по всей ширине ножа, снижается нагрузка на редуктор мотокосы при работе. | Применение - для кошения жёсткой травы, кустарника, молодых побегов деревьев.",,https://content.tools.by/images/products/cb-1491980861/B8b/B8baqPHte1I8uJcyQ92O4SVS3BR2jkUK2dfnd55d.jpg,https://tools.by/product/938181
"Электростанция (генератор инверторный бензиновый) ECO PE-4000RSI
                    (инверторный, 3.7 кВт, 230 В, бак 7.0 л, вес 29 кг)",EC1566-2,"1 476,00","Преимущества: | | ■ Чистое синусоидальное напряжение на выходе | ■ Медная обмотка альтернатора | ■ ECO режим для экономии толива | ■ Низкий уровень шума | ■ Цифровой вольтметр (напряжение, частота тока, счётчик мото-часов) | ■ Защита от низкого уровня масла | ■ Защита от перегрузки | ■ Чугунная гильза, увеличивающая моторесурс двигателя | ■ Компактность и удобство транспортировки. | | | | | | | | | | | Файлы | | | | | | | | | Производитель: | ECO GROUP HONG KONG LIMITED, UNIT 617, 6/F, 131-132 CONNAUGHT ROAD WEST, SOLO WORKSHOPS, HONG KONG | | | Назначение: | Для хозяйственных нужд | | | Страна изготовления: | Китай | | | Импортер/Продавец: | ООО ""ТД Комплект"", РБ, г.Минск, ул. Кнорина,д.50,к.302 А | | | Штрихкод: | | 8210803862053 | | | | | Габариты ДxШxВ, см: | 45 x 38.5 x 47 | | | Вес с упаковкой, кг: | 28.8 | | | | | | | | | | | | | | | | | | ECO | Садовая и силовая техника | | | | | | | | | Описание: | Инверторный генератор ECO PE-4000RSI предназначен для автономного электроснабжения устройств с высокими требованиями к качеству электрической энергии в условиях отсутствия бытовой электросети. | | Внимание! При подборе электростанции необходимо учитывать пусковые токи устройства-потребителя электроэнергии. | Внимание! Двигатель поставляется без масла! Рекомендуемое моторное масло - 10W-40. | | | | | Комплектация: | | + Электростанция; | + Вилка 16 А, 220 В - 2 шт.; | + Комплект проводов с зажимами для АКБ; | + Свечной ключ; | + Руководство по эксплуатации;",,https://content.tools.by/images/products/cd-0559718840/lu2/lu2qyyoQZmcU1c7M0R0iy2GVtuATRKE8TSx3ceOJ.jpg,https://tools.by/product/1635485
"Регулятор давления с манометром ECO AR-03-14
                    (резьбовое соединение 1/4"")",AU-05-14,"37,91","Преимущества: | | ■ Компактное исполнение для размещения прямо на пневмоинструменте. | ■ Регулирование давления происходит за счет растяжения и сжатия пружинного механизма. | | | | | | | | | | | | | Производитель: | ECO GROUP HONG KONG LIMITED, UNIT 617, 6/F, 131-132 CONNAUGHT ROAD WEST, SOLO WORKSHOPS, HONG KONG | | | Назначение: | | | | Страна изготовления: | Китай | | | Импортер/Продавец: | ООО ""ТД Комплект"", РБ, г.Минск, ул. Кнорина,д.50,к.302 А | | | Штрихкод: | | 6977125195239 | | | | | Габариты ДxШxВ, см: | 9.5 x 7.5 x 8 | | | Вес с упаковкой, кг: | 0.192 | | | | | | | | | | | | | | | | | | ECO | Садовая и силовая техника",,https://content.tools.by/images/products/cz-0000001304/4OW/4OWeLpnrFKp85pPqVsHIpDoEqDyp4zSth9Nv0TZ2.jpg,https://tools.by/product/1707694
"Карбюратор ECO GTP-X025 (для мотокос 25,4 см3)",GTP-ST120/250-038,"18,00","Преимущества: | | ■ Для небольших триммеров с двигателем 25,4 см3 | ■ Малый диаметр окна | | | | | | | | | | | | | Производитель: | ECO GROUP HONG KONG LIMITED. UNIT 617, 6/F, 131-132 CONNAUGHT ROAD WEST, SOLO WORKSHOPS, HONG KONG | | | Назначение: | Садово-парковое назначение | | | Страна изготовления: | Китай | | | Импортер/Продавец: | ООО ""ТД Комплект"", РБ, г.Минск, ул. Кнорина,д.50,к.302 А | | | Штрихкод: | | 6923112893602 | | | | | Габариты ДxШxВ, см: | 20 x 5 x 5 | | | Вес с упаковкой, кг: | 0.148 | | | | | | | | | | | | | | | | | | ECO | Садовая и силовая техника | | | | | | | | | Описание: | Совместимость: | | Подходит ко многим мотокосам: CRAFTOP, LIDER, NIKKEY, PROKRAFT, MATRIX, WATT, CATMANN, GARDEN LINE, ELAND KASEI, ZIGZAG, DOLFIN, SOLO, GRASSHOPER, EUROTEK, PARK, DEMON, STERN, EXTEL, BIZON, MEGA, PROLAND, DOLMAR, MAGNUM, SKIPER, STURM, ECO и др. | | | | | Комплектация: | | + Карбюратор в сборе",,https://content.tools.by/images/products/cb-0428479623/BSx/BSx5rgC8J9O3G5oEeRaSZq4ycuoRKpqZdaFGr0pV.jpg,https://tools.by/product/967861
Кронштейн крепления рукояток (поворотный) 26-28 мм ECO GTP-X037,GTP-X015,"7,20","Производитель: | ECO GROUP HONG KONG LIMITED. UNIT 617, 6/F, 131-132 CONNAUGHT ROAD WEST, SOLO WORKSHOPS, HONG KONG | | | Назначение: | Садово-парковое назначение | | | Страна изготовления: | Китай | | | Импортер/Продавец: | ООО ""ТД Комплект"", РБ, г.Минск, ул. Кнорина,д.50,к.302 А | | | Штрихкод: | | 8210803861612 | | | | | Габариты ДxШxВ, см: | 7 x 5 x 5 | | | Вес с упаковкой, кг: | 0.356 | | | | | | | | | | | | | | | | | | ECO | Садовая и силовая техника | | | | | | | | | Описание: | Совместимость: | | Для моделей ECO GTP-145F, GTP-145N, GTP-145R, GTP-185F, GTP-185K, GTP-185N, GTP-185R, GTP-187F, GTP-189F | | Подходит ко многим мотокосам: CRAFTOP, LIDER, NIKKEY, PROKRAFT, MATRIX, WATT, CATMANN, GARDEN LINE, ELAND KASEI, ZIGZAG, DOLFIN, SOLO, GRASSHOPER, EUROTEK, PARK, DEMON, STERN, EXTEL, BIZON, MEGA, PROLAND, DOLMAR, MAGNUM, SKIPER, STURM, ECO и др. | | | | | Комплектация: | | + Кронштейн;",,https://content.tools.by/images/products/cv-6606283104/5ZR/5ZRT8DKiA911G2r4cSCEiA6Tfnz67oCov48X1wr7.jpg,https://tools.by/product/1559177
"Колесо надувн. 3.25-8"" (подшипн. ф35x16 мм, для оси 16x90мм)
                    (Подходит к тачкам: WB150-1)",WB-P125,"52,20","Производитель: | ECO GROUP HONG KONG LIMITED, UNIT 617, 6/F, 131-132 CONNAUGHT ROAD WEST, SOLO WORKSHOPS, HONG KONG | | | Назначение: | | | | Страна изготовления: | Китай | | | Импортер/Продавец: | ООО ""ТД Комплект"", РБ, г.Минск, ул. Кнорина,д.50,к.302 А | | | Штрихкод: | | 8212107214682 | | | | | Габариты ДxШxВ, см: | 34 x 7.2 x 34 | | | Вес с упаковкой, кг: | 1.9 | | | | | | | | | | | | | | | | | | ECO | Садовая и силовая техника",,https://content.tools.by/images/products/cb-1420864000/6oE/6oEZL6coOGEQ5OQhf0Z5RhpkBlf34w4rkb0eoZVf.jpg,https://tools.by/product/997102
Подшипник усиленный для тачек ECO ф35x12 мм,WB-P018,"2,81","Производитель: | ECO GROUP HONG KONG LIMITED, UNIT 617, 6/F, 131-132 CONNAUGHT ROAD WEST, SOLO WORKSHOPS, HONG KONG | | | Назначение: | Для хозяйственных нужд | | | Страна изготовления: | Китай | | | Импортер/Продавец: | ООО ""ТД Комплект"", РБ, г.Минск, ул. Кнорина,д.50,к.302 А | | | Штрихкод: | | 8212107214767 | | | | | Габариты ДxШxВ, см: | 2 x 2 x 2 | | | Вес с упаковкой, кг: | 0.046 | | | | | | | | | | | | | | | | | | ECO | Садовая и силовая техника | | | | | | | | | Описание: | Подходит к тачкам: | WB6418-1",,https://content.tools.by/images/products/cb-2116874304/EsX/EsXTUNVoCCeMrovaht8OKpPnRLcmxoC3L7Jg6fm3.jpg,https://tools.by/product/924393
"Распылительная насадка веерная для очистителя высокого давления ECO (200 бар макс.)
                    (для ECO HPW-1600)",18250005,"69,90","Производитель: | ECO GROUP HONG KONG LIMITED. UNIT 617, 6/F, 131-132 CONNAUGHT ROAD WEST, SOLO WORKSHOPS, HONG KONG, CHINA | | | Назначение: | Для удаления загрязнений | | | Страна изготовления: | Китай | | | Импортер/Продавец: | ООО ""ТД Комплект"", РБ, г.Минск, ул. Кнорина,д.50,к.302 А | | | Штрихкод: | | 6976215886408 | | | | | Габариты ДxШxВ, см: | 10 x 5 x 5 | | | Вес с упаковкой, кг: | 0.108 | | | | | | | | | | | | | | | | | | ECO | Садовая и силовая техника",,https://content.tools.by/images/products/cz-1850981490/jBF/jBFqzXfDTcBDIlGwtwOubPrD3Y1tMXzX8kAniaDB.jpg,https://tools.by/product/1669129
Регулятор давления семиходовой для компрессора ECO,AES-14PG,"14,80","Производитель: | ECO GROUP HONG KONG LIMITED, UNIT 617, 6/F, 131-132 CONNAUGHT ROAD WEST, SOLO WORKSHOPS, HONG KONG | | | Назначение: | Для компрессии воздуха | | | Страна изготовления: | Китай | | | Импортер/Продавец: | ООО ""ТД Комплект"", РБ, г.Минск, ул. Кнорина,д.50,к.302 А | | | Штрихкод: | | 6921501776345 | | | | | Габариты ДxШxВ, см: | 13.4 x 10.7 x 8.9 | | | Вес с упаковкой, кг: | 0.25 | | | | | | | | | | | | | | | | | | ECO | Садовая и силовая техника | | | | | | | | | Описание: | Резьба для подключения быстросъемного соединения: 14"" (мама); | Резьба для подключения манометра: 1/8"" (мама); | Резьба для подключения прессостата: 1/4"" (папа); | Резьба для подключения к рессиверу: 1/2"" (папа); | Вес нетто: 0,2 кг; | Вес брутто: 0,25 кг. | | Подходит к компрессорам с прямым приводом: | ECO AE 501; | ECO AE 502; | | Подходит к компрессорам с ременным приводом: | ECO AE 702;",,https://content.tools.by/images/products/cb-0057494056/ojl/ojlugP4l3KnDy9Qw06bAp9JxfVAk6N79EHrqcMQ9.jpg,https://tools.by/product/924910
"Цепь 0.325"" 1.3 мм 1840 зв. 325TA (бухта 30.4 м) ECO",CSP-38LTA3-B,"432,00","Файлы | | | | | | | | | Производитель: | ECO GROUP HONG KONG LIMITED, UNIT 617, 6/F, 131-132 CONNAUGHT ROAD WEST, SOLO WORKSHOPS, HONG KONG | | | Назначение: | Садово-парковое назначение | | | Страна изготовления: | Китай | | | Импортер/Продавец: | ООО ""ТД Комплект"", РБ, г.Минск, ул. Кнорина,д.50,к.302 А | | | Штрихкод: | | 8212107216204 | | | | | Габариты ДxШxВ, см: | 22 x 22 x 22 | | | Вес с упаковкой, кг: | 8.2 | | | | | | | | | | | | | | | | | | ECO | Садовая и силовая техника | | | | | | | | | Описание: | Пильные цепи ECO Multli Sharp со слабой отдачей и специальной системой смазки Oilotec system для увеличения срока службы - оптимальный выбор режущей оснастки для Вашей бензопилы. Режущий зуб выполнен из качественной стали. | | В комплекте с бухтой идет набор звеньев для расклепки и набор пакетов для индивидуальной упаковки. | | аналог цепи OREGON - 20LPX100R. | Упаковка: картонная коробка",,https://content.tools.by/images/products/cb-0858501900/RGN/RGN5R7DCCdzVSqPw4TnPnNnZsmkclQaoJjntUJ7Z.jpg,https://tools.by/product/1001333
"Шланг полиурет. спиральный ф 8/12 мм c быстросъемн. соед. ECO (длина 10 м)
                    (толщ.стенки: 2 мм)",AHF-108,"73,50","Производитель: | ECO GROUP HONG KONG LIMITED. UNIT 617, 6/F, 131-132 CONNAUGHT ROAD WEST, SOLO WORKSHOPS, HONG KONG, CHINA | | | Назначение: | | | | Страна изготовления: | Китай | | | Импортер/Продавец: | ООО ""ТД Комплект"", РБ, г.Минск, ул. Кнорина,д.50,к.302 А | | | Штрихкод: | | 8212107216648 | | | | | Габариты ДxШxВ, см: | 8.5 x 8.5 x 60 | | | Вес с упаковкой, кг: | 0.915 | | | | | | | | | | | | | | | | | | ECO | Садовая и силовая техника | | | | | | | | | Описание: | Оконечники: Соединение быстросъемное ПАПА Соединение быстросъемное МАМА.",,https://content.tools.by/images/products/cv-2585590875/uuW/uuW07ILA8ZQz5hIS7E66c6WXnrfPejsayhykhbf9.jpg,https://tools.by/product/1027473
"Шланг армированный маслостойкий ф 6/12 мм с быстросъемн. соед. ECO (длина 10 м)
                    (толщ.стенки: 3 мм)",00000744-30,"119,96","Преимущества: | | ■ Материал шланга: нитрил-бутадиеновый каучук (NBR), устойчивый к воздействию масла, топлива и разнообразных химических веществ | ■ Шланга имеет толщину стенки 3 мм., что дает ему высокую механическую прочность | ■ Фитинги изготовлены из латуни, что делает их стойкими к коррозии | ■ Шланг оборудован быстросъемными соединениями ПАПА и МАМА | ■ Стальные пружины защищают шланг от изламывания в местах крепления | | | | | | | | | | | | | Производитель: | ECO GROUP HONG KONG LIMITED, UNIT 617, 6/F, 131-132 CONNAUGHT ROAD WEST, SOLO WORKSHOPS, HONG KONG | | | Назначение: | Садово-парковое назначение | | | Страна изготовления: | Китай | | | Импортер/Продавец: | ООО ""ТД Комплект"", РБ, г.Минск, ул. Кнорина,д.50,к.302 А | | | Штрихкод: | | 8213112891851 | | | | | Габариты ДxШxВ, см: | 25 x 25 x 5.3 | | | Вес с упаковкой, кг: | 1.264 | | | | | | | | | | | | | | | | | | ECO | Садовая и силовая техника",,https://content.tools.by/images/products/cg-2062361448/HvT/HvTGj3UteszsdorN5eyJryxEq889qvPmGaoI4rtg.jpg,https://tools.by/product/1583191
"Насос вибрационный ECO CPV-330 (10м, верхний забор)
                    (330Вт, 1300 л/ч, пров. 10м 3х0,75 мм2, аналог насоса Ручеек)",50785C-24-49,"41,82","Преимущества: | | ■ Защита от захвата грязи со дна резервуара или колодца благодаря верхнему забору воды | ■ Термозащита электропривода | ■ Прочный и эластичный электрический кабель сечением 0,75 мм2 | ■ Алюминиевый корпус не подвержен коррозии | ■ Капроновый шнур в комплекте для подвеса насоса | ■ Выходной штуцер елочка диаметром 3/4"" | | | | | | | | | | | Файлы | | | | | | | | | Производитель: | ECO GROUP HONG KONG LIMITED, UNIT 617, 6/F, 131-132 CONNAUGHT ROAD WEST, SOLO WORKSHOPS, HONG KONG | | | Назначение: | Для хозяйственных нужд | | | Страна изготовления: | Китай | | | Импортер/Продавец: | ООО ""ТД Комплект"", РБ, г.Минск, ул. Кнорина,д.50,к.302 А | | | Штрихкод: | | 6976215886361 | | | | | Габариты ДxШxВ, см: | 16.2 x 12.2 x 30 | | | Вес с упаковкой, кг: | 3.65 | | | | | | | | | | | | | | | | | | ECO | Садовая и силовая техника | | | | | | | | | Комплектация: | | + Насос; | + Капроновый шнур; | + Хомут червячный; | + Инструкция по эксплуатации; | + Коробка",,https://content.tools.by/images/products/cz-2541952133/S0c/S0cHfk9Fd61mMTcvzbJsu5OcVjiri7VRNNUIgx5y.jpg,https://tools.by/product/1665253
"Грязевая фреза для очистителя высокого давления ECO
                    (для ECO HPW-1400; HPW-1600)",ECX2010-4,"21,00","Производитель: | ECO GROUP HONG KONG LIMITED. UNIT 617, 6/F, 131-132 CONNAUGHT ROAD WEST, SOLO WORKSHOPS, HONG KONG, CHINA | | | Назначение: | Для удаления загрязнений | | | Страна изготовления: | Китай | | | Импортер/Продавец: | ООО ""ТД Комплект"", РБ, г.Минск, ул. Кнорина,д.50,к.302 А | | | Штрихкод: | | 6976215886415 | | | | | Габариты ДxШxВ, см: | 10 x 5 x 5 | | | Вес с упаковкой, кг: | 0.086 | | | | | | | | | | | | | | | | | | ECO | Садовая и силовая техника",,https://content.tools.by/images/products/cz-4549540393/09L/09LM0VqFIMmuqjrXH8X9IAvDSePsanPESnK26OTh.jpg,https://tools.by/product/1669128
"Электростанция (генератор бензиновый) ECO PE-7001RS
                    (5.5 кВт, 230 В, бак 25.0 л, вес 72.2 кг)",PE-9001ES,"1 908,00","Преимущества: | | ■ Блок AVR для стабильного напряжения | ■ Медная обмотка альтернатора | ■ Силовая розетка на 5,5 кВт | ■ Стандартная розетка на 2,1 кВт | ■ Защита от низкого уровня масла | ■ Защита от перегрузки | ■ Индикатор уровня топлива | ■ Цифровой индикатор 3-в-1: вольтметр, частотометр, счетчик моточасов | ■ Чугунная гильза, увеличивающая моторесурс двигателя | ■ Жёсткая рама | ■ Низкий уровень шума | | | | | | | | | | | Файлы | | | | | | | | | Производитель: | ECO GROUP HONG KONG LIMITED, UNIT 617, 6/F, 131-132 CONNAUGHT ROAD WEST, SOLO WORKSHOPS, HONG KONG | | | Назначение: | Для хозяйственных нужд | | | Страна изготовления: | Китай | | | Импортер/Продавец: | ООО ""ТД Комплект"", РБ, г.Минск, ул. Кнорина,д.50,к.302 А | | | Штрихкод: | | 6923112893954 | | | | | Габариты ДxШxВ, см: | 70 x 56 x 57 | | | Вес с упаковкой, кг: | 74.2 | | | | | | | | | | | | | | | | | | ECO | Садовая и силовая техника | | | | | | | | | Описание: | Мощная и надежная электростанция предназначена для питания электроприборов средней и большой мощности, домов, дач, складов, малых предприятий. | Блок AVR обеспечивает более стабильное и чистое напряжение на выходе. | | Внимание! При подборе электростанции необходимо учитывать пусковые токи устройства-потребителя электроэнергии. | Внимание! Двигатель поставляется без масла! Рекомендуемое моторное масло - 10W-40. | | | | | Комплектация: | | + Электростанция; | + Вилка 16А, 220В; | + Вилка РРЕ 32А 220В; | + Комплект проводов с зажимами для АКБ; | + Свечной ключ; | + Руководство по эксплуатации;",,https://content.tools.by/images/products/cb-0134115072/yK7/yK7uIod5AndDXFkUiEpuiNPMpIghUIuFJwPCvSL1.jpg,https://tools.by/product/973610
"Фильтр воздушный для компрессора ECO
                    (1/2"", бумажн. фильтроэлемент, корпус - пластик)",AES-4R,"15,30","Производитель: | ECO GROUP HONG KONG LIMITED, UNIT 617, 6/F, 131-132 CONNAUGHT ROAD WEST, SOLO WORKSHOPS, HONG KONG | | | Назначение: | Запасные части | | | Страна изготовления: | Китай | | | Импортер/Продавец: | ООО ""ТД Комплект"", РБ, г.Минск, ул. Кнорина,д.50,к.302 А | | | Штрихкод: | | 6921501776055 | | | | | Габариты ДxШxВ, см: | 13.4 x 10.7 x 8.9 | | | Вес с упаковкой, кг: | 0.16 | | | | | | | | | | | | | | | | | | ECO | Садовая и силовая техника | | | | | | | | | Описание: | | Подходит к компрессорам с прямым приводом: | ECO AE 251; | ECO AE-251-12; | ECO AE-251-15; | ECO AE-251-18; | ECO AE-251-4; | ECO AE 401; | ECO AE 501; | ECO AE-501-15; | ECO AE-501-3; | ECO AE 502; | ECO AE-502-22; | ECO AE-502-22.1; | ECO AE-502-3; | ECO AE-702-22; | ECO AE-705-3; | DGM AC-152; | DGM AC-253; | | Подходит к компрессорам с ременным приводом: | ECO AE 702; | ECO AE-704-22; | ECO AE-705-B1; | ECO AE-1004-22; | ECO AE-1004V-22; | ECO AE-1005-B1; | ECO AE-1005-B2; | ECO AE-1500-30HD; | DGM AC-2100;",,https://content.tools.by/images/products/cb-1413708800/BDI/BDIwAEnFAWZUI83LJYVdyDHI9dwGVDalxyDSyJOU.jpg,https://tools.by/product/916923
"Мотопомпа бензиновая ECO WP-1404D
                    (для загрязнённой воды, 5,2 кВт, 1400 л/мин, 3"")",EC2012-1,"1 188,00","Преимущества: | | ■ Максимальная производительность | ■ Способность всасывать частицы диаметром до 30 мм | ■ Торцовое уплотнение вала из карбида кремния, имеющего наибольшую износостойкость | ■ Автоматическое отключение при низком уровне масла | ■ Лёгкая очистка корпуса помпы | ■ Мотопомпа комплектуется металическими патрубками для присоединения шлангов | | | | | | | | | | | Файлы | | | | | | | | | Производитель: | ECO GROUP HONG KONG LIMITED, UNIT 617, 6/F, 131-132 CONNAUGHT ROAD WEST, SOLO WORKSHOPS, HONG KONG | | | Назначение: | Для хозяйственных нужд | | | Страна изготовления: | Китай | | | Импортер/Продавец: | ООО ""ТД Комплект"", РБ, г.Минск, ул. Кнорина,д.50,к.302 А | | | Штрихкод: | | 8212107214620 | | | | | Габариты ДxШxВ, см: | 51 x 40 x 44 | | | Вес с упаковкой, кг: | 35 | | | | | | | | | | | | | | | | | | ECO | Садовая и силовая техника | | | | | | | | | Описание: | Высокопроизводительная помпа для загрязнённой воды. Предназначена для орошения, осушения, полива, пожаротушения, подходит для интенсивной эксплуатации, имеет максимальные рабочие показатели. | | | | | Комплектация: | | + Мотопомпа – 1 шт. | + Прокладка – 2 шт. | + Фланец всасывающего шланга – 1 шт. | + Фланец напорного шланга – 1 шт. | + Гайка фланца – 2 шт. | + Хомут – 3 шт. | + Фильтр грубой очистки – 1 шт. | + Свечной ключ – 1 шт. | + Упаковка – 1 шт. | + Руководство по эксплуатации – 1 шт.",,https://content.tools.by/images/products/cb-0307173264/Tcd/Tcd4CokYBKlrIghjkjCWv1J21yoZOIrfZHq9Z6mn.jpg,https://tools.by/product/992681
"Пневмостеплер ECO ASL-40B
                    (Скобы 20GA; 4.8-7.5 бар; 0.8 л/удар;  длина скобы 6-22 мм; ширина скобы 11,2 мм, магазин 100 шт.)",ASL-50N,"138,40","Преимущества: | | ■ Алюминиевый корпус | ■ Скобы типа 20GA длиной до 22 мм | ■ Предохранитель от случайного нажатия | ■ Нескользящая резиновая ручка | ■ Дефлектор отвода воздуха | ■ Регулировка глубины забивания | ■ Удобный чемодан для хранения и транспортировки | | | | | | | | | | | Файлы | | | | | | | | | Производитель: | ECO GROUP HONG KONG LIMITED, UNIT 617, 6/F, 131-132 CONNAUGHT ROAD WEST, SOLO WORKSHOPS, HONG KONG | | | Назначение: | | | | Страна изготовления: | Китай | | | Импортер/Продавец: | ООО ""ТД Комплект"", РБ, г.Минск, ул. Кнорина,д.50,к.302 А | | | Штрихкод: | | 8212107216075 | | | | | Габариты ДxШxВ, см: | 28 x 7.3 x 25.2 | | | Вес с упаковкой, кг: | 1.994 | | | | | | | | | | | | | | | | | | ECO | Садовая и силовая техника",,https://content.tools.by/images/products/cb-1895329078/6z9/6z9qNflv7PeKb6x5ugx8wiEZA6XID3t1YSXWRRTX.jpg,https://tools.by/product/998935?slide=2
"Краскораспылитель ECO SG-8000 (сопло ф 1.4 мм)
                    (HVLP, сопло ф 1.4 мм, верх. бак 600 мл)",DG4016-1,"42,80","Преимущества: | | ■ латунная голова распылителя с покрытием | ■ верхний пластиковый бачок 600 мл | ■ регулировка формы факела | ■ регулировка подачи материала | ■ регулировка подачи воздуха | ■ резьбовое 1/4"" + быстросъемное соединение | ■ | ■ Применение: | ■ Нанесение базовых эмалей, акриловых эмалей и прозрачных лаков, жидких первичных грунтов. | | | | | | | | | | | Файлы | | | | | | | | | Производитель: | ECO GROUP HONG KONG LIMITED, UNIT 617, 6/F, 131-132 CONNAUGHT ROAD WEST, SOLO WORKSHOPS, HONG KONG | | | Назначение: | | | | Страна изготовления: | Китай | | | Импортер/Продавец: | ООО ""ТД Комплект"", РБ, г.Минск, ул. Кнорина,д.50,к.302 А | | | Штрихкод: | | 8213112892377 | | | | | Габариты ДxШxВ, см: | 22.4 x 14.5 x 12.5 | | | Вес с упаковкой, кг: | 0.875 | | | | | | | | | | | | | | | | | | ECO | Садовая и силовая техника | | | | | | | | | Описание: | Популярный краскораспылитель HVLP с набором регулировок позволяет получить отличный результат при минимальных затратах.. | Достоинства HVLP (High Volume Low Pressure - высокий объем, низкое давление): Высокая экономия материалов; практически отсутствие опыла; нет завихрений - нет мусора.",,https://content.tools.by/images/products/cd-0067738968/pCW/pCWIMnhhsuIO3LwNLqZcUnolMYpAKl1XcpvD8ST6.jpg,https://tools.by/product/1624502
"Компрессор автомобильный ECO AE-013-4
                    (12 В, 130 Вт, 35 л/мин, 10 бар (манометр 7 бар), сумка)",EC3010-1,"117,20","Преимущества: | | ■ Двигатель со 100% медной обмоткой обеспечивает гарантированно высокий ресурс устройства | ■ Тефлоновый поршень с подшипником | ■ Высококачественный шланг в защитной оплетке | ■ Время накачивания колеса 195/65/R15 до давления 2 бар: 4-5 мин* | ■ Большой манометр градуирован до 7 бар | ■ Резьбовой коннектор с антикороззийным напылением | ■ Антивибрационные резиновые ножки. | ■ | ■ *время указано с запасом, на практике реальное время зависит от размера и степени накачки колеса, температуры и влажности воздуха. | | | | | | | | | | | Файлы | | | | | | | | | Производитель: | ECO GROUP HONG KONG LIMITED. UNIT 617, 6/F, 131-132 CONNAUGHT ROAD WEST, SOLO WORKSHOPS, HONG KONG, CHINA | | | Назначение: | Для компрессии воздуха | | | Страна изготовления: | Китай | | | Импортер/Продавец: | ООО ""ТД Комплект"", РБ, г.Минск, ул. Кнорина,д.50,к.302 А | | | Штрихкод: | | 8213112891295 | | | | | Габариты ДxШxВ, см: | 22 x 13 x 20 | | | Вес с упаковкой, кг: | 1.775 | | | | | | | | | | | | | | | | | | ECO | Садовая и силовая техника | | | | | | | | | Комплектация: | | + Компрессор; | + Чехол для хранения; | + 3 дополнительные насадки для накачивания мячей, матрасов и т.д.; | + Руководство по эксплуатации;",,https://content.tools.by/images/products/cv-0557077605/Y29/Y294JdFkczqhPGr6aqdLV070zHZsUZzkgIXydM4C.jpg,https://tools.by/product/1037277
"Электростанция (генератор бензиновый) ECO PE-7001RS (""Black Edition"")
                    (5.5 кВт, 230 В, бак 25.0 л, вес 72.2 кг)",EC1710-1,"702,00","Преимущества: | | ■ Блок AVR для стабильного напряжения | ■ Медная обмотка альтернатора | ■ Силовая розетка на 5,5 кВт | ■ Стандартная розетка на 2,1 кВт | ■ Защита от низкого уровня масла | ■ Защита от перегрузки | ■ Индикатор уровня топлива | ■ Цифровой индикатор 3-в-1: вольтметр, частотометр, счетчик моточасов | ■ Чугунная гильза, увеличивающая моторесурс двигателя | ■ Жёсткая рама | ■ Низкий уровень шума | | | | | | | | | | | Файлы | | | | | | | | | Производитель: | ECO GROUP HONG KONG LIMITED, UNIT 617, 6/F, 131-132 CONNAUGHT ROAD WEST, SOLO WORKSHOPS, HONG KONG | | | Назначение: | Для хозяйственных нужд | | | Страна изготовления: | Китай | | | Импортер/Продавец: | ООО ""ТД Комплект"", РБ, г.Минск, ул. Кнорина,д.50,к.302 А | | | Штрихкод: | | 8210803863227 | | | | | Габариты ДxШxВ, см: | 69 x 50 x 54.5 | | | Вес с упаковкой, кг: | 74.2 | | | | | | | | | | | | | | | | | | ECO | Садовая и силовая техника | | | | | | | | | Описание: | Мощная и надежная электростанция предназначена для питания электроприборов средней и большой мощности, домов, дач, складов, малых предприятий. | Блок AVR обеспечивает более стабильное и чистое напряжение на выходе. | | Внимание! При подборе электростанции необходимо учитывать пусковые токи устройства-потребителя электроэнергии. | Внимание! Двигатель поставляется без масла! Рекомендуемое моторное масло - 10W-40. | | | | | Комплектация: | | + Электростанция; | + Вилка 16А, 220В; | + Вилка РРЕ 32А 220В; | + Комплект проводов с зажимами для АКБ; | + Свечной ключ; | + Руководство по эксплуатации;",,https://content.tools.by/images/products/cd-0259655625/aeN/aeNQdjUElbfR78AmXch0bMezf5MLSu8CcqmwrQGP.jpg,https://tools.by/product/1637671?slide=2
"Электростанция (генератор инверторный бензиновый) ECO PE-3000RSI
                    (инверторный, 3.0 кВт, 230 В, бак 7.0 л, вес 28 кг)",PE-4001RS,"684,00","Преимущества: | | ■ Чистое синусоидальное напряжение на выходе | ■ Медная обмотка альтернатора | ■ ECO режим для экономии толива | ■ Низкий уровень шума | ■ Цифровой вольтметр (напряжение, частота тока, счётчик мото-часов) | ■ Защита от низкого уровня масла | ■ Защита от перегрузки | ■ Чугунная гильза, увеличивающая моторесурс двигателя | ■ Компактность и удобство транспортировки. | | | | | | | | | | | Файлы | | | | | | | | | Производитель: | ECO GROUP HONG KONG LIMITED, UNIT 617, 6/F, 131-132 CONNAUGHT ROAD WEST, SOLO WORKSHOPS, HONG KONG | | | Назначение: | Для хозяйственных нужд | | | Страна изготовления: | Китай | | | Импортер/Продавец: | ООО ""ТД Комплект"", РБ, г.Минск, ул. Кнорина,д.50,к.302 А | | | Штрихкод: | | 8210803862046 | | | | | Габариты ДxШxВ, см: | 45 x 38.5 x 47 | | | Вес с упаковкой, кг: | 27.2 | | | | | | | | | | | | | | | | | | ECO | Садовая и силовая техника | | | | | | | | | Описание: | Инверторный генератор ECO PE-3000RSI предназначен для автономного электроснабжения устройств с высокими требованиями к качеству электрической энергии в условиях отсутствия бытовой электросети. | | Внимание! При подборе электростанции необходимо учитывать пусковые токи устройства-потребителя электроэнергии. | Внимание! Двигатель поставляется без масла! Рекомендуемое моторное масло - 10W-40. | | | | | Комплектация: | | + Электростанция; | + Вилка 16 А, 220 В - 2 шт.; | + Комплект проводов с зажимами для АКБ; | + Свечной ключ; | + Руководство по эксплуатации;",,https://content.tools.by/images/products/cd-3610878880/ooa/ooaLR42ierWnKe2aIl3frUQAlpmGqCWmRt2yy3vU.jpg,https://tools.by/product/1635484
"Электростанция 3-х фазная (генератор бензиновый) ECO PE-8501S3
                    (6,5/2,1 кВт, 380/220 В, бак 25.0 л, вес 74.1 кг)",EC1710-5,"1 080,00","Преимущества: | | ■ 5-pin розетка 380 В для силового оборудования | ■ Максимальная мощность двигателя 15 л.с. | ■ Чугунная гильза, увеличивающая моторесурс двигателя | ■ Медная обмотка альтернатора | ■ Блок AVR для стабильного напряжения | ■ Розетка 230 В (2.1 кВт) | ■ Розетка 12 В для зарядки АКБ | ■ Защита от перегрузок | ■ Защита от низкого уровня масла | ■ Топливный датчик | ■ Вольтметр. | | | | | | | | | | | Файлы | | | | | | | | | Производитель: | ECO GROUP HONG KONG LIMITED, UNIT 617, 6/F, 131-132 CONNAUGHT ROAD WEST, SOLO WORKSHOPS, HONG KONG | | | Назначение: | Для хозяйственных нужд | | | Страна изготовления: | Китай | | | Импортер/Продавец: | ООО ""ТД Комплект"", РБ, г.Минск, ул. Кнорина,д.50,к.302 А | | | Штрихкод: | | 6923112893961 | | | | | Габариты ДxШxВ, см: | 70 x 56 x 57 | | | Вес с упаковкой, кг: | 76.1 | | | | | | | | | | | | | | | | | | ECO | Садовая и силовая техника | | | | | | | | | Описание: | Востребованная модель для энергообеспечения некрупных производств, строительных площадок, прочих энергоемких потребителей однофазного и трехфазного напряжения. Обмотка альтернатора электростанции выполнена из чистой меди, благодаря чему станция не перегревается даже при высоких нагрузках. Блок AVR обеспечивает более стабильное и чистое напряжение на выходе. | | Внимание! При подборе электростанции необходимо учитывать пусковые токи устройства-потребителя электроэнергии. Внимание! Двигатель поставляется без масла! Рекомендуемое моторное масло - 10W-40. | | | | | Комплектация: | | + Электростанция; | + Вилка 16А, 220В; | + Вилка 3РРЕN 16А 380В; | + Комплект проводов с зажимами для АКБ; | + Свечной ключ; | + Руководство по эксплуатации;",,https://content.tools.by/images/products/cb-0108246096/kA1/kA1ORus1uBVMfaC2GuspzOEPPhootOHkZ0NsNNjY.jpg,https://tools.by/product/973611?slide=2
"Комплект крепежа для тачки ECO
                    (Подходит к тачкам: WB201-2; WB301-1; WB351-2; WB352-2)",WB-P082,"4,50","Производитель: | ECO GROUP HONG KONG LIMITED, UNIT 617, 6/F, 131-132 CONNAUGHT ROAD WEST, SOLO WORKSHOPS, HONG KONG | | | Назначение: | | | | Страна изготовления: | Китай | | | Импортер/Продавец: | ООО ""ТД Комплект"", РБ, г.Минск, ул. Кнорина,д.50,к.302 А | | | Штрихкод: | | 6978018615636 | | | | | Габариты ДxШxВ, см: | 13 x 5 x 2 | | | Вес с упаковкой, кг: | 0.26 | | | | | | | | | | | | | | | | | | ECO | Садовая и силовая техника | | | | | | | | | Комплектация: | | + Болт м8*25 - 5шт | + Гайка м8 - 5шт | + Шайба м8 - 5шт | + Шайба пружинная м8 - 5шт | + Шайба d20 - 2шт | + Шплинт - 2шт | + Болт м12*125 - 1шт | + Втулка 16*103 - 1шт",,https://content.tools.by/images/products/cz-0000030816/TQt/TQt8PZuW7o8kGulOF6t7v9g4YiVLF2W2x5Enm5eE.jpg,https://tools.by/product/1717898
"Нож для газонокосилки 46 см ECO
                    (в блистере; для LG-533, LG-534, LG-633, LG-634)",LG-X2008,"37,13","Производитель: | ECO GROUP HONG KONG LIMITED, UNIT 617, 6/F, 131-132 CONNAUGHT ROAD WEST, SOLO WORKSHOPS, HONG KONG | | | Назначение: | Садово-парковое назначение | | | Страна изготовления: | Китай | | | Импортер/Продавец: | ООО ""ТД Комплект"", РБ, г.Минск, ул. Кнорина,д.50,к.302 А | | | Штрихкод: | | 8213112891745 | | | | | Габариты ДxШxВ, см: | 60 x 9.5 x 3 | | | Вес с упаковкой, кг: | 0.753 | | | | | | | | | | | | | | | | | | ECO | Садовая и силовая техника | | | | | | | | | Описание: | Сменный нож-лезвие для колесных газонокосилок ECO. | Упакован в блистер с подвесом. | Технические параметры: | Длина: 46 см;",,https://content.tools.by/images/products/cv-0185357390/ZP7/ZP7xcOGjAKoeCD6H87JMr2R3vbAanfjVViT2HgR1.jpg,https://tools.by/product/1562561
"Мотокоса ECO GTP-251 Power
                    (2.5 кВт, 3.4 л.с., 52.0 см3, лёгкий запуск, нож 3Т, ремень двухлямочный, вес 7.8 кг)",EC1514-2,"318,50","Преимущества: | | ■ Цельная штанга диаметр 26 мм | ■ Многофункциональная и эргономичная рукоятка велосипедного типа | ■ Эффективная антивибрационная система | ■ Использование улучшенного (усиленного) ручного стартера с системой лёгкий запуск | ■ Цельнометаллический приводной вал | ■ Редуктор повышенной прочности | ■ Топливный бак с полупрозрачными стенками | ■ Праймер (система лёгкого запуска) | ■ Ударопрочный корпус двигателя | ■ Комбинированный защитный кожух из прочного пластика | ■ Усиленная полуавтоматическая косильная катушка с леской | ■ Прочный трехлопастной нож | ■ Двухплечный ремень для большего комфорта при работе | ■ Два поршневых кольца для высокой компрессии. | | | | | | | | | | | Файлы | | | | | | | | | Производитель: | “SKIPFIRE LIMITED” Romanou, 2, TLAIS TOWER, 6th floor, flat/office 601, P.C.1070, Nicosia,Кипр | | | Назначение: | Садово-парковое назначение | | | Страна изготовления: | Китай | | | Импортер/Продавец: | ООО ""ТД Комплект"", РБ, г.Минск, ул. Кнорина,д.50,к.302 А | | | Штрихкод: | | 8210803862008 | | | | | Габариты ДxШxВ, см: | 90 x 30 x 25 | | | Вес с упаковкой, кг: | 8.59 | | | | | | | | | | | | | | | | | | ECO | Садовая и силовая техника | | | | | | | | | Описание: | Мощная модель для продвинутых пользователей, которые по достоинству оценят внушительный потенциал мотокосы. | Удобная и эргономичная рукоятка триммера изготовлена в виде велосипедного руля и может устанавливаться в различных положениях, это обеспечивает максимальную управляемость и уменьшает нагрузку на опорно-двигательный аппарат оператора. Блок управления находится на одной ручке, кнопки доступны и располагаются точно под пальцами оператора. | Цельная штанга изготовлена из легкого алюминия, что повышает прочность конструкции, снижая её вес. Штанга оснащена антивибрационными демпферами, поглощающими вибрацию и уменьшающими нагрузку на кисти и предплечья. | Жесткий приводной вал дает возможность использовать в работе нож или диск. | Конический редуктор имеет избыточный запас прочности и способен выдерживать большие нагрузки. При этом редуктор легко отсоединяется, что позволяет использовать двигатель мотокосы в качестве силового агрегата. | Топливный бак имеет полупрозрачные стенки для удобства контроля за уровнем топлива. | Мотокоса снабжена праймером для предварительной подкачки топлива, который облегчит запуск мотора. | Корпус двигателя выполнен из специального ударопрочного пластика и защищает от внешних механических воздействий. | Широкий защитный кожух защищает оператора от выброса травы, камней и других вылетающих из-под режущего инструмента предметов. | Надёжная полуавтоматическая катушка обеспечивает лёгкую подачу корда. | Прочный трёхлопасной нож с лёгкостью справится с дикорастущей травой и кустарником. | Два поршневых кольца создают стабильную компрессию, увеличивают срок службы цилиндро-поршневой группы. | | | | | Комплектация: | | + Двигатель двухтактный бензиновый - 1 шт; | + - Вал мотокосы с трубой - 1 шт; | + - Триммерная катушка - 1 шт; | + - Нож трёхлопастной - 1 шт; | + - Кожух защитный с винтами крепления - 1 шт; | + - Ремень плечевой - 1 шт. (двухплечный); | + - Комплект регулировочных инструментов и принадлежностей - 1 компл; | + - Дозатор топливной смеси - 1 шт; | + - Ручка левая - 1 шт; | + - Ручка правая - 1 шт; | + - Упаковка - 1 шт; | + - Руководство пользователя - 1 шт;",,https://content.tools.by/images/products/cd-0005061504/54w/54wE6ibd9O6Gw8w0QXxwBWnlsB2R95JHo1qzU7QS.jpg,https://tools.by/product/1633176
"Компрессорная голова ECO AEP-22-380
                    (380 л/мин; 2,2 кВт; 8 бар)",AEP-75-900,"918,00","Файлы | | | | | | | | | Производитель: | ECO GROUP HONG KONG LIMITED, UNIT 617, 6/F, 131-132 CONNAUGHT ROAD WEST, SOLO WORKSHOPS, HONG KONG | | | Назначение: | Запасные части | | | Страна изготовления: | Китай | | | Импортер/Продавец: | ООО ""ТД Комплект"", РБ, г.Минск, ул. Кнорина,д.50,к.302 А | | | Штрихкод: | | 8212107214491 | | | | | Габариты ДxШxВ, см: | 46 x 28 x 38 | | | Вес с упаковкой, кг: | 18 | | | | | | | | | | | | | | | | | | ECO | Садовая и силовая техника | | | | | | | | | Описание: | Компрессорная голова с ременным приводом и шкивом под 1 ремень с профилем A. | Для работы необходим двигатель с мощностью - 2,2 кВт. | | Внимание! В картере могут находиться остатки масла. Это связано с тем, что 100% устройств запускается на производстве после сборки для проверки на работоспособность. | | | | | Комплектация: | | + В комплекте идут два воздушных фильтра.",,https://content.tools.by/images/products/cb-3555404704/m58/m58BdNpToNG9BA0QPcYQ7MGUFgzIjRxV8K0cDPEL.jpg,https://tools.by/product/991162
"Компрессор ECO AE-100-OF1 безмасляный
                    (420 л/мин, 8 атм, коаксиальный, безмасляный, ресив. 100 л, 230 В, 2,4 кВт)",DG2720-3,"1 694,11","Преимущества: | | ■ Для использования не требуется заливка масла | ■ 3 высокопроизводительных и тихих бесщеточных электродвигателя с защитой от перегрузки | ■ 6-цилиндровый (3 компрессорные группы с 6 цилиндрами) | ■ Манометр давления в ресивере | ■ Манометр давления на выходе | ■ 2 выхода (быстросъемное соединение тип ""МАМА"" и штуцер ""елочка"") | ■ Регулятор давления | ■ Воздушные фильтры с бумажными фильтроэлементами | ■ 4 прорезиненных колеса и ручки на ресивере для удобства транспортировки | | | | | | | | | | | Файлы | | | | | | | | | Производитель: | ECO GROUP HONG KONG LIMITED, UNIT 617, 6/F, 131-132 CONNAUGHT ROAD WEST, SOLO WORKSHOPS, HONG KONG | | | Назначение: | | | | Страна изготовления: | Китай | | | Импортер/Продавец: | ООО ""ТД Комплект"", РБ, г.Минск, ул. Кнорина,д.50,к.302 А | | | Штрихкод: | | 6976215888815 | | | | | Габариты ДxШxВ, см: | 108 x 36.5 x 62 | | | Вес с упаковкой, кг: | 74.7 | | | | | | | | | | | | | | | | | | ECO | Садовая и силовая техника | | | | | | | | | Комплектация: | | + Компрессор; | + Фильтр воздушный (3 шт); | + Воздушная трубка (3 шт); | + Колесо транспортировочное (4 шт); | + Комплект крепежа; | + Руководство по эксплуатации; | + Коробка;",,https://content.tools.by/images/products/cz-0070602000/unG/unG9JxNScpSCAXd2Ii0jPQaHyzUerhqBx66mCXFe.jpg,https://tools.by/product/1672554?slide=2
"Пневмошлифмашина эксцентриковая ECO ASP11-150
                    (150 мм / 6""; Эксцентр.: 5 мм; 10 000 об/мин; 180 л/мин)",DG4010-1,"145,00","Преимущества: | | ■ Эргономичный дизайн | ■ Регулировка скорости | | | | | | | | | | | Файлы | | | | | | | | | Производитель: | ECO GROUP HONG KONG LIMITED, UNIT 617, 6/F, 131-132 CONNAUGHT ROAD WEST, SOLO WORKSHOPS, HONG KONG | | | Назначение: | | | | Страна изготовления: | Китай | | | Импортер/Продавец: | ООО ""ТД Комплект"", РБ, г.Минск, ул. Кнорина,д.50,к.302 А | | | Штрихкод: | | 8213112891943 | | | | | Габариты ДxШxВ, см: | 24.5 x 15.5 x 13 | | | Вес с упаковкой, кг: | 1.288 | | | | | | | | | | | | | | | | | | ECO | Садовая и силовая техника | | | | | | | | | Описание: | Комплект поставки: | Пневмошлифмашина; | Ключ; | Инструкция;",,https://content.tools.by/images/products/cg-2279118550/yOX/yOX9gSZKIYpaHVclt3sNOfTBwAnIAHyYh0jCM8MD.jpg,https://tools.by/product/1583251?slide=2
"Очиститель высокого давления ECO HPW-1521S
                    (2.10 кВт, 150 бар, 450 л/ч, самовсасывание)",HPW1860RSD01,"885,40","Преимущества: | | ■ Алюминиевый корпус насоса с аксиальнопоршневым механизмом; | ■ Функция самовсасывания позволяет использовать очиститель без подключения к водопроводу; | ■ Веерная и грязевая форсунки в комплекте; | ■ Пеногенератор для распыления моющей пены; | ■ Вращающаяся щетка для механической очистки колесных дисков; | ■ Фильтр тонкой очистки в комплекте; | | | | | | | | | | | Файлы | | | | | | | | | Производитель: | ECO GROUP HONG KONG LIMITED, UNIT 617, 6/F, 131-132 CONNAUGHT ROAD WEST, SOLO WORKSHOPS, HONG KONG | | | Назначение: | Для удаления загрязнений | | | Страна изготовления: | Китай | | | Импортер/Продавец: | ООО ""ТД Комплект"", РБ, г.Минск, ул. Кнорина,д.50,к.302 А | | | Штрихкод: | | 8212107216044 | | | | | Габариты ДxШxВ, см: | 29.5 x 39.5 x 58 | | | Вес с упаковкой, кг: | 9.02 | | | | | | | | | | | | | | | | | | ECO | Садовая и силовая техника | | | | | | | | | Описание: | Очиститель высокого давления предназначен для очистки поверхностей водой под давлением при помощи различных насадок | | | | | Комплектация: | | + Очиститель высокого давления; | + Шланг высоконапорный - 6 м; | + Пистолет; | + Удлинительная насадка; | + Грязевая фреза; | + Плоская фреза; | + Пеногенератор; | + Щетка вращающаяся; | + Фильтр тонкой очистки;",,https://content.tools.by/images/products/cb-0006433893/RAf/RAf3apB0TrNbH1Yz0NmzhSwvnC8vbVF6HizQVUfp.jpg,https://tools.by/product/998776
"Насос вибрационный ECO CPV-330 (10м, верхний забор)
                    (330Вт, 1300 л/ч, пров. 10м 3х0,75 мм2, аналог насоса Ручеек)",EC4218-1,"302,00","Преимущества: | | ■ Защита от захвата грязи со дна резервуара или колодца благодаря верхнему забору воды | ■ Термозащита электропривода | ■ Прочный и эластичный электрический кабель сечением 0,75 мм2 | ■ Алюминиевый корпус не подвержен коррозии | ■ Капроновый шнур в комплекте для подвеса насоса | ■ Выходной штуцер елочка диаметром 3/4"" | | | | | | | | | | | Файлы | | | | | | | | | Производитель: | ECO GROUP HONG KONG LIMITED, UNIT 617, 6/F, 131-132 CONNAUGHT ROAD WEST, SOLO WORKSHOPS, HONG KONG | | | Назначение: | Для хозяйственных нужд | | | Страна изготовления: | Китай | | | Импортер/Продавец: | ООО ""ТД Комплект"", РБ, г.Минск, ул. Кнорина,д.50,к.302 А | | | Штрихкод: | | 6976215886361 | | | | | Габариты ДxШxВ, см: | 16.2 x 12.2 x 30 | | | Вес с упаковкой, кг: | 3.65 | | | | | | | | | | | | | | | | | | ECO | Садовая и силовая техника | | | | | | | | | Комплектация: | | + Насос; | + Капроновый шнур; | + Хомут червячный; | + Инструкция по эксплуатации; | + Коробка",,https://content.tools.by/images/products/cz-2541952133/S0c/S0cHfk9Fd61mMTcvzbJsu5OcVjiri7VRNNUIgx5y.jpg,https://tools.by/product/1665253?slide=2
"Компрессор ECO AE-501-4 коаксиальный
                    (260 л/мин, 8 атм, коаксиальный, масляный, ресив. 50 л, 220 В, 1.80 кВт)",SG1510,"378,00","Преимущества: | | ■ Регулятор давления | ■ 2 выхода ( быстросъем и кран с переходником ) - | ■ Воздушный фильтр с поролоновым фильтроэлементом | ■ Манометры с пластиковым корпусом | ■ Колеса с резиновыми накладками | | | | | | | | | | | Файлы | | | | | | | | | Производитель: | ECO GROUP HONG KONG LIMITED, UNIT 617, 6/F, 131-132 CONNAUGHT ROAD WEST, SOLO WORKSHOPS, HONG KONG | | | Назначение: | Для компрессии воздуха | | | Страна изготовления: | Китай | | | Импортер/Продавец: | ООО ""ТД Комплект"", РБ, г.Минск, ул. Кнорина,д.50,к.302 А | | | Штрихкод: | | 8212107216266 | | | | | Габариты ДxШxВ, см: | 75.5 x 32 x 63 | | | Вес с упаковкой, кг: | 28.6 | | | | | | | | | | | | | | | | | | ECO | Садовая и силовая техника | | | | | | | | | Описание: | ВНИМАНИЕ!!! | Уровень масла должен быть немного выше верхней границы красной точки на глазке! | Компрессор поставляется с компрессорным маслом необходимого объема для стартового запуска компрессора. Масло может быть заправлено в картер компрессорной головы компрессора, либо перелито в отдельную | герметичную емкость для целей транспортировки во избежание утечки из | картера в зависимости от условий транспортировки изделия. | | Внимание! В картере могут находиться остатки масла. Это связано с тем, что 100% устройств запускается на производстве после сборки для проверки на работоспособность. | | | | | Комплектация: | | + Компрессор; | + Фильтр воздушный; | + Колесо транспортировочное (2 шт); | + Опорная ножка (2 шт); | + Комплект крепежа; | + Сапун.",,https://content.tools.by/images/products/cb-0822614500/g1u/g1uzWcEkkbI25lRl85KgK3Q5qnxXalBBnbBCeJgz.jpg,https://tools.by/product/1009820
"Бетоносмеситель ECO CM-140
                    (объём 140/92 л, 700 Вт, 230 В, вес 43 кг)",CM-71,"696,40","Преимущества: | | ■ Долговечный чугунный зубчатый венец и чугунная ведущая шестерня | ■ Защитный кожух на ведущей шестерне | ■ Надёжный асинхронный двигатель с защитой от перегрева | ■ Эффективное воздушное охлаждение двигателя | ■ Высокопрочный приводной ремень ручейкового типа, усиленный синтетическим армирующим кордом | ■ Электромагнитный выключатель с системой защиты от случайного включения | ■ Прочная опорная рама | ■ Удобное опрокидывание путем отклонения рулевого колеса | ■ Барабан крепится к подшипнику с помощью болтового соединения | ■ Ручка для удобства перемещения устройства по строительному участку | | | | | | | | | | | Файлы | | | | | | | | | Производитель: | ECO GROUP HONG KONG LIMITED, UNIT 617, 6/F, 131-132 CONNAUGHT ROAD WEST, SOLO WORKSHOPS, HONG KONG | | | Назначение: | Для общестроительных работ | | | Страна изготовления: | Китай | | | Импортер/Продавец: | ООО ""ТД Комплект"", РБ, г.Минск, ул. Кнорина,д.50,к.302 А | | | Штрихкод: | | 6976215883551 | | | | | Габариты ДxШxВ, см: | 73 x 58 x 42.5 | | | Вес с упаковкой, кг: | 48.984 | | | | | | | | | | | | | | | | | | ECO | Садовая и силовая техника | | | | | | | | | Комплектация: | | + Бетоносмеситель | + Комплект крепежа | + Инструкция по эксплуатации | + Коробка",,https://content.tools.by/images/products/ce-3019999788/QIK/QIKWHGn2ERQebjlTNelGPvLjEHl4Fx30GSvCoBUs.jpg,https://tools.by/product/1661996
"Соединение быстросъем. МАМА х внутр. резьба 1/2"" (латунь) ECO",AS-MT38/FT14,"4,61","Производитель: | ECO GROUP HONG KONG LIMITED, UNIT 617, 6/F, 131-132 CONNAUGHT ROAD WEST, SOLO WORKSHOPS, HONG KONG | | | Назначение: | Для обеспечения шланговых соединений | | | Страна изготовления: | Китай | | | Импортер/Продавец: | ООО ""ТД Комплект"", РБ, г.Минск, ул. Кнорина,д.50,к.302 А | | | Штрихкод: | | 5291501778214 | | | | | Габариты ДxШxВ, см: | 9.9 x 7.1 x 2.8 | | | Вес с упаковкой, кг: | 0.011 | | | | | | | | | | | | | | | | | | ECO | Садовая и силовая техника | | | | | | | | | Описание: | Соединение МАМА Европейского универсального типа (Euro universal type), подходит для быстросъемных соединений ПАПА следующих типов: США тип (USA type), Немецкий тип (Germany type), Орион тип (Orion type), Итальянский тип (Italian type). | Механизм замка - 6-ти шариковый | Латунный корпус исключает возможность появления коррозии.",,https://content.tools.by/images/products/cb-2017888785/dYq/dYqzNcosYqDur3X7xjDhnR1jzSfimvPAboXt8i4P.jpg,https://tools.by/product/911447
"Бур почвенный ф200х800x20мм ECO ED-202
                    (Двухзаходный)",ED-102,"79,00","Производитель: | ECO GROUP HONG KONG LIMITED, UNIT 617, 6/F, 131-132 CONNAUGHT ROAD WEST, SOLO WORKSHOPS, HONG KONG | | | Назначение: | | | | Страна изготовления: | Китай | | | Импортер/Продавец: | ООО ""ТД Комплект"", РБ, г.Минск, ул. Кнорина,д.50,к.302 А | | | Штрихкод: | | 6977125192672 | | | | | Габариты ДxШxВ, см: | 81 x 21 x 21 | | | Вес с упаковкой, кг: | 5.13 | | | | | | | | | | | | | | | | | | ECO | Садовая и силовая техника",,https://content.tools.by/images/products/cz-0000001053/Fbf/FbfzXHDCCwJPois8LU6EbL1UOYJM0zK8kCweYota.jpg,https://tools.by/product/1681367
"Газонокосилка бензиновая ECO LG-645 E самоходная
                    (4 л.с., шир. 46 см, самоходная, электростарт, мульчир., стальн. корпус, травосборник 60 л)",LG-434,"810,00","Преимущества: | | ■ Мощный бензиновый двигатель; | ■ Электростартер, работающий от Li-ion аккумулятора; | ■ Аккумулятор и зарядное устройство в комплекте; | ■ Функция самоходного движения; | ■ 4 режима работы: сбор в травосборник, боковой и задний выброс, мульчирование; | ■ Центральная регулировка высоты скашивания в диапазоне 25-75 мм; | ■ Штуцер подключения шланга для легкой очистки деки после работы; | ■ Складная рукоятка - для удобства хранения и транспортировки; | | | | | | | | | | | Файлы | | | | | | | | | Производитель: | ECO GROUP HONG KONG LIMITED, UNIT 617, 6/F, 131-132 CONNAUGHT ROAD WEST, SOLO WORKSHOPS, HONG KONG | | | Назначение: | | | | Страна изготовления: | Китай | | | Импортер/Продавец: | ООО ""ТД Комплект"", РБ, г.Минск, ул. Кнорина,д.50,к.302 А | | | Штрихкод: | | 6978018610754 | | | | | Габариты ДxШxВ, см: | 81.5 x 57 x 49.5 | | | Вес с упаковкой, кг: | 35.6 | | | | | | | | | | | | | | | | | | ECO | Садовая и силовая техника | | | | | | | | | Комплектация: | | + Бензиновая газонокосилка | + Аккумулятор - 1 шт. | + Зарядное устройство | + Нож - 1 шт. (установлен на газонокосилку) | + Травосборник | + Свечной ключ | + Рукоятка | + Комплект быстрозажимных фиксаторов | + Кожух для бокового выброса | + Заглушка для мульчирования | + Инструкция по эксплуатации",,https://content.tools.by/images/products/cz-0605364059/vCR/vCRXHQe5dMTpfKga7oSvcPWOoj7OgUuGDSAKtlf3.jpg,https://tools.by/product/1703275?slide=2
Кольца поршневые CSP-012 ECO (2 шт в уп.),CSP-ST360-013,"23,63","Производитель: | ECO GROUP HONG KONG LIMITED. UNIT 617, 6/F, 131-132 CONNAUGHT ROAD WEST, SOLO WORKSHOPS, HONG KONG | | | Назначение: | Запасные части | | | Страна изготовления: | Китай | | | Импортер/Продавец: | ООО ""ТД Комплект"", РБ, г.Минск, ул. Кнорина,д.50,к.302 А | | | Штрихкод: | | 6920904821416 | | | | | Вес с упаковкой, кг: | 0.009 | | | | | | | | | | | | | | | | | | ECO | Садовая и силовая техника | | | | | | | | | Описание: | | Совместимость: | | ECO: CSP-150, CSP-151 | Stihl: 018; MS 180; MS-180C; MS181, MS181C | | | | | Комплектация: | | + Кольцо поршневое 2шт;",,https://content.tools.by/images/products/cb-2245903588/DV3/DV3gQZ4f7JY3Txs8WRtx86QZu0JHVKvve8VMFoE3.jpg,https://tools.by/product/929532
"Электростанция (генератор инверторный бензиновый) ECO PE-7000ESI
                    (инверторный, электростарт, 5.5 кВт, 230 В, автозапуск*, бак 15.0 л, вес 38 кг)",PE-4001RS,"684,00","Преимущества: | | ■ Чистое синусоидальное напряжение на выходе | ■ Разъём для подключения блока автоматики (автозапуск АВР)* | ■ Электрозапуск и АКБ в комплекте | ■ Медная обмотка альтернатора | ■ ECO режим для экономии толива | ■ Низкий уровень шума | ■ Цифровой вольтметр (напряжение, частота тока, счётчик мото-часов) | ■ Защита от низкого уровня масла | ■ Защита от перегрузки | ■ Чугунная гильза, увеличивающая моторесурс двигателя | ■ Компактность и удобство транспортировки | | | | | | | | | | | Файлы | | | | | | | | | Производитель: | ECO GROUP HONG KONG LIMITED, UNIT 617, 6/F, 131-132 CONNAUGHT ROAD WEST, SOLO WORKSHOPS, HONG KONG | | | Назначение: | | | | Страна изготовления: | Китай | | | Импортер/Продавец: | ООО ""ТД Комплект"", РБ, г.Минск, ул. Кнорина,д.50,к.302 А | | | Штрихкод: | | 6977125197400 | | | | | Габариты ДxШxВ, см: | 55 x 44.5 x 51.5 | | | Вес с упаковкой, кг: | 41.05 | | | | | | | | | | | | | | | | | | ECO | Садовая и силовая техника | | | | | | | | | Описание: | Инверторный генератор ECO PE-7000ESI с электростартером и автоматическим запуском* предназначен для автономного электроснабжения устройств с высокими требованиями к качеству электрической энергии в условиях отсутствия бытовой электросети. | | Внимание! При подборе электростанции необходимо учитывать пусковые токи устройства-потребителя электроэнергии. Внимание! Двигатель поставляется без масла! Рекомендуемое моторное масло - 10W-40. *для работы автоматического запуска требуется дополнительно приобрести блок автоматики ECO PE-ATS (арт. EC1712-6) | | | | | Комплектация: | | + Электростанция; | + Аккумуляторная батарея; | + Вилка 16 А, 220 В - 1 шт.; | + Вилка 32 А, 220 В - 1 шт.; | + Комплект проводов с зажимами для АКБ; | + Свечной ключ; | + Руководство по эксплуатации;",,https://content.tools.by/images/products/cz-0677431958/rzW/rzW7P5eYzVflw6EHf2XeIRgVXnWlnEzsNsPFfRpr.jpg,https://tools.by/product/1690131
"Фильтр воздушный для компрессора ECO
                    (1/2"", бумажн. фильтроэлемент, металл. корпус)",AEF-12PC,"6,50","Производитель: | ECO GROUP HONG KONG LIMITED, UNIT 617, 6/F, 131-132 CONNAUGHT ROAD WEST, SOLO WORKSHOPS, HONG KONG | | | Назначение: | Запасные части | | | Страна изготовления: | Китай | | | Импортер/Продавец: | ООО ""ТД Комплект"", РБ, г.Минск, ул. Кнорина,д.50,к.302 А | | | Штрихкод: | | 8212107214545 | | | | | Габариты ДxШxВ, см: | 7 x 7 x 8.3 | | | Вес с упаковкой, кг: | 0.132 | | | | | | | | | | | | | | | | | | ECO | Садовая и силовая техника | | | | | | | | | Описание: | Фильтр воздушный с металлическим корпусом фильтра и бумажным фильтроэлементом. Присоединительная резьба - 1/2"". | | Аналог фильтра AEF-121M. | | Подходит к компрессорам с прямым приводом: | ECO AE 251; | ECO AE-251-12; | ECO AE-251-15; | ECO AE-251-18; | ECO AE-251-4; | ECO AE 401; | ECO AE 501; | ECO AE-501-15; | ECO AE-501-3; | ECO AE 502; | ECO AE-502-22; | ECO AE-502-22.1; | ECO AE-502-3; | ECO AE-702-22; | ECO AE-705-3; | DGM AC-126; | DGM AC-152; | DGM AC-253; | | Подходит к компрессорам с ременным приводом: | ECO AE 702; | ECO AE-704-22; | ECO AE-705-B1; | ECO AE-1004-22; | ECO AE-1004V-22; | ECO AE-1005-B1; | ECO AE-1005-B2; | ECO AE-1500-30HD; | DGM AC-2100;",,https://content.tools.by/images/products/cb-1244588436/Rjq/RjqzCLYkXC1vFNDZmyFMf3GTmLbKBji6i91Rw3kq.jpg,https://tools.by/product/991159
"Пневмомолоток ECO AHM10-01
                    (4500 уд/мин; 1.12 Дж; 120л/мин; Хвостовик:10 мм; Долото - 4 шт.)",KAJA18B1,"20,78","Преимущества: | | ■ Для зубил с круглым и шестигранным хвостовиком | ■ Присутствует регулировка усилия удара (мощности). | ■ Алюминиевый корпус | ■ 4 зубила различной формы в комплекте | ■ Подходит для работы с кирпичной и каменной кладкой, газобетоном, для отбивания штукатурки и кафеля и других легких долбежных работ. Также используется при зачистке металлических и пластиковых поверхностей | | | | | | | | | | | Файлы | | | | | | | | | Производитель: | ECO GROUP HONG KONG LIMITED, UNIT 617, 6/F, 131-132 CONNAUGHT ROAD WEST, SOLO WORKSHOPS, HONG KONG | | | Назначение: | | | | Страна изготовления: | Китай | | | Импортер/Продавец: | ООО ""ТД Комплект"", РБ, г.Минск, ул. Кнорина,д.50,к.302 А | | | Штрихкод: | | 8213112891967 | | | | | Габариты ДxШxВ, см: | 15.2 x 16.2 x 5.8 | | | Вес с упаковкой, кг: | 1.606 | | | | | | | | | | | | | | | | | | ECO | Садовая и силовая техника | | | | | | | | | Комплектация: | | + Пневмомолоток; | + Зубило - 4 шт; | + Инструкция;",,https://content.tools.by/images/products/cg-0842092431/8Fv/8FvwBodeinY6zIk4qGszYsRmz1OpAkfG7qEIi2Gp.jpg,https://tools.by/product/1583255?slide=2
"Камера для колеса тачки 3.25-8""",WB-P126,"6,50","Производитель: | ECO GROUP HONG KONG LIMITED, UNIT 617, 6/F, 131-132 CONNAUGHT ROAD WEST, SOLO WORKSHOPS, HONG KONG | | | Назначение: | Садово-парковое назначение | | | Страна изготовления: | Китай | | | Импортер/Продавец: | ООО ""ТД Комплект"", РБ, г.Минск, ул. Кнорина,д.50,к.302 А | | | Штрихкод: | | 6920904821287 | | | | | Габариты ДxШxВ, см: | 15 x 6 x 2 | | | Вес с упаковкой, кг: | 0.24 | | | | | | | | | | | | | | | | | | ECO | Садовая и силовая техника | | | | | | | | | Описание: | Подходит к тачкам: | WB6203-1; WB6204; WB6418S; WB150-1; WB152-2; WB153-2; WB201-2",,https://content.tools.by/images/products/cb-0006215954/4su/4suyr0WPUUwyyvx678dWMFP59DVAM2ZfmJPipDpF.jpg,https://tools.by/product/914279
"Головка триммерная ECO GTP-TC45 полуавт., блистер
                    (ф130 мм, лев. резьба М10х1.25 ""мама"", заправка лески без разбора)",TH229000021P,"10,99","Преимущества: | | ■ Полуавтоматический выпуск лески (при ударе о землю в процессе работы) | ■ Легкая заправка лески (без разборки корпуса катушки) | ■ Высокопрочный пластиковый корпус | ■ Левая резьба 10*1,25 ""мама"" | ■ Триммерная леска 1,6-3,0 мм | | | | | | | | | | | | | Производитель: | ECO GROUP HONG KONG LIMITED. UNIT 617, 6/F, 131-132 CONNAUGHT ROAD WEST, SOLO WORKSHOPS, HONG KONG, CHINA | | | Назначение: | | | | Страна изготовления: | Китай | | | Импортер/Продавец: | ООО ""ТД Комплект"", РБ, г.Минск, ул. Кнорина,д.50,к.302 А | | | Штрихкод: | | 8210803861896 | | | | | Габариты ДxШxВ, см: | 13 x 13 x 6 | | | Вес с упаковкой, кг: | 0.571 | | | | | | | | | | | | | | | | | | ECO | Садовая и силовая техника | | | | | | | | | Описание: | Поставляется в блистерной упаковке | | Подходит для мотокос: | ЕСО GTP-90H, GTP-145H, GTP-185H, GTP-145C, GTP-185C; GTP-143F, GTP-145F, GTP-183F, GTP-185F, GTP-187F, GTP-189F, GTP-145B, GTP-185B, GTP-145N, GTP-185N, GTP-185R; GTP-215; GTP-251; GTP-255; | GUNTER MSG-190, MSG-191, MSG-192; | DGM BC-180, BC-210, BC-240, BC-241; | | Подходит на большинство мотокос китайского производства с прямой штангой и редуктором. Не подходит на мотокосы с изогнутым валом без редуктора. Для 100% совместимости необходимо убедиться в соответствии резьбы (На редукторе должна быть левая резьба М10х1.25).",,https://content.tools.by/images/products/cd-4273997728/Z1H/Z1HLupIJnseYtY2EhorQRD570zxJ073BL7UFy9xK.jpg,https://tools.by/product/1632341
"Краскораспылитель ECO SG-1500 (сопло ф 1.0 мм)
                    (HVLP, сопло ф 1.0 мм, поворотн. бак 200 мл)",SG-1000H25U,"31,00","Преимущества: | | ■ поворотный металлический бак 200 мл | ■ регулировка подачи материала | ■ регулировка формы факела | ■ регулировка количества воздуха | ■ сопло 1.0 мм | ■ легкий вес | ■ резьбовое 1/4"" + быстросъемное соединение | | | | | | | | | | | Файлы | | | | | | | | | Производитель: | ECO GROUP HONG KONG LIMITED, UNIT 617, 6/F, 131-132 CONNAUGHT ROAD WEST, SOLO WORKSHOPS, HONG KONG | | | Назначение: | | | | Страна изготовления: | Китай | | | Импортер/Продавец: | ООО ""ТД Комплект"", РБ, г.Минск, ул. Кнорина,д.50,к.302 А | | | Штрихкод: | | 8213112892339 | | | | | Габариты ДxШxВ, см: | 20.5 x 12.5 x 6 | | | Вес с упаковкой, кг: | 0.346 | | | | | | | | | | | | | | | | | | ECO | Садовая и силовая техника | | | | | | | | | Описание: | Компактный краскораспылитель типа HVLP с поворотным металлическим бачком разработан для работ в труднодоступных местах. За счет изменения положения бачка материал можно наносить на поверхности в разных плоскостях. | | Достоинства HVLP (High Volume Low Pressure - высокий объем, низкое давление): | - высокая экономия материалов. | - практически отсутствие опыла. | - нет завихрений - нет мусора.",,https://content.tools.by/images/products/cd-5367205693/LE6/LE6dlJUMxaiOrgABNoMOePXGjEVNrC7Zt1RcBCIW.jpg,https://tools.by/product/1625292
"Соединение быстросъем. МАМА х нар. резьба 3/8"" (сталь) ECO",AB-X-MT14,"8,50","Производитель: | ECO GROUP HONG KONG LIMITED, UNIT 617, 6/F, 131-132 CONNAUGHT ROAD WEST, SOLO WORKSHOPS, HONG KONG | | | Назначение: | Для обеспечения шланговых соединений | | | Страна изготовления: | Китай | | | Импортер/Продавец: | ООО ""ТД Комплект"", РБ, г.Минск, ул. Кнорина,д.50,к.302 А | | | Штрихкод: | | 5291501778153 | | | | | Габариты ДxШxВ, см: | 9.2 x 6.9 x 2.8 | | | Вес с упаковкой, кг: | 0.08 | | | | | | | | | | | | | | | | | | ECO | Садовая и силовая техника | | | | | | | | | Описание: | Соединение МАМА Европейского универсального типа (Euro universal type), подходит для быстросъемных соединений ПАПА следующих типов: США тип (USA type), Немецкий тип (Germany type), Орион тип (Orion type), Итальянский тип (Italian type). | Механизм замка - 6-ти шариковый | Никелевое покрытие стали для защиты от коррозии.",,https://content.tools.by/images/products/cb-9137931600/we1/we19ktYjloxZKOqTA1NAU9d6OURzD6NHpsSoeF92.jpg,https://tools.by/product/911525
"Станция водоснабжения автоматическая ECO GFW-524
                    (500 Вт, 2200 л/ч, 38 м, 3,8 бар макс, корпус бака сталь, корпус насоса чугун, бак 24л.)",GFI-904,"412,20","Преимущества: | | ■ Компактная и надежная система для водоснабжения загородных домов, коттеджей, участков. | ■ Автоматическое управление с помощью реле. | ■ Накопительный бак(гидроаккумулятор) обеспечивает отсутствие скачков давления в водопроводной магистрали. | ■ Асинхронный двигатель с защитой от перегрузок. | ■ Баллон гидроаккумулятора из экологически безопасного EPDM. | ■ Корпус насоса чугун. | ■ Защита от перегрузок. | | | | | | | | | | | Файлы | | | | | | | | | Производитель: | ECO GROUP HONG KONG LIMITED, UNIT 617, 6/F, 131-132 CONNAUGHT ROAD WEST, SOLO WORKSHOPS, HONG KONG | | | Назначение: | | | | Страна изготовления: | Китай | | | Импортер/Продавец: | ООО ""ТД Комплект"", РБ, г.Минск, ул. Кнорина,д.50,к.302 А | | | Штрихкод: | | 6978018615797 | | | | | Габариты ДxШxВ, см: | 29 x 52 x 52 | | | Вес с упаковкой, кг: | 10.8 | | | | | | | | | | | | | | | | | | ECO | Садовая и силовая техника | | | | | | | | | Описание: | Насосная станция предназначена для работы с чистой водой, для ирригации и орошения, для подачи воды к дому или саду. | Подходит для водоснабжения дач, домов и частных домохозяйств из колодцев, скважин и других источников чистой воды с глубины не более 8 метров. | Кроме этого, данная насосная станция может использоваться для повышения давления уже существующих контуров водоснабжения. | | | | | Комплектация: | | + Электронасос с ресивером - 1 шт.; | + Транспортировочная рукоятка - 1 шт.; | + Руководство по эксплуатации - 1 шт.; | + Упаковка - 1 шт.",,https://content.tools.by/images/products/cz-5412451968/JAZ/JAZFkVZFU5YQKYGntEoQnAPVjBVBI1obwvhW1TtL.jpg,https://tools.by/product/1719487
Регулятор давления четырехходовой для компрессора ECO,AEF-12PC,"6,50","Производитель: | ECO GROUP HONG KONG LIMITED, UNIT 617, 6/F, 131-132 CONNAUGHT ROAD WEST, SOLO WORKSHOPS, HONG KONG | | | Назначение: | Для компрессии воздуха | | | Страна изготовления: | Китай | | | Импортер/Продавец: | ООО ""ТД Комплект"", РБ, г.Минск, ул. Кнорина,д.50,к.302 А | | | Штрихкод: | | 6921501776338 | | | | | Габариты ДxШxВ, см: | 7 x 7 x 8.3 | | | Вес с упаковкой, кг: | 0.135 | | | | | | | | | | | | | | | | | | ECO | Садовая и силовая техника | | | | | | | | | Описание: | Подходит к компрессорам с прямым приводом: | ECO AE-251-3; | ECO AE-251-4; | ECO AE-251-12; | ECO AE-251-15; | ECO AE-251-18; | ECO AE-251-18HD; | ECO AE-501-3; | ECO AE-501-4; | ECO AE-501-15; | ECO AE-501-18HD; | ECO AE-502-3; | ECO AE-502-22; | ECO AE-502-22.1; | ECO AE-702-22; | ECO AE-705-3; | ECO AE-1005-3; | | Подходит к компрессорам с ременным приводом: | ECO AE-704-22; | ECO AE-1004-22; | ECO AE-1004V-22; | ECO AE-703-22HD; | ECO AE-1000-22HD; | HDC HD-A051; | HDC HD-A071; | HDC HD-A101; | | Подходит к безмасляным компрессорам: | ECO AE-10-OF1; | ECO AE-25-OF1; | ECO AE-50-OF1; | | и к другим аналогичным моделям",,https://content.tools.by/images/products/cb-5942794752/YUX/YUX47haG7h5fYhVjJ0WTIwTBcu7kbWD6OwHBTjKd.jpg,https://tools.by/product/922755
Масло для смазки пильных цепей ECO 1 л,ASX5011-1,"6,00","Преимущества: | | ■ Всесезонное адгезионное масло для смазки всех типов шин, пильных цепей и ведущих звездочек. Производится на основе высокоочищенного минерального базового масла с использованием специально подобранного пакета присадок. Снижает износ цепи, шины и ведущей звездочки, продлевая срок их службы. Низкий коэффициент трения обеспечивает дополнительный резерв мощности и минимизирует нагревание. Эффективно защищает от коррозии, образуя устойчивую масляную пленку. Благодаря высокому уровню липкости, позволяет предотвратить стекание и обеспечивает экономное расходование, не имеет резкого запаха. Снижает вибрацию пильной цепи. | ■ Подходит для использования в бензиновых и электрических цепных пилах. | | | | | | | | | | | | | Производитель: | СП “Сканлинк”, Республика Беларусь, г. Минск, переулок Монтажников 4-й, 5-16 | | | Назначение: | Садово-парковое назначение | | | Страна изготовления: | Беларусь | | | Импортер/Продавец: | | | | Штрихкод: | | 4814519002860 | | | | | Габариты ДxШxВ, см: | 10 x 7.6 x 19.5 | | | Вес с упаковкой, кг: | 0.935 | | | | | | | | | | | | | | | | | | ECO | Садовая и силовая техника",,https://content.tools.by/images/products/cv-0301211900/d4a/d4aOMk5wkrV4uhu8lmc7KQ9obSWQQ8JgPlWrMlIn.jpg,https://tools.by/product/1012740
"Пневмодрель с реверсом ECO ARD18-11
                    (Быстрозажим.патрон 3/8''-24 UNF, 140 л/мин, 1800 об/мин, дерево/металл: 20/10 мм;)",DTD-1802,"90,00","Преимущества: | | ■ Быстрозажимной патрон | ■ Правое/левое вращение | ■ Алюминиевый корпус | | | | | | | | | | | Файлы | | | | | | | | | Производитель: | ECO GROUP HONG KONG LIMITED, UNIT 617, 6/F, 131-132 CONNAUGHT ROAD WEST, SOLO WORKSHOPS, HONG KONG | | | Назначение: | | | | Страна изготовления: | Китай | | | Импортер/Продавец: | ООО ""ТД Комплект"", РБ, г.Минск, ул. Кнорина,д.50,к.302 А | | | Штрихкод: | | 8213112891974 | | | | | Габариты ДxШxВ, см: | 21 x 16 x 4.8 | | | Вес с упаковкой, кг: | 1.26 | | | | | | | | | | | | | | | | | | ECO | Садовая и силовая техника",,https://content.tools.by/images/products/cg-0059132488/SIE/SIEvrWJe7I2gHGm55qGzvRQ1HI4oehz9w8LoPJgF.jpg,https://tools.by/product/1583256
"Шланг напорный 6 м для очистителя высокого давления ECO
                    (HPW-1419, HPW-1521)",HPW-X80096,"42,00","Производитель: | ECO GROUP HONG KONG LIMITED, UNIT 617, 6/F, 131-132 CONNAUGHT ROAD WEST, SOLO WORKSHOPS, HONG KONG | | | Назначение: | | | | Страна изготовления: | Китай | | | Импортер/Продавец: | ООО ""ТД Комплект"", РБ, г.Минск, ул. Кнорина,д.50,к.302 А | | | Штрихкод: | | 8212107216563 | | | | | Габариты ДxШxВ, см: | 24 x 24 x 4 | | | Вес с упаковкой, кг: | 0.86 | | | | | | | | | | | | | | | | | | ECO | Садовая и силовая техника | | | | | | | | | Описание: | Напорный шланг для очистителей высокого давления. | Номинальная длина 6 м.",,https://content.tools.by/images/products/cv-0529920000/2xU/2xU4JqSL24WKEuaFUhk6rLQnlq8zL1bvBinThfAv.jpg,https://tools.by/product/1024522
"Пневмошлифмашина эксцентриковая ECO ASP12-150V
                    (150 мм / 6""; Эксцентр.: 5 мм; 10 000 об/мин; 180 л/мин; вакуум.пылеотвод)",DTP-1504,"125,00","Преимущества: | | ■ Эргономичный дизайн | ■ Регулировка скорости вращения | ■ Система вакуумного отвода пыли (шлифтарелка с перфорацией, отводящий шланг и мешок-пылесборник) | | | | | | | | | | | Файлы | | | | | | | | | Производитель: | ECO GROUP HONG KONG LIMITED, UNIT 617, 6/F, 131-132 CONNAUGHT ROAD WEST, SOLO WORKSHOPS, HONG KONG | | | Назначение: | Для бытовых ремонтных работ | | | Страна изготовления: | Китай | | | Импортер/Продавец: | ООО ""ТД Комплект"", РБ, г.Минск, ул. Кнорина,д.50,к.302 А | | | Штрихкод: | | 8213112891806 | | | | | Габариты ДxШxВ, см: | 29.3 x 15 x 10.5 | | | Вес с упаковкой, кг: | 1.58 | | | | | | | | | | | | | | | | | | ECO | Садовая и силовая техника",,https://content.tools.by/images/products/cg-0406011991/f77/f77tJInpKo22Xk3wqpFnXJPBWI74yOjteAtUgN08.jpg,https://tools.by/product/1577786
"Мотокоса ECO GTP-255 Power MAX
                    (2.5 кВт, 3.4 л.с., 52.0 см3, лёгкий запуск, антивибрационная штанга, нож 4Т,ремень двухлямочный)",EC1550-4,"318,20","Преимущества: | | ■ Цельная штанга диаметр 28 мм | ■ Эффективная антивибрационная система | ■ Многофункциональная и эргономичная рукоятка велосипедного типа | ■ Использование улучшенного (усиленного) ручного стартера с системой | ■ лёгкий запуск | ■ Цельнометаллический приводной вал | ■ Редуктор повышенной прочности | ■ Топливный бак с полупрозрачными стенками | ■ Праймер (система лёгкого запуска) | ■ Ударопрочный корпус двигателя | ■ Комбинированный защитный кожух из прочного пластика | ■ Усиленная полуавтоматическая косильная катушка с безразборной заправкой лески | ■ Прочный четырехлопастной нож | ■ Двухплечный ремень для большего комфорта при работе | ■ Два поршневых кольца для высокой компрессии. | | | | | | | | | | | Файлы | | | | | | | | | Производитель: | ECO GROUP HONG KONG LIMITED, UNIT 617, 6/F, 131-132 CONNAUGHT ROAD WEST, SOLO WORKSHOPS, HONG KONG | | | Назначение: | | | | Страна изготовления: | Китай | | | Импортер/Продавец: | ООО ""ТД Комплект"", РБ, г.Минск, ул. Кнорина,д.50,к.302 А | | | Штрихкод: | | 6978018613724 | | | | | Габариты ДxШxВ, см: | 186 x 28.5 x 20.3 | | | Вес с упаковкой, кг: | 12.4 | | | | | | | | | | | | | | | | | | ECO | Садовая и силовая техника | | | | | | | | | Описание: | Мощная и удобная модель для продвинутых пользователей, которые по достоинству оценят внушительный потенциал мотокосы. | Цельная штанга изготовлена из легкого алюминия, что повышает прочность конструкции, снижая её вес. Штанга оснащена антивибрационной системой, в разы поглощающую вибрации и уменьшающую нагрузку на кисти и предплечья, обеспечивая высокий уровень комфорта и контроля. | Удобная и эргономичная рукоятка триммера изготовлена в виде велосипедного руля и может устанавливаться в различных положениях, это обеспечивает максимальную управляемость и уменьшает нагрузку на опорно-двигательный аппарат оператора. Блок управления находится на одной ручке, кнопки доступны и располагаются точно под пальцами оператора. | Жесткий приводной вал дает возможность использовать в работе нож или диск. | Конический редуктор имеет избыточный запас прочности и способен выдерживать большие нагрузки. При этом редуктор легко отсоединяется, что позволяет использовать двигатель мотокосы в качестве силового агрегата. | Топливный бак имеет полупрозрачные стенки для удобства контроля за уровнем топлива. | Мотокоса снабжена праймером для предварительной подкачки топлива, который облегчит запуск мотора. | Корпус двигателя выполнен из специального ударопрочного пластика и защищает от внешних механических воздействий. | Широкий защитный кожух защищает оператора от выброса травы, камней и других вылетающих из-под режущего инструмента предметов. | Надёжная полуавтоматическая катушка обеспечивает лёгкую подачу корда и заправляется новой леской без разборки корпуса. | Прочный четырёхлопасной нож с лёгкостью справится с дикорастущей травой и кустарником. | Два поршневых кольца создают стабильную компрессию, увеличивают срок службы цилиндро-поршневой группы. | | | | | Комплектация: | | + Двигатель двухтактный бензиновый – 1 шт; | + - Триммерная катушка – 1 шт; | + - Нож четырехлопастной – 1 шт; | + - Кожух защитный с винтами крепления – 1 шт; | + - Ремень плечевой – 1 шт. (двухплечный); | + - Комплект регулировочных инструментов и принадлежностей – 1 компл; | + - Дозатор топливной смеси – 1 шт; | + - Рукоятка – 1 шт; | + - Упаковка – 1 шт; | + - Руководство пользователя - 1 шт.",,https://content.tools.by/images/products/cz-0307387232/Nr5/Nr5j3Bx4NQofl6l72bNPeCK0X70JHkOtTgT8l3EY.jpg,https://tools.by/product/1712124?slide=2
"Насос вибрационный ECO CPV-330 (10м, верхний забор)
                    (330Вт, 1300 л/ч, пров. 10м 3х0,75 мм2, аналог насоса Ручеек)",ECX2010-9,"6,90","Преимущества: | | ■ Защита от захвата грязи со дна резервуара или колодца благодаря верхнему забору воды | ■ Термозащита электропривода | ■ Прочный и эластичный электрический кабель сечением 0,75 мм2 | ■ Алюминиевый корпус не подвержен коррозии | ■ Капроновый шнур в комплекте для подвеса насоса | ■ Выходной штуцер елочка диаметром 3/4"" | | | | | | | | | | | Файлы | | | | | | | | | Производитель: | ECO GROUP HONG KONG LIMITED, UNIT 617, 6/F, 131-132 CONNAUGHT ROAD WEST, SOLO WORKSHOPS, HONG KONG | | | Назначение: | Для хозяйственных нужд | | | Страна изготовления: | Китай | | | Импортер/Продавец: | ООО ""ТД Комплект"", РБ, г.Минск, ул. Кнорина,д.50,к.302 А | | | Штрихкод: | | 6976215886361 | | | | | Габариты ДxШxВ, см: | 16.2 x 12.2 x 30 | | | Вес с упаковкой, кг: | 3.65 | | | | | | | | | | | | | | | | | | ECO | Садовая и силовая техника | | | | | | | | | Комплектация: | | + Насос; | + Капроновый шнур; | + Хомут червячный; | + Инструкция по эксплуатации; | + Коробка",,https://content.tools.by/images/products/cz-2541952133/S0c/S0cHfk9Fd61mMTcvzbJsu5OcVjiri7VRNNUIgx5y.jpg,https://tools.by/product/1665252
"Пневмошлифмашина эксцентриковая ECO ASP11-125
                    (125 мм / 5""; Эксцентр.: 5 мм; 10 000 об/мин; 180 л/мин)",ASP12-150V,"192,00","Преимущества: | | ■ Эргономичный дизайн | ■ Регулировка скорости | | | | | | | | | | | Файлы | | | | | | | | | Производитель: | ECO GROUP HONG KONG LIMITED, UNIT 617, 6/F, 131-132 CONNAUGHT ROAD WEST, SOLO WORKSHOPS, HONG KONG | | | Назначение: | | | | Страна изготовления: | Китай | | | Импортер/Продавец: | ООО ""ТД Комплект"", РБ, г.Минск, ул. Кнорина,д.50,к.302 А | | | Штрихкод: | | 8213112891936 | | | | | Габариты ДxШxВ, см: | 24.5 x 15.5 x 13 | | | Вес с упаковкой, кг: | 1.238 | | | | | | | | | | | | | | | | | | ECO | Садовая и силовая техника | | | | | | | | | Описание: | Комплект поставки: | Пневмошлифмашина; | Ключ; | Инструкция;",,https://content.tools.by/images/products/cg-7571830849/tiE/tiEerhXq8xsCDmygbxoPHCqIHrbLqJf4wD92bNgE.jpg,https://tools.by/product/1583250
"Краскораспылитель ECO SG-9000 с манометром (сопло ф 1.4 мм)
                    (HVLP, сопло ф 1.4 мм, верх. бак 600 мл))",EC1533-17,"66,60","Преимущества: | | ■ латунная голова распылителя с покрытием | ■ верхний пластиковый бачок 600 мл | ■ регулятор с манометром в комплекте | ■ регулировка формы факела | ■ регулировка подачи материала | ■ регулировка подачи воздуха | ■ резьбовое 1/4"" + быстросъемное соединение | ■ | ■ Применение: | ■ Нанесение базовых эмалей, акриловых эмалей и прозрачных лаков, жидких первичных грунтов. | | | | | | | | | | | Файлы | | | | | | | | | Производитель: | ECO GROUP HONG KONG LIMITED, UNIT 617, 6/F, 131-132 CONNAUGHT ROAD WEST, SOLO WORKSHOPS, HONG KONG | | | Назначение: | | | | Страна изготовления: | Китай | | | Импортер/Продавец: | ООО ""ТД Комплект"", РБ, г.Минск, ул. Кнорина,д.50,к.302 А | | | Штрихкод: | | 8213112892384 | | | | | Габариты ДxШxВ, см: | 23 x 16.3 x 13.8 | | | Вес с упаковкой, кг: | 1.094 | | | | | | | | | | | | | | | | | | ECO | Садовая и силовая техника | | | | | | | | | Описание: | Краскораспылитель HVLP с набором регулировок. Регулятор с манометром в комплекте позволяет настроить работу краскораспылителя максимально точно. | Достоинства HVLP (High Volume Low Pressure - высокий объем, низкое давление): Высокая экономия материалов; практически отсутствие опыла; нет завихрений - нет мусора.",,https://content.tools.by/images/products/cd-0642914109/LMG/LMGyRfmXa7vaZvGYBUzh6erLYz3Q5rC0up6DvquN.jpg,https://tools.by/product/1624504
"Соединение быстросъем. МАМА х внутр. резьба 1/4"" (сталь) ECO",AS-MT12/MT14,"6,53","Производитель: | ECO GROUP HONG KONG LIMITED, UNIT 617, 6/F, 131-132 CONNAUGHT ROAD WEST, SOLO WORKSHOPS, HONG KONG | | | Назначение: | Для обеспечения шланговых соединений | | | Страна изготовления: | Китай | | | Импортер/Продавец: | ООО ""ТД Комплект"", РБ, г.Минск, ул. Кнорина,д.50,к.302 А | | | Штрихкод: | | 5291501778115 | | | | | Габариты ДxШxВ, см: | 9.6 x 7.2 x 2.6 | | | Вес с упаковкой, кг: | 0.084 | | | | | | | | | | | | | | | | | | ECO | Садовая и силовая техника | | | | | | | | | Описание: | Соединение МАМА Европейского универсального типа (Euro universal type), подходит для быстросъемных соединений ПАПА следующих типов: США тип (USA type), Немецкий тип (Germany type), Орион тип (Orion type), Итальянский тип (Italian type). | Механизм замка - 6-ти шариковый | Никелевое покрытие стали для защиты от коррозии.",,https://content.tools.by/images/products/cb-3038043152/Arx/ArxL8M0VXyZEjIYrkzGoCDBK8zOZJnMwePn75tDk.jpg,https://tools.by/product/911521
"Очиститель высокого давления ECO HPW-1724RSi
                    (2.40 кВт; 170 бар; 500 л/ч; самовсасывание; асинхронный (бесщеточный) мотор; барабан для шланга)",HPW177000001,"549,00","Преимущества: | | ■ Асинхронный бесщеточный двигатель с медной обмоткой; | ■ Алюминиевый корпус насоса высокого давления; | ■ Режим самовсасывания; | ■ Веерные 0°/15°/25°/40° и грязевая форсунки в комплекте; | ■ Щётка в комплекте; | ■ Катушка для хранения высоконапорного шланга; | ■ Фильтр тонкой очистки в комплекте | | | | | | | | | | | Файлы | | | | | | | | | Производитель: | ECO GROUP HONG KONG LIMITED, UNIT 617, 6/F, 131-132 CONNAUGHT ROAD WEST, SOLO WORKSHOPS, HONG KONG | | | Назначение: | | | | Страна изготовления: | Китай | | | Импортер/Продавец: | ООО ""ТД Комплект"", РБ, г.Минск, ул. Кнорина,д.50,к.302 А | | | Штрихкод: | | 6978018615308 | | | | | Габариты ДxШxВ, см: | 36.6 x 35.6 x 69 | | | Вес с упаковкой, кг: | 18.08 | | | | | | | | | | | | | | | | | | ECO | Садовая и силовая техника | | | | | | | | | Описание: | Очиститель высокого давления предназначен для очистки поверхностей водой под давлением при помощи различных насадок | | | | | Комплектация: | | + Очиститель высокого давления - 1 шт.; | + Моечный пистолет - 1 шт.; | + Шланг высокого давления 8 м - 1 шт.; | + Удлинительная трубка - 1 шт.; | + Веерная фреза (0°, 15°, 25° и 40°) - 4 шт.; | + Роторная (грязевая) фреза - 1 шт.; | + Пеногенератор - 1 шт.; | + Моющая щетка - 1 шт.; | + Мини-фильтр тонкой очистки 1/2"" - 1 шт.; | + Переходник HPC 1/2"" - 1 шт.; | + Инструмент для чистки форсунки - 1 шт.; | + Держатель для аксессуаров - 1 шт.; | + Держателя кабеля - 1 шт.; | + Держатель моечного пистолета (верхний) - 1 шт.; | + Держатель моечного пистолета (нижний) - 1 шт.; | + Ручка для транспортировки - 1 шт.; | + Диск катушки - 2 шт.; | + Рукоятка катушки - 1 шт.; | + Кронштейн катушки - 2 шт.; | + Колесо - 2 шт.; | + Винт 4*16 мм - 12 шт.; | + Винт 4*22 мм - 4 шт.; | + Руководство по эксплуатации - 1 шт.; | + Упаковка",,https://content.tools.by/images/products/cz-0510747072/dD5/dD5ZVaxpmQhDcQCaakp1ZsLX6Yj0BMTLaqMyfrDa.jpg,https://tools.by/product/1714588
"Распылительная насадка веерная для очистителя высокого давления ECO (150 бар макс.)
                    (для ECO HPW-1400)",18250002,"18,00","Производитель: | ECO GROUP HONG KONG LIMITED. UNIT 617, 6/F, 131-132 CONNAUGHT ROAD WEST, SOLO WORKSHOPS, HONG KONG, CHINA | | | Назначение: | Для удаления загрязнений | | | Страна изготовления: | Китай | | | Импортер/Продавец: | ООО ""ТД Комплект"", РБ, г.Минск, ул. Кнорина,д.50,к.302 А | | | Штрихкод: | | 6976215886392 | | | | | Габариты ДxШxВ, см: | 10 x 5 x 5 | | | Вес с упаковкой, кг: | 0.055 | | | | | | | | | | | | | | | | | | ECO | Садовая и силовая техника",,https://content.tools.by/images/products/cz-4144742460/Dmm/DmmUwSY82NPKl1BZoC8lCNW47Z5xD4TTa1tlRZNE.jpg,https://tools.by/product/1669130
"Бур почвенный ф100х800x20мм ECO ED-102
                    (Двухзаходный)",ED-200,"104,00","Производитель: | ECO GROUP HONG KONG LIMITED, UNIT 617, 6/F, 131-132 CONNAUGHT ROAD WEST, SOLO WORKSHOPS, HONG KONG | | | Назначение: | Садово-парковое назначение | | | Страна изготовления: | Китай | | | Импортер/Продавец: | ООО ""ТД Комплект"", РБ, г.Минск, ул. Кнорина,д.50,к.302 А | | | Штрихкод: | | 6977125192658 | | | | | Габариты ДxШxВ, см: | 81 x 11 x 11 | | | Вес с упаковкой, кг: | 2.57 | | | | | | | | | | | | | | | | | | ECO | Садовая и силовая техника",,https://content.tools.by/images/products/cz-0464258421/Yjp/YjpMsxzCZpH2T8GCB6mhnq1NAzNRa6zJYPfsnsHb.jpg,https://tools.by/product/1681365
"Краскораспылитель ECO SG-9000 с манометром (сопло ф 1.4 мм)
                    (HVLP, сопло ф 1.4 мм, верх. бак 600 мл))",DG4016-3,"47,74","Преимущества: | | ■ латунная голова распылителя с покрытием | ■ верхний пластиковый бачок 600 мл | ■ регулятор с манометром в комплекте | ■ регулировка формы факела | ■ регулировка подачи материала | ■ регулировка подачи воздуха | ■ резьбовое 1/4"" + быстросъемное соединение | ■ | ■ Применение: | ■ Нанесение базовых эмалей, акриловых эмалей и прозрачных лаков, жидких первичных грунтов. | | | | | | | | | | | Файлы | | | | | | | | | Производитель: | ECO GROUP HONG KONG LIMITED, UNIT 617, 6/F, 131-132 CONNAUGHT ROAD WEST, SOLO WORKSHOPS, HONG KONG | | | Назначение: | | | | Страна изготовления: | Китай | | | Импортер/Продавец: | ООО ""ТД Комплект"", РБ, г.Минск, ул. Кнорина,д.50,к.302 А | | | Штрихкод: | | 8213112892384 | | | | | Габариты ДxШxВ, см: | 23 x 16.3 x 13.8 | | | Вес с упаковкой, кг: | 1.094 | | | | | | | | | | | | | | | | | | ECO | Садовая и силовая техника | | | | | | | | | Описание: | Краскораспылитель HVLP с набором регулировок. Регулятор с манометром в комплекте позволяет настроить работу краскораспылителя максимально точно. | Достоинства HVLP (High Volume Low Pressure - высокий объем, низкое давление): Высокая экономия материалов; практически отсутствие опыла; нет завихрений - нет мусора.",,https://content.tools.by/images/products/cd-0642914109/LMG/LMGyRfmXa7vaZvGYBUzh6erLYz3Q5rC0up6DvquN.jpg,https://tools.by/product/1624504?slide=2
"Насос погружной для загрязненной воды ECO DP-601, 600 Вт
                    (600 Вт, 10500 л/ч, 7 м)",AP02A03,"540,00","Преимущества: | | ■ Асинхронный двигатель с защитой от перегрузок. | ■ Автоматическое включениевыключение при помощи поплавкового выключателя. | ■ Лопасти крыльчатки из технополимера разработаны специально для загрязненной воды. | ■ Клапана деаэрации автоматически развоздушивают полость насоса. | | | | | | | | | | | Файлы | | | | | | | | | Производитель: | ECO GROUP HONG KONG LIMITED, UNIT 617, 6/F, 131-132 CONNAUGHT ROAD WEST, SOLO WORKSHOPS, HONG KONG | | | Назначение: | Для хозяйственных нужд | | | Страна изготовления: | Китай | | | Импортер/Продавец: | ООО ""ТД Комплект"", РБ, г.Минск, ул. Кнорина,д.50,к.302 А | | | Штрихкод: | | 8212107214804 | | | | | Габариты ДxШxВ, см: | 22 x 16 x 34 | | | Вес с упаковкой, кг: | 4.41 | | | | | | | | | | | | | | | | | | ECO | Садовая и силовая техника | | | | | | | | | Описание: | В комплект входит универсальный патрубок с угловым коленом.",,https://content.tools.by/images/products/cb-0057396834/Q8k/Q8kzfETwavJjqMEcCDe6jI4bIbOVMyTd3Np9fT74.jpg,https://tools.by/product/1011041?slide=2
Фильтроэлемент бумажный для фильтра воздушного AEF-12P,AEF-12P,"12,00","Производитель: | ECO GROUP HONG KONG LIMITED, UNIT 617, 6/F, 131-132 CONNAUGHT ROAD WEST, SOLO WORKSHOPS, HONG KONG | | | Назначение: | Запасные части | | | Страна изготовления: | Китай | | | Импортер/Продавец: | ООО ""ТД Комплект"", РБ, г.Минск, ул. Кнорина,д.50,к.302 А | | | Штрихкод: | | 6921501776307 | | | | | Габариты ДxШxВ, см: | 7 x 7 x 8.3 | | | Вес с упаковкой, кг: | 0.045 | | | | | | | | | | | | | | | | | | ECO | Садовая и силовая техника | | | | | | | | | Описание: | Диаметр - 64 мм; | Высота - 35 мм; | Вес нетто: 21 г; | Вес брутто: 26 г. | | Для замены в фильтрах AEF-12P",,https://content.tools.by/images/products/cb-0013033100/uZg/uZgruVEmo2zR4iWiYpiIabzU8n7S7rxwKdWhYlJX.jpg,https://tools.by/product/916924
"Опрыскиватель ранцевый бензиновый ECO PS-371
                    (2Т двигатель 2,8л.с.; бак 14 л; произв-сть воздушной смеси 1130м3/ч; расход жидкости до 1,8 л/мин)",ST6570-16,"99,00","Файлы | | | | | | | | | Производитель: | ECO GROUP HONG KONG LIMITED, UNIT 617, 6/F, 131-132 CONNAUGHT ROAD WEST, SOLO WORKSHOPS, HONG KONG | | | Назначение: | | | | Страна изготовления: | Китай | | | Импортер/Продавец: | ООО ""ТД Комплект"", РБ, г.Минск, ул. Кнорина,д.50,к.302 А | | | Штрихкод: | | 8210803863234 | | | | | Габариты ДxШxВ, см: | 48.7 x 41 x 73 | | | Вес с упаковкой, кг: | 12.75 | | | | | | | | | | | | | | | | | | ECO | Садовая и силовая техника | | | | | | | | | Описание: | Ранцевый бензиновый опрыскиватель используется в домашнем хозяйстве для ухода за растениями, подкормки растений и уничтожения насекомых. Также может использоваться для рассеивания семян, порошковых, гранулированных химикатов и как воздуходувное устройство. | Устройство оснащено мощным бензиновым двигателем 2.1 кВт, поэтому обеспечивает мобильность, с ним можно работать в поле и саду, не привязываясь к наличию розетки и электросети. | Ранцевая система позволяет перемещать опрыскиватель на спине во время его использования и равномерно распределять нагрузку, все элементы управления расположены на рукоятке. | | Особенности: | - опрыскиватель ранцевого типа; | - комплект для работы с сухими и сыпущими веществами в комплекте; | - двухтактный бензиновый двигатель; | - регулируемый расход жидкости 0,12 - 1,8 лмин; | - антивибрационные подушки двигателя; | - бак для жидкости 14 литров для продолжительной работы; | - большая заливная горловина с фильтром; | - сливная пробка на баке; | Комплект: | Мотоопрыскиватель в сборе; | Напорная труба; | Комплект для работы с сухими веществами; | Шланг гибкий;",,https://content.tools.by/images/products/ce-1820313200/isw/isw01xGdeEGwPTg0tM9RIkAbGZjFw7VNwWH2TrAe.jpg,https://tools.by/product/1638294
"Компрессор ECO AE-25-OF1 безмасляный
                    (140 л/мин, 8 атм, коаксиальный, безмасляный, ресив. 24 л, 220 В, 0,8 кВт)",EC2610-1,"1 567,10","Преимущества: | | ■ Для использования не требуется заливка масла | ■ Низкий уровень шума | ■ 2-цилиндровый | ■ Регулятор давления | ■ Электромагнитный клапан | ■ Манометры с металлическим корпусом | ■ Дополнительная воздушная трубка для уменьшения уровня шума | ■ Воздушный фильтр с бумажным фильтроэлементом | | | | | | | | | | | Файлы | | | | | | | | | Производитель: | ECO GROUP HONG KONG LIMITED, UNIT 617, 6/F, 131-132 CONNAUGHT ROAD WEST, SOLO WORKSHOPS, HONG KONG | | | Назначение: | Для компрессии воздуха | | | Страна изготовления: | Китай | | | Импортер/Продавец: | ООО ""ТД Комплект"", РБ, г.Минск, ул. Кнорина,д.50,к.302 А | | | Штрихкод: | | 8212107216273 | | | | | Габариты ДxШxВ, см: | 58.5 x 28 x 58 | | | Вес с упаковкой, кг: | 21.3 | | | | | | | | | | | | | | | | | | ECO | Садовая и силовая техника | | | | | | | | | Комплектация: | | + Компрессор; | + Фильтр воздушный (1 шт); | + Воздушная трубка (1шт); | + Колесо транспортировочное (2 шт); | + Опорная ножка (1 шт); | + Комплект крепежа,",,https://content.tools.by/images/products/cb-0015575040/QEI/QEIAjkMvMOptUv8GwSU34j17BarCegkr107Okq34.jpg,https://tools.by/product/1009821
"Компрессор ECO AE-1005-2 ременной
                    (580 л/мин, 8 атм, ременной, масляный, ресив. 100 л, 380 В, 3.00 кВт)",HD-A203,"3 301,20","Преимущества: | | ■ W-образное расположение поршней способствует улучшенному охлаждению | ■ Лопасти на маховике охлаждают гильзы цилиндров и масляный картер | ■ Увеличенный масляный картер, для лучшей смазки и отвода тепла от поршневой группы | ■ Тепловая защита двигателя | ■ Регулировка давления на выходе | ■ Два манометра | ■ Латунный обратный клапан. | ■ Чугунный коллектор. | ■ Компрессор поставляется заправленный маслом. | | | | | | | | | | | Файлы | | | | | | | | | Производитель: | ECO GROUP HONG KONG LIMITED, UNIT 617, 6/F, 131-132 CONNAUGHT ROAD WEST, SOLO WORKSHOPS, HONG KONG | | | Назначение: | Для компрессии воздуха | | | Страна изготовления: | Китай | | | Импортер/Продавец: | ООО ""ТД Комплект"", РБ, г.Минск, ул. Кнорина,д.50,к.302 А | | | Штрихкод: | | 8213112891448 | | | | | Габариты ДxШxВ, см: | 120 x 49 x 88 | | | Вес с упаковкой, кг: | 104 | | | | | | | | | | | | | | | | | | ECO | Садовая и силовая техника | | | | | | | | | Описание: | Компрессор поршневой клино-ременной, масляный, с 3-цилиндровой W-образной помпой. | | | | | Комплектация: | | + Компрессор; | + Фильтр воздушный (3 шт); | + Колесо транспортировочное (4 шт); | + Комплект крепежа.",,https://content.tools.by/images/products/cv-4844046726/KIj/KIjHxu4fJJizhwvbgJKP4CAeyQH0L4Wd78fP85hI.jpg,https://tools.by/product/1046505
"Компрессор автомобильный ECO AE-007 Comfort
                    (7,4 В, 40 Вт, 18 л/мин, 4000 мА·ч, 10 Бар, LED дисплей, режим повербанка, фонарь, 4 насадки, сумка)",AE-016-1,"92,60","Преимущества: | | ■ Портативный производительный насос с функцией повербанка | ■ Мощный двигатель со 100% медной обмоткой | ■ Гибкий шланг в защитной оплетке | ■ Цифровой дисплей | ■ Возможность выбора разных единиц измерений | ■ Ёмкий аккумулятор на 4 А·ч | ■ Зарядка от Type-C | ■ Четыре предустановленных режима накачки | ■ Встроенный светодиодный фонарь удобен при эксплуатации в темное время суток | ■ Удобная сумка для хранения и транспортировки | | | | | | | | | | | Файлы | | | | | | | | | Производитель: | ECO GROUP HONG KONG LIMITED, UNIT 617, 6/F, 131-132 CONNAUGHT ROAD WEST, SOLO WORKSHOPS, HONG KONG | | | Назначение: | | | | Страна изготовления: | Китай | | | Импортер/Продавец: | ООО ""ТД Комплект"", РБ, г.Минск, ул. Кнорина,д.50,к.302 А | | | Штрихкод: | | 6977125196984 | | | | | Габариты ДxШxВ, см: | 22.4 x 16.6 x 6.8 | | | Вес с упаковкой, кг: | 0.64 | | | | | | | | | | | | | | | | | | ECO | Садовая и силовая техника | | | | | | | | | Комплектация: | | + Компрессор; | + Комплект насадок (4 предмета); | + Пневмошланг; | + Зарядный кабель USB Type-C / Type-A;* | + Руководство по эксплуатации; | + Сумка для переноски и хранения. | + | + *зарядное устройство не входит в комплект поставки.",,https://content.tools.by/images/products/cz-0129898400/PGz/PGzaFDEgyn5YrzwG1spsOO1HXM3SIyG0H40hRvku.jpg,https://tools.by/product/1688872
"Шланг армированный на катушке ф 10/16 мм с быстросъемн. соед. ECO (длина 10 м)
                    (толщ.стенки: 3 мм)",EC3924-1,"288,00","Преимущества: | | ■ Шланг предназначен для соединения воздухонагнетательного оборудования с различным пневматическим инструментом. Оборудован катушкой закрытого типа. Имеет поворотный 180° кронштейн для крепления к стене. Катушка оснащена системой автоматической смотки. На шланге имеется передвижной ограничитель. | ■ | ■ Шланг оборудован стальным быстросъемными соединениями ПАПА и МАМА. | ■ | ■ Материал шланга устойчив к воздействию ультрафиолета. | | | | | | | | | | | | | Производитель: | ECO GROUP HONG KONG LIMITED, UNIT 617, 6/F, 131-132 CONNAUGHT ROAD WEST, SOLO WORKSHOPS, HONG KONG | | | Назначение: | | | | Страна изготовления: | Китай | | | Импортер/Продавец: | ООО ""ТД Комплект"", РБ, г.Минск, ул. Кнорина,д.50,к.302 А | | | Штрихкод: | | 6977125195819 | | | | | Габариты ДxШxВ, см: | 41 x 37 x 17.5 | | | Вес с упаковкой, кг: | 5.4 | | | | | | | | | | | | | | | | | | ECO | Садовая и силовая техника",,https://content.tools.by/images/products/cz-1400947093/dyl/dyl0GW7CYXcjkqQr9Vagr5XoBXdF0dnUagrpwFCz.jpg,https://tools.by/product/1707682
"Насос вибрационный ECO CPV-331 (15м, верхний забор)
                    (330Вт, 1300 л/ч, пров. 15м 3х0,75 мм2, аналог насоса Ручеек)",ECX2010-9,"6,90","Преимущества: | | ■ Защита от захвата грязи со дна резервуара или колодца благодаря верхнему забору воды | ■ Термозащита электропривода | ■ Прочный и эластичный электрический кабель сечением 0,75 мм2 | ■ Алюминиевый корпус не подвержен коррозии | ■ Капроновый шнур в комплекте для подвеса насоса | ■ Выходной штуцер ""елочка"" диаметром 3/4"" | | | | | | | | | | | Файлы | | | | | | | | | Производитель: | ECO GROUP HONG KONG LIMITED, UNIT 617, 6/F, 131-132 CONNAUGHT ROAD WEST, SOLO WORKSHOPS, HONG KONG | | | Назначение: | | | | Страна изготовления: | Китай | | | Импортер/Продавец: | ООО ""ТД Комплект"", РБ, г.Минск, ул. Кнорина,д.50,к.302 А | | | Штрихкод: | | 6977125196267 | | | | | Габариты ДxШxВ, см: | 16.5 x 12.5 x 29.5 | | | Вес с упаковкой, кг: | 4.238 | | | | | | | | | | | | | | | | | | ECO | Садовая и силовая техника | | | | | | | | | Комплектация: | | + Насос; | + Капроновый шнур; | + Хомут червячный; | + Инструкция по эксплуатации; | + Коробка",,https://content.tools.by/images/products/cz-0018190200/WXi/WXirOXyqwIP2LRaDRaDFdTXjUktKcqLJAi3je7em.jpg,https://tools.by/product/1711414
"Цепь 15 см 6"" 1/4"" 1.1 мм 37 зв. 14TA (в блистере) ECO
                    (для мини-пил 6"", 37 звеньев)",191H03-4,"41,86","Производитель: | ECO GROUP HONG KONG LIMITED, UNIT 617, 6/F, 131-132 CONNAUGHT ROAD WEST, SOLO WORKSHOPS, HONG KONG | | | Назначение: | | | | Страна изготовления: | Китай | | | Импортер/Продавец: | ООО ""ТД Комплект"", РБ, г.Минск, ул. Кнорина,д.50,к.302 А | | | Штрихкод: | | 6977125193303 | | | | | Габариты ДxШxВ, см: | 17 x 9 x 2.5 | | | Вес с упаковкой, кг: | 0.081 | | | | | | | | | | | | | | | | | | ECO | Садовая и силовая техника",,https://content.tools.by/images/products/cz-1160892416/p4N/p4NGJMkMmwr8GhW3mLAVUhh2b1inXYzFLj0lNXtU.jpg,https://tools.by/product/1681769
Подшипник для тачек ECO ф35x20 мм,WB-P124,"52,20","Производитель: | ECO GROUP HONG KONG LIMITED, UNIT 617, 6/F, 131-132 CONNAUGHT ROAD WEST, SOLO WORKSHOPS, HONG KONG | | | Назначение: | Для хозяйственных нужд | | | Страна изготовления: | Китай | | | Импортер/Продавец: | ООО ""ТД Комплект"", РБ, г.Минск, ул. Кнорина,д.50,к.302 А | | | Штрихкод: | | 8212107214750 | | | | | Габариты ДxШxВ, см: | 3.5 x 3.5 x 2 | | | Вес с упаковкой, кг: | 0.046 | | | | | | | | | | | | | | | | | | ECO | Садовая и силовая техника | | | | | | | | | Описание: | Подходит к тачкам: | WB6418S, WB300-2, WB152-2; WB6418S-2; WB153-2;",,https://content.tools.by/images/products/cb-0426955520/5jd/5jdDwCLERZL6wHND9x0VRUl6GxnxGFWhW5UpmicM.jpg,https://tools.by/product/97949
Карбюратор ECO ST360,CSP-ST230/250-006,"52,20","Производитель: | ECO GROUP HONG KONG LIMITED, UNIT 617, 6/F, 131-132 CONNAUGHT ROAD WEST, SOLO WORKSHOPS, HONG KONG | | | Назначение: | Запасные части | | | Страна изготовления: | Китай | | | Импортер/Продавец: | ООО ""ТД Комплект"", РБ, г.Минск, ул. Кнорина,д.50,к.302 А | | | Штрихкод: | | 8210803862596 | | | | | Габариты ДxШxВ, см: | 20 x 5 x 5 | | | Вес с упаковкой, кг: | 0.125 | | | | | | | | | | | | | | | | | | ECO | Садовая и силовая техника | | | | | | | | | Описание: | Совместимость: | для бензопил STIHL MS360 | | | | | Комплектация: | | + карбюратор - 1шт;",,https://content.tools.by/images/products/ce-1934867088/hN5/hN5sKFybzegwZXxlAN7dNkTcxMPxeO6zNDq5YsWF.jpg,https://tools.by/product/1647840
"Соединение быстросъем. ПАПА х внутр. резьба 1/4"" (сталь) ECO",AB-E10/E10,"3,83","Производитель: | ECO GROUP HONG KONG LIMITED, UNIT 617, 6/F, 131-132 CONNAUGHT ROAD WEST, SOLO WORKSHOPS, HONG KONG | | | Назначение: | Для обеспечения шланговых соединений | | | Страна изготовления: | Китай | | | Импортер/Продавец: | ООО ""ТД Комплект"", РБ, г.Минск, ул. Кнорина,д.50,к.302 А | | | Штрихкод: | | 5291501778030 | | | | | Габариты ДxШxВ, см: | 9.2 x 6.8 x 1.8 | | | Вес с упаковкой, кг: | 0.026 | | | | | | | | | | | | | | | | | | ECO | Садовая и силовая техника | | | | | | | | | Описание: | Быстросъемное соединение ПАПА наиболее распространенного Немецкого типа (Germany type). | Никелевое покрытие стали для защиты от коррозии.",,https://content.tools.by/images/products/cb-2961169856/uVR/uVRhtgGAoyIlwZyunqRpaYW4CsLqaO1iyrk4m4F4.jpg,https://tools.by/product/911529
"Цепь 50 см 20"" 0.325"" 1.5 мм 76 зв. 325TA (в блистере) ECO",CSP-38LTA355,"16,20","Файлы | | | | | | | | | Производитель: | ECO GROUP HONG KONG LIMITED. UNIT 617, 6/F, 131-132 CONNAUGHT ROAD WEST, SOLO WORKSHOPS, HONG KONG | | | Назначение: | Садово-парковое назначение | | | Страна изготовления: | Китай | | | Импортер/Продавец: | ООО ""ТД Комплект"", РБ, г.Минск, ул. Кнорина,д.50,к.302 А | | | Штрихкод: | | 8212107216150 | | | | | Габариты ДxШxВ, см: | 16.8 x 9 x 2.5 | | | Вес с упаковкой, кг: | 0.32 | | | | | | | | | | | | | | | | | | ECO | Садовая и силовая техника | | | | | | | | | Описание: | Пильные цепи ECO Multli Sharp со слабой отдачей и специальной системой смазки Oilotec system для увеличения срока службы - оптимальный выбор режущей оснастки для Вашей бензопилы. Режущий зуб выполнен из качественной стали. | | аналог цепи OREGON - 21LPX076E. | | Упаковка: блистер с подвесом",,https://content.tools.by/images/products/cb-0296387112/b3z/b3zhDDcIQuuWYtv8HV83a14P9iFMHPemPLRa7ZOq.jpg,https://tools.by/product/1001343
Коленвал ECO HU365,CSP-010,"21,60","Производитель: | ECO GROUP HONG KONG LIMITED, UNIT 617, 6/F, 131-132 CONNAUGHT ROAD WEST, SOLO WORKSHOPS, HONG KONG | | | Назначение: | Запасные части | | | Страна изготовления: | Китай | | | Импортер/Продавец: | ООО ""ТД Комплект"", РБ, г.Минск, ул. Кнорина,д.50,к.302 А | | | Штрихкод: | | 8210803862411 | | | | | Габариты ДxШxВ, см: | 15 x 10 x 10 | | | Вес с упаковкой, кг: | 0.69 | | | | | | | | | | | | | | | | | | ECO | Садовая и силовая техника | | | | | | | | | Описание: | Совместимость: | для бензопил Husqvarna 365 | | | | | Комплектация: | | + коленвал - 1шт, игольчатый подшипник - 1шт;",,https://content.tools.by/images/products/ce-0738738910/cAk/cAkRkvB4XYBhWw3VmzTNsHoexHx8Ec25QeEdDa8h.jpg,https://tools.by/product/1647857
Ударник для пневмостеплера ECO ASL-40B,ASL-40B,"115,90","Производитель: | ECO GROUP HONG KONG LIMITED, UNIT 617, 6/F, 131-132 CONNAUGHT ROAD WEST, SOLO WORKSHOPS, HONG KONG | | | Назначение: | | | | Страна изготовления: | Китай | | | Импортер/Продавец: | ООО ""ТД Комплект"", РБ, г.Минск, ул. Кнорина,д.50,к.302 А | | | Штрихкод: | | 8213112892162 | | | | | Габариты ДxШxВ, см: | 8 x 17 x 2 | | | Вес с упаковкой, кг: | 0.028 | | | | | | | | | | | | | | | | | | ECO | Садовая и силовая техника | | | | | | | | | Описание: | Запасная часть для пневмостеплера ECO ASL-40B",,https://content.tools.by/images/products/cg-1544660000/zVS/zVS3TuHVrE5kBA7K809KqaG8oGYp9ds4KiHYBZL6.jpg,https://tools.by/product/1602020
"Газонокосилка бензиновая ECO LG-434 самоходная
                    (3.5 л.с., шир. 42 см, самоходная, мульчир., стальн. корпус, травосборник 45 л)",DG2113-2,"936,00","Преимущества: | | ■ Самоходная с отключаемым приводом | ■ Бензиновый двигатель 3.5 л.с. MX135 | ■ Стальная дека | ■ Централизованная установка высоты (7 уровней) | ■ Ширина кошения 42 см | ■ Функция мульчирования (нож специальной формы и заглушка в комплекте) | ■ Задний выброс | ■ Мягкий травосборник 45 л с жестким пластиковым верхом | ■ Колеса оснащены подшипниками для более комфортного перемещения | ■ Индикатор заполненного контейнера | | | | | | | | | | | Файлы | | | | | | | | | Производитель: | ECO GROUP HONG KONG LIMITED, UNIT 617, 6/F, 131-132 CONNAUGHT ROAD WEST, SOLO WORKSHOPS, HONG KONG | | | Назначение: | Садово-парковое назначение | | | Страна изготовления: | Китай | | | Импортер/Продавец: | ООО ""ТД Комплект"", РБ, г.Минск, ул. Кнорина,д.50,к.302 А | | | Штрихкод: | | 8212107216822 | | | | | Габариты ДxШxВ, см: | 72.5 x 53 x 48 | | | Вес с упаковкой, кг: | 26.3 | | | | | | | | | | | | | | | | | | ECO | Садовая и силовая техника",,https://content.tools.by/images/products/cv-0041448267/NjL/NjLTF0CR7mWVCTwnHJZGnKRHfROEOKc2zfrRDeRA.jpg,https://tools.by/product/1034344
"Пистолет продувочный ECO ABG-30
                    (2-в-1, с функцией всасывания)",AWG-11,"32,63","Преимущества: | | ■ 2-в-1: функция продува и всасывания | ■ эргономичная рукоятка | ■ удобный длинный курок-триггер | ■ вместительный мешок для сбора мусора | | | | | | | | | | | | | Производитель: | ECO GROUP HONG KONG LIMITED, UNIT 617, 6/F, 131-132 CONNAUGHT ROAD WEST, SOLO WORKSHOPS, HONG KONG | | | Назначение: | | | | Страна изготовления: | Китай | | | Импортер/Продавец: | ООО ""ТД Комплект"", РБ, г.Минск, ул. Кнорина,д.50,к.302 А | | | Штрихкод: | | 6977125195772 | | | | | Габариты ДxШxВ, см: | 27 x 14 x 5.5 | | | Вес с упаковкой, кг: | 0.314 | | | | | | | | | | | | | | | | | | ECO | Садовая и силовая техника | | | | | | | | | Описание: | Компактный пневмопистолет кроме привычной функции продувания также выполняет функцию пылесоса - инструмент отлично подойдет для небольшой уборки в салоне автомобиля. Пневмопистолет оснащён удобным переключателем продувки/всасывания, текстильным мешком для сбора мелкого мусора и двумя соплами. | | | | | Комплектация: | | + Пистолет продувочный - 1 шт. | + Шланг удлинительный - 1 шт. | + Мешок для сбора мусора - 1 шт. | + Сопла (ф 3 мм, ф 8 мм) - 2 шт.",,https://content.tools.by/images/products/cz-0000011781/LF5/LF5Xbv2Sq0j369P2EsSR840iMurd52fXW7vJQQgp.jpg,https://tools.by/product/1707678
"Маслораспылитель ECO AU-04B мини 1/4"", в коробке",AU-02-12,"88,90","Преимущества: | | ■ Постоянная смазка пневмосистемы, снижающая износ движущихся частей. | ■ Простая установка без сложного монтажа. | | | | | | | | | | | | | Производитель: | ECO GROUP HONG KONG LIMITED, UNIT 617, 6/F, 131-132 CONNAUGHT ROAD WEST, SOLO WORKSHOPS, HONG KONG | | | Назначение: | Для обеспечения шланговых соединений | | | Страна изготовления: | Китай | | | Импортер/Продавец: | ООО ""ТД Комплект"", РБ, г.Минск, ул. Кнорина,д.50,к.302 А | | | Штрихкод: | | 5291501778368 | | | | | Габариты ДxШxВ, см: | 3.7 x 3.7 x 5.8 | | | Вес с упаковкой, кг: | 0.091 | | | | | | | | | | | | | | | | | | ECO | Садовая и силовая техника | | | | | | | | | Описание: | Минилубрикатор для пневмоинструмента устанавливается прямо на входную резьбу и автоматически подаёт смазку в воздушную магистраль, продлевая срок службы инструмента.",,https://content.tools.by/images/products/cb-1019115225/Wa9/Wa9llK2yZ5l0e0VmltFYXEizvuuqhsI80s1AXfI5.jpg,https://tools.by/product/101387
"Пистолет моечный пневматический ECO AWG-13
                    (130 л/мин; шланг для моющ. ср. 1 м; 4-8 бар)",ABG-20,"18,56","Производитель: | ECO GROUP HONG KONG LIMITED, UNIT 617, 6/F, 131-132 CONNAUGHT ROAD WEST, SOLO WORKSHOPS, HONG KONG | | | Назначение: | | | | Страна изготовления: | Китай | | | Импортер/Продавец: | ООО ""ТД Комплект"", РБ, г.Минск, ул. Кнорина,д.50,к.302 А | | | Штрихкод: | | 6977125195765 | | | | | Габариты ДxШxВ, см: | 45.1 x 16.5 x 2.5 | | | Вес с упаковкой, кг: | 0.36 | | | | | | | | | | | | | | | | | | ECO | Садовая и силовая техника | | | | | | | | | Описание: | Моечный пневмопистолет предназначен для мойки и смазки поверхностей, узлов или деталей потоком моющей жидкости и воздухом. Для удобства использования оснащён шлангом, который можно погружать в любую емкость с моющим средством. | | | | | Комплектация: | | + Пневматический моечный пистолет - 1 шт. | + Шланг для подключения к воде - 1 шт.",,https://content.tools.by/images/products/cz-0255343244/e7g/e7gqQP3xtBNICrgDIflRtrQcqsXwtpQ40N9OBMQk.jpg,https://tools.by/product/1707677
"Тачка строительная ECO WB352-2 Comfort (130л, 350кг, 2 пневмоколеса 4.00-8)",WB201-2,"169,00","Преимущества: | | ■ Инновационные поворотные рукоятки комфорт при разгрузке | ■ Стальной оцинкованный кузов | ■ Прочная, усиленная рама | ■ Толщина металла кузова 0,9 мм | ■ Пылезащищённый подшипник | ■ Большие пневматические колеса | | | | | | | | | | | Файлы | | | | | | | | | Производитель: | ECO GROUP HONG KONG LIMITED, UNIT 617, 6/F, 131-132 CONNAUGHT ROAD WEST, SOLO WORKSHOPS, HONG KONG | | | Назначение: | | | | Страна изготовления: | Китай | | | Импортер/Продавец: | ООО ""ТД Комплект"", РБ, г.Минск, ул. Кнорина,д.50,к.302 А | | | Штрихкод: | | 6977125193242 | | | | | Габариты ДxШxВ, см: | 139 x 62 x 59.5 | | | Вес с упаковкой, кг: | 16.55 | | | | | | | | | | | | | | | | | | ECO | Садовая и силовая техника",,https://content.tools.by/images/products/cz-0198129980/dNs/dNsxu3PXfyA9gxEeHN8jlU84cqtKjYmwK3upyPLx.jpg,https://tools.by/product/1686147
"Свеча зажигания ECO GTP-X041
                    (2Т; М14*1.25; резьба 9,5 мм)",443223158413-A,"13,58","Производитель: | ECO GROUP HONG KONG LIMITED. UNIT 617, 6/F, 131-132 CONNAUGHT ROAD WEST, SOLO WORKSHOPS, HONG KONG | | | Назначение: | Садово-парковое назначение | | | Страна изготовления: | Китай | | | Импортер/Продавец: | ООО ""ТД Комплект"", РБ, г.Минск, ул. Кнорина,д.50,к.302 А | | | Штрихкод: | | 8210803863296 | | | | | Габариты ДxШxВ, см: | 12 x 7 x 3 | | | Вес с упаковкой, кг: | 0.04 | | | | | | | | | | | | | | | | | | ECO | Садовая и силовая техника | | | | | | | | | Описание: | Свеча зажигания для двухтактных двигателей мотокос, бензиновых цепных пил. | Применяется практически во всех двухтактных бензоинструментах (исключение моторы 2-mix), аналог BOSCH WSR7F, NGK BPMR7A, CHAMPION CJ7Y, OREGON PR17Y, BRISK PR17Y и др...; | | Совместимость: | | Для моделей ECO GTP-145B, GTP-145F, GTP-145N, GTP-145R, GTP-185B, GTP-185F, GTP-185K, GTP-185N, GTP-185R, GTP-187F, GTP-189F | Для моделей DGM BC-210, BC-240, BC-241; | | Подходит ко многим мотокосам и бензопилам: ECO, DGM, GUNTER, SKIPER, DARC, MIKKELI, PATRIOT, DENZEL, CRAFTOP, LIDER, NIKKEY, PROKRAFT, MATRIX, WATT, CATMANN, GARDEN LINE, ELAND KASEI, ZIGZAG, DOLFIN, SOLO, GRASSHOPER, EUROTEK, PARK, DEMON, STERN, EXTEL, BIZON, MEGA, PROLAND, DOLMAR, MAGNUM, SKIPER, STURM и др. | | | | | Комплектация: | | + Свеча;",,https://content.tools.by/images/products/ce-0108284836/DrY/DrYI28D0TWEl7PfPpIrIyuLq1xC8vh3NXBXeP0Pz.jpg,https://tools.by/product/1643179
"Шланг армированный ф 10/16 мм с быстросъемн. соед. ECO (длина 15 м)
                    (толщ.стенки: 3 мм)",00051757-40,"222,59","Преимущества: | | ■ Шланги оборудованы латунными быстросъемными соединениями ПАПА и МАМА | ■ Материал шланга имеет широкий диапазон рабочих температур благодаря добавлению запатентованных эластомеров | ■ Материал шланга устойчив к воздействию ультрафиолета | | | | | | | | | | | | | Производитель: | ECO GROUP HONG KONG LIMITED. UNIT 617, 6/F, 131-132 CONNAUGHT ROAD WEST, SOLO WORKSHOPS, HONG KONG, CHINA | | | Назначение: | Для бытовых ремонтных работ | | | Страна изготовления: | Китай | | | Импортер/Продавец: | ООО ""ТД Комплект"", РБ, г.Минск, ул. Кнорина,д.50,к.302 А | | | Штрихкод: | | 6921501776116 | | | | | Габариты ДxШxВ, см: | 27 x 27 x 9 | | | Вес с упаковкой, кг: | 2.42 | | | | | | | | | | | | | | | | | | ECO | Садовая и силовая техника",,https://content.tools.by/images/products/cb-0019465109/j9B/j9BN2M32RwlyX7EBInvyuyxYuOIh7Jw4ErOfdAyN.jpg,https://tools.by/product/915870
"Пневмогайковерт 1/2"" ECO AIW-980S
                    (950/1200 Нм (закр./откр.); 3 ступени крут.мом.; twin hammer; 7500 об/мин; композитн. корпус)",GDAI2703,"1 299,62","Преимущества: | | ■ Регулировка крутяшего момента | ■ Реверс | ■ Эргономичный дизайн | ■ Корпус из композитного материала с резиновыми накладками на ручке обеспечивает легкую и комфортную работу даже на холоде | ■ Три сменных головки в комплекте (17, 19 и 21 мм) | | | | | | | | | | | Файлы | | | | | | | | | Производитель: | SKIPFIRE LIMITED. Romanou,2, TLAIS TOWER, 6th floor, flat/Office 601 P.C.1070, Nicosia, Cyprus. Кипр | | | Назначение: | Для бытовых ремонтных работ | | | Страна изготовления: | Китай | | | Импортер/Продавец: | ООО ""ТД Комплект"", РБ, г.Минск, ул. Кнорина,д.50,к.302 А | | | Штрихкод: | | 8213112891813 | | | | | Габариты ДxШxВ, см: | 20.7 x 19.2 x 7.5 | | | Вес с упаковкой, кг: | 2.915 | | | | | | | | | | | | | | | | | | ECO | Садовая и силовая техника | | | | | | | | | Комплектация: | | + Пневмогайковерт; | + Сменные головки 12 - 3 шт (17 мм, 19 мм, 21 мм); | + Мини масленка; | + Ключ внутренний для болтов; | + Ниппель;",,https://content.tools.by/images/products/cg-0556718832/c5C/c5Cxqic3WBVtQl4pCSpv15hTIWV3xrfyKNpaIdhX.jpg,https://tools.by/product/1577784
"Электростанция (генератор бензиновый) ECO PE-1302RS
                    (1.1 кВт, 230 В, бак 6.0 л, вес 23 кг)",EC1563-9,"1 656,00","Преимущества: | | ■ Лёгкая и компактная | ■ Блок AVR для стабильного напряжения | ■ Защита от перегрузки | ■ Защита от низкого уровня масла | ■ Жёсткая рама | ■ Чугунная гильза, увеличивающая моторесурс двигателя | ■ Низкий уровень шума и вибрации | ■ Розетка 12 В для зарядки АКБ | ■ Вольтметр. | | | | | | | | | | | Файлы | | | | | | | | | Производитель: | ECO GROUP HONG KONG LIMITED, UNIT 617, 6/F, 131-132 CONNAUGHT ROAD WEST, SOLO WORKSHOPS, HONG KONG | | | Назначение: | Для хозяйственных нужд | | | Страна изготовления: | Китай | | | Импортер/Продавец: | ООО ""ТД Комплект"", РБ, г.Минск, ул. Кнорина,д.50,к.302 А | | | Штрихкод: | | 6921803861145 | | | | | Габариты ДxШxВ, см: | 46.5 x 36 x 38 | | | Вес с упаковкой, кг: | 24.06 | | | | | | | | | | | | | | | | | | ECO | Садовая и силовая техника | | | | | | | | | Описание: | Легкая и компактная, недорогая и экономичная переносная электростанция придется по вкусу автотуристам и любителям пикников. Также может быть использована в качестве запасного источника питания. Встроенный масляный датчик остановит двигатель, если количество масла в картере уменьшится до критического уровня. В блоке двигателя используется чугунная гильза, увеличивающая моторесурс двигателя | Внимание! При подборе электростанции необходимо учитывать пусковые токи устройства-потребителя электроэнергии. | Внимание! Двигатель поставляется без масла! Рекомендуемое моторное масло - 10W-40. | | | | | Комплектация: | | + Электростанция; | + Вилка 16 А, 220 В; | + Комплект проводов с зажимами для АКБ; | + Свечной ключ; | + Руководство по эксплуатации;",,https://content.tools.by/images/products/cv-0281566800/Xqm/Xqm5PYIaj3CG2jCLnnSp98MWAyUIt0meQv7MZ167.jpg,https://tools.by/product/1049403?slide=2
"Пневмостеплер ECO ASL-50N
                    (гвозди/скобы 18GA; 4-7 бар; 0.8 л/удар; гвоздь 50 мм макс; скоба 40 мм макс; магазин 100 шт)",ASL-X0011,"13,50","Преимущества: | | ■ 2-в-1: гвозди и скобы типа 18GA | ■ Регулятор глубины забивания | ■ Дефлектор отвода воздуха | ■ Предохранитель | ■ Смотровое окошко | ■ Нескользящая резиновая ручка | ■ Алюминиевый корпус | ■ Удобный чемодан для хранения и транспортировки | | | | | | | | | | | Файлы | | | | | | | | | Производитель: | ECO GROUP HONG KONG LIMITED, UNIT 617, 6/F, 131-132 CONNAUGHT ROAD WEST, SOLO WORKSHOPS, HONG KONG | | | Назначение: | | | | Страна изготовления: | Китай | | | Импортер/Продавец: | ООО ""ТД Комплект"", РБ, г.Минск, ул. Кнорина,д.50,к.302 А | | | Штрихкод: | | 8212107216082 | | | | | Габариты ДxШxВ, см: | 31.2 x 7.3 x 28.3 | | | Вес с упаковкой, кг: | 2.328 | | | | | | | | | | | | | | | | | | ECO | Садовая и силовая техника",,https://content.tools.by/images/products/cb-0253109610/V9T/V9T9VJXlih2JKtoV6O2oNWFXMLryH7WK06tKNCMs.jpg,https://tools.by/product/998936
Маховик ECO ST170/180,CSP-HU137/142-006,"54,00","Производитель: | ECO GROUP HONG KONG LIMITED, UNIT 617, 6/F, 131-132 CONNAUGHT ROAD WEST, SOLO WORKSHOPS, HONG KONG | | | Назначение: | Запасные части | | | Страна изготовления: | Китай | | | Импортер/Продавец: | ООО ""ТД Комплект"", РБ, г.Минск, ул. Кнорина,д.50,к.302 А | | | Штрихкод: | | 8210803862640 | | | | | Габариты ДxШxВ, см: | 7 x 7 x 5 | | | Вес с упаковкой, кг: | 0.355 | | | | | | | | | | | | | | | | | | ECO | Садовая и силовая техника | | | | | | | | | Описание: | Совместимость: | для бензопил STIHL MS170180 | | | | | Комплектация: | | + маховик - 1шт;",,https://content.tools.by/images/products/ce-0411795200/eDp/eDp5l4CyhpGwIRZHCJB15RNTO4P10W0F1ScMBNKp.jpg,https://tools.by/product/1647835
"Шланг напорный 8 м для очистителя высокого давления ECO
                    (HPW-1723RS, HPW-1720Si)",ECX2010-5,"13,50","Производитель: | ECO GROUP HONG KONG LIMITED, UNIT 617, 6/F, 131-132 CONNAUGHT ROAD WEST, SOLO WORKSHOPS, HONG KONG | | | Назначение: | | | | Страна изготовления: | Китай | | | Импортер/Продавец: | ООО ""ТД Комплект"", РБ, г.Минск, ул. Кнорина,д.50,к.302 А | | | Штрихкод: | | 8212107216570 | | | | | Габариты ДxШxВ, см: | 24 x 26 x 6 | | | Вес с упаковкой, кг: | 0.802 | | | | | | | | | | | | | | | | | | ECO | Садовая и силовая техника | | | | | | | | | Описание: | Напорный шланг для очистителей высокого давления. | Номинальная длина 8 м.",,https://content.tools.by/images/products/cv-0038103870/e38/e38i48b65vFlZ9CY91weMDVxvW3lnC3Gmyb0eXyj.jpg,https://tools.by/product/1024523
Коленвал ECO ST230/250,CSP-017,"6,88","Производитель: | ECO GROUP HONG KONG LIMITED, UNIT 617, 6/F, 131-132 CONNAUGHT ROAD WEST, SOLO WORKSHOPS, HONG KONG | | | Назначение: | Запасные части | | | Страна изготовления: | Китай | | | Импортер/Продавец: | ООО ""ТД Комплект"", РБ, г.Минск, ул. Кнорина,д.50,к.302 А | | | Штрихкод: | | 8210803862619 | | | | | Габариты ДxШxВ, см: | 15 x 10 x 10 | | | Вес с упаковкой, кг: | 0.383 | | | | | | | | | | | | | | | | | | ECO | Садовая и силовая техника | | | | | | | | | Описание: | Совместимость: | для бензопил STIHL MS230250 | | | | | Комплектация: | | + коленвал - 1шт;",,https://content.tools.by/images/products/ce-0888422400/UEv/UEvhkaYidL52MWCBKALYRzFde6DPQpgE6klVcpqF.jpg,https://tools.by/product/1647838
"Газонокосилка бензиновая ECO LG-434 самоходная
                    (3.5 л.с., шир. 42 см, самоходная, мульчир., стальн. корпус, травосборник 45 л)",EC3410-1,"810,00","Преимущества: | | ■ Самоходная с отключаемым приводом | ■ Бензиновый двигатель 3.5 л.с. MX135 | ■ Стальная дека | ■ Централизованная установка высоты (7 уровней) | ■ Ширина кошения 42 см | ■ Функция мульчирования (нож специальной формы и заглушка в комплекте) | ■ Задний выброс | ■ Мягкий травосборник 45 л с жестким пластиковым верхом | ■ Колеса оснащены подшипниками для более комфортного перемещения | ■ Индикатор заполненного контейнера | | | | | | | | | | | Файлы | | | | | | | | | Производитель: | ECO GROUP HONG KONG LIMITED, UNIT 617, 6/F, 131-132 CONNAUGHT ROAD WEST, SOLO WORKSHOPS, HONG KONG | | | Назначение: | Садово-парковое назначение | | | Страна изготовления: | Китай | | | Импортер/Продавец: | ООО ""ТД Комплект"", РБ, г.Минск, ул. Кнорина,д.50,к.302 А | | | Штрихкод: | | 8212107216822 | | | | | Габариты ДxШxВ, см: | 72.5 x 53 x 48 | | | Вес с упаковкой, кг: | 26.3 | | | | | | | | | | | | | | | | | | ECO | Садовая и силовая техника",,https://content.tools.by/images/products/cv-0041448267/NjL/NjLTF0CR7mWVCTwnHJZGnKRHfROEOKc2zfrRDeRA.jpg,https://tools.by/product/1034344?slide=2
"Очиститель высокого давления ECO HPW-2027RSW
                    (2.70 кВт; 200 бар; 560 л/ч; самовсас.; асинхр. мотор с водяным охлажд.; барабан для шланга; щётка)",EC4910-2,"359,00","Преимущества: | | ■ Асинхронный бесщёточный двигатель с водяным охлаждением | ■ Алюминиевый корпус насоса высокого давления; | ■ Режим самовсасывания; | ■ Телескопическая ручка; | ■ Веерные 0°/15°/25°/40° и грязевая форсунки в комплекте; | ■ Вращающаяся щётка в комплекте; | ■ Катушка для хранения высоконапорного шланга; | ■ Фильтр тонкой очистки в комплекте | | | | | | | | | | | Файлы | | | | | | | | | Производитель: | ECO GROUP HONG KONG LIMITED, UNIT 617, 6/F, 131-132 CONNAUGHT ROAD WEST, SOLO WORKSHOPS, HONG KONG | | | Назначение: | | | | Страна изготовления: | Китай | | | Импортер/Продавец: | ООО ""ТД Комплект"", РБ, г.Минск, ул. Кнорина,д.50,к.302 А | | | Штрихкод: | | 6978018615315 | | | | | Габариты ДxШxВ, см: | 41 x 36.5 x 81 | | | Вес с упаковкой, кг: | 21.835 | | | | | | | | | | | | | | | | | | ECO | Садовая и силовая техника | | | | | | | | | Описание: | Очиститель высокого давления предназначен для очистки поверхностей водой под давлением при помощи различных насадок | | | | | Комплектация: | | + Очиститель высокого давления - 1 шт.; | + Моечный пистолет - 1 шт.; | + Шланг высокого давления 8 м - 1 шт.; | + Удлинительная трубка - 1 шт.; | + Веерная фреза - 4 шт.; | + Роторная (грязевая) фреза - 1 шт.; | + Пеногенератор - 1 шт.; | + Моющая щетка - 1 шт.; | + Мини-фильтр тонкой очистки 1/2"" - 1 шт.; | + Адаптер для винтового соединения - 1 шт.; | + Держатель для аксессуаров - 1 шт.; | + Держателя кабеля - 1 шт.; | + Держатель моечного пистолета (верхний) - 1 шт.; | + Держатель моечного пистолета (нижний) - 1 шт.; | + Коннектор HPC 1/2"" - 1 шт.; | + Инструмент для чистки форсунки - 1 шт.; | + Винт 4*16 мм - 4 шт.; | + Руководство по эксплуатации - 1 шт.; | + Упаковка",,https://content.tools.by/images/products/cz-0175747576/Gbe/GbeWqmTNYKJea0sFWvWaoq9F7f7rkXSvKf8yqqz5.jpg,https://tools.by/product/1714589?slide=2
"Краскораспылитель ECO SG-1000 (HVLP, сопло ф 2.5 мм, верх. бак 600 мл)",EC1534-14,"64,80","Преимущества: | | ■ верхний пластиковый бак 600 мл | ■ регулировка подачи материала | ■ сопло 2.5 мм | ■ легкий вес | ■ быстросъемное соединение | | | | | | | | | | | Файлы | | | | | | | | | Производитель: | ECO GROUP HONG KONG LIMITED, UNIT 617, 6/F, 131-132 CONNAUGHT ROAD WEST, SOLO WORKSHOPS, HONG KONG | | | Назначение: | | | | Страна изготовления: | Китай | | | Импортер/Продавец: | ООО ""ТД Комплект"", РБ, г.Минск, ул. Кнорина,д.50,к.302 А | | | Штрихкод: | | 8212107216709 | | | | | Габариты ДxШxВ, см: | 20 x 15 x 11 | | | Вес с упаковкой, кг: | 0.549 | | | | | | | | | | | | | | | | | | ECO | Садовая и силовая техника | | | | | | | | | Описание: | Базовый универсальный краскораспылитель типа HVLP, подойдёт для выполнения широкого ряда бытовых покрасочных работ. | | Достоинства HVLP (High Volume Low Pressure - высокий объем, низкое давление): | - высокая экономия материалов. | - практически отсутствие опыла. | - нет завихрений - нет мусора.",,https://content.tools.by/images/products/cv-0010620720/ASF/ASFyhcky925qbLevEja67UQLovfIFwHDiSvPzRHb.jpg,https://tools.by/product/1027490?slide=2
Карбюратор ECO HU137/142,CSP-014P,"6,19","Производитель: | ECO GROUP HONG KONG LIMITED, UNIT 617, 6/F, 131-132 CONNAUGHT ROAD WEST, SOLO WORKSHOPS, HONG KONG | | | Назначение: | Запасные части | | | Страна изготовления: | Китай | | | Импортер/Продавец: | ООО ""ТД Комплект"", РБ, г.Минск, ул. Кнорина,д.50,к.302 А | | | Штрихкод: | | 8210803862190 | | | | | Габариты ДxШxВ, см: | 20 x 5 x 5 | | | Вес с упаковкой, кг: | 0.128 | | | | | | | | | | | | | | | | | | ECO | Садовая и силовая техника | | | | | | | | | Описание: | Совместимость: | для бензопил Husqvarna 137142 | | | | | Комплектация: | | + карбюратор в сборе - 1шт;",,https://content.tools.by/images/products/ce-0000001280/3ZQ/3ZQcBZ8DHQ1r71y5bDMvxClOu2UviQJeXvPLye0j.jpg,https://tools.by/product/1647879
"Компрессор автомобильный ECO AE-005 Comfort
                    (7,4 В, 40 Вт, 16 л/мин, 4000 мА·ч, 10 Бар, LED дисплей, фонарь, 3 насадки, сумка.)",AC-0913,"56,93","Преимущества: | | ■ Портативный производительный насос | ■ Мощный двигатель со 100% медной обмоткой | ■ Гибкий шланг в защитной оплетке | ■ Цифровой дисплей | ■ Возможность выбора разных единиц измерений | ■ Ёмкий аккумулятор на 4 Ач | ■ Зарядка от Type-C | ■ Четыре предустановленных режима накачки | ■ Встроенный светодиодный фонарь удобен при эксплуатации в темное время суток | ■ Удобная сумка для хранения и транспортировки | | | | | | | | | | | Файлы | | | | | | | | | Производитель: | ECO GROUP HONG KONG LIMITED, UNIT 617, 6/F, 131-132 CONNAUGHT ROAD WEST, SOLO WORKSHOPS, HONG KONG | | | Назначение: | | | | Страна изготовления: | Китай | | | Импортер/Продавец: | ООО ""ТД Комплект"", РБ, г.Минск, ул. Кнорина,д.50,к.302 А | | | Штрихкод: | | 6977125196977 | | | | | Габариты ДxШxВ, см: | 26 x 9.1 x 9 | | | Вес с упаковкой, кг: | 0.61 | | | | | | | | | | | | | | | | | | ECO | Садовая и силовая техника | | | | | | | | | Комплектация: | | + Компрессор; | + Комплект насадок (3 предмета) | + Пневмошланг | + Зарядный кабель USB Type-C / Type-A * | + Руководство по эксплуатации | + Сумка для переноски и хранения. | + | + *зарядное устройство не входит в комплект поставки.",,https://content.tools.by/images/products/cz-0008182020/jKy/jKyQh6NDbotTf7IyYWThSsQQta4wqwqzEUgGWzVI.jpg,https://tools.by/product/1688871
"Фильтр тонкой очистки (большой) для очистителя высокого давления ECO
                    (универсальный)",HPW-X00405,"6,84","Преимущества: | | ■ Фильтрующая способность: 80 µm | ■ Адаптер-переходник для садового шланга/муфты в комплекте | | | | | | | | | | | | | Производитель: | ECO GROUP HONG KONG LIMITED, UNIT 617, 6/F, 131-132 CONNAUGHT ROAD WEST, SOLO WORKSHOPS, HONG KONG | | | Назначение: | | | | Страна изготовления: | Китай | | | Импортер/Продавец: | ООО ""ТД Комплект"", РБ, г.Минск, ул. Кнорина,д.50,к.302 А | | | Штрихкод: | | 6978018613694 | | | | | Габариты ДxШxВ, см: | 22 x 9 x 5.4 | | | Вес с упаковкой, кг: | 0.1 | | | | | | | | | | | | | | | | | | ECO | Садовая и силовая техника | | | | | | | | | Описание: | Фильтр тонкой очистки предназначен для очистки воды на входной магистрали очистителя высокого давления. | Назначение: за счет фильтрующего элемента очищает воду от механических примесей. Подсоединяется ко входному отверстию очистителя высокого давления. | Не предназначен для питьевой воды. | | | | | Комплектация: | | + Фильтр тонкой очистки с установленным адаптером; | + Упаковка.",,https://content.tools.by/images/products/cz-2024018880/X2J/X2JiJl8wyzzIWtMdCR9VWQy2FxHwDJgckcWzE0pd.jpg,https://tools.by/product/1709965
"Мотопомпа бензиновая ECO WP-703C
                    (для слабозагрязненной воды, 4,9 кВт, 700 л/мин, 2"")",EC2012-1,"1 188,00","Файлы | | | | | | | | | Производитель: | ECO GROUP HONG KONG LIMITED, UNIT 617, 6/F, 131-132 CONNAUGHT ROAD WEST, SOLO WORKSHOPS, HONG KONG | | | Назначение: | Для хозяйственных нужд | | | Страна изготовления: | Китай | | | Импортер/Продавец: | ООО ""ТД Комплект"", РБ, г.Минск, ул. Кнорина,д.50,к.302 А | | | Штрихкод: | | 8212107214606 | | | | | Габариты ДxШxВ, см: | 49 x 40 x 41 | | | Вес с упаковкой, кг: | 20.952 | | | | | | | | | | | | | | | | | | ECO | Садовая и силовая техника | | | | | | | | | Описание: | Мотопомпа используется для откачивания и перекачивания воды. Оборудована мощным 4-х тактным двигателем 6,5 л.с. Производительность данной модели составляет 700 л/мин. Прочная металическая рама служит для защиты мотопомпы от повреждений и облегчает её транспортировку. Мотопомпа комплектуется патрубками для присоединения шлангов. | | | | | Комплектация: | | + Мотопомпа – 1 шт. | + Прокладка – 2 шт. | + Фланец всасывающего шланга – 1 шт. | + Фланец напорного шланга – 1 шт. | + Гайка фланца – 2 шт. | + Хомут – 3 шт. | + Фильтр грубой очистки – 1 шт. | + Свечной ключ – 1 шт. | + Упаковка – 1 шт. | + Руководство по эксплуатации – 1 шт.",,https://content.tools.by/images/products/cb-0009761556/d6r/d6robil43HvhpltDgnFqrtLenve6olCjXpXG55Zn.jpg,https://tools.by/product/992679
"Камера для колеса тачки 3.50-6""",WB-P003,"7,00","Производитель: | ECO GROUP HONG KONG LIMITED, UNIT 617, 6/F, 131-132 CONNAUGHT ROAD WEST, SOLO WORKSHOPS, HONG KONG | | | Назначение: | Садово-парковое назначение | | | Страна изготовления: | Китай | | | Импортер/Продавец: | ООО ""ТД Комплект"", РБ, г.Минск, ул. Кнорина,д.50,к.302 А | | | Штрихкод: | | 6920904821294 | | | | | Габариты ДxШxВ, см: | 20 x 15 x 2 | | | Вес с упаковкой, кг: | 0.26 | | | | | | | | | | | | | | | | | | ECO | Садовая и силовая техника | | | | | | | | | Описание: | Универсальный размер 3.0\3.50\4.0 - 6"" | Подходит к тачкам: | WB4024-1; WB140-1; WB141-1",,https://content.tools.by/images/products/cb-3112136000/sjy/sjymueHg9NmEVh7FTDaLHVJITC4VfytRgYEXnmnC.jpg,https://tools.by/product/914280
"Компрессор ECO AE-1003-B70 ременной
                    (580 л/мин, 8 атм, ременной, масляный, ресив. 100 л, 230 В, 3.00 кВт)",HD-A203,"3 301,20","Преимущества: | | ■ W-образное расположение поршней способствует улучшенному охлаждению | ■ Увеличенный масляный картер, для лучшей смазки и отвода тепла от поршневой группы | ■ Цилиндры выполнены из высококачественного чугуна | ■ Лопасти на маховике охлаждают гильзы цилиндров и масляный картер | ■ Работа от однофазной сети электропитания | ■ Тепловая защита двигателя | ■ Регулятор давления на выходе | ■ Два манометра | ■ 2 выхода (быстросъем и кран со штуцером елочка) | ■ Чугунный коллектор и латунный обратный клапан | ■ Защитная решетка ременного привода | | | | | | | | | | | Файлы | | | | | | | | | Производитель: | ECO GROUP HONG KONG LIMITED, UNIT 617, 6/F, 131-132 CONNAUGHT ROAD WEST, SOLO WORKSHOPS, HONG KONG | | | Назначение: | Для компрессии воздуха | | | Страна изготовления: | Китай | | | Импортер/Продавец: | ООО ""ТД Комплект"", РБ, г.Минск, ул. Кнорина,д.50,к.302 А | | | Штрихкод: | | 6976215880284 | | | | | Габариты ДxШxВ, см: | 120.7 x 49 x 88.3 | | | Вес с упаковкой, кг: | 102 | | | | | | | | | | | | | | | | | | ECO | Садовая и силовая техника | | | | | | | | | Описание: | ВНИМАНИЕ! | Уровень масла должен быть на уровне верхней кромки красной точки контрольного глазка! | | Компрессор поставляется с компрессорным маслом необходимого объема для стартового запуска компрессора. Масло может быть заправлено в картер компрессорной головы компрессора, либо перелито в отдельную герметичную емкость для целей транспортировки во избежание утечки из картера в зависимости от условий транспортировки изделия. | | В картере могут находиться остатки масла. Это связано с тем, что 100% устройств запускается на производстве после сборки для проверки на работоспособность. | | | | | Комплектация: | | + Компрессор; | + Фильтр воздушный (3 шт); | + Колесо транспортировочное (4 шт); | + Комплект крепежа; | + Ёмкость с маслом; | + Сапун; | + Руководство по эксплуатации; | + Коробка;",,https://content.tools.by/images/products/ce-3119415617/kLq/kLqCiHTy76V4zff7uLZPu2l4kAt60NhO3PzDk840.jpg,https://tools.by/product/1656292
"Фильтр воздушный ECO с регулятором давления и маслораспылителем (1/2"")",EC3923-5,"26,00","Файлы | | | | | | | | | Производитель: | ECO GROUP HONG KONG LIMITED. UNIT 617, 6/F, 131-132 CONNAUGHT ROAD WEST, SOLO WORKSHOPS, HONG KONG, CHINA | | | Назначение: | Для обеспечения шланговых соединений | | | Страна изготовления: | Китай | | | Импортер/Продавец: | ООО ""ТД Комплект"", РБ, г.Минск, ул. Кнорина,д.50,к.302 А | | | Штрихкод: | | 6921501776130 | | | | | Габариты ДxШxВ, см: | 16.5 x 7.8 x 23.5 | | | Вес с упаковкой, кг: | 1.026 | | | | | | | | | | | | | | | | | | ECO | Садовая и силовая техника | | | | | | | | | Описание: | Выполняемые функции: | 1) Регулировка давления воздуха; | 2) Масло- влагоотделение; | 3) Лубрикация (распыление) масла для смазки пневмоинструмента;",,https://content.tools.by/images/products/cb-6790598019/zHj/zHjbZYATV9LZma4pNhesqzygudplzDXovOz7c8wW.jpg,https://tools.by/product/915872
"Фильтр воздушный для газонокосилки ECX2012-0 ECO
                    (в блистере; для LG-620, LG-633, LG-734, LG-735, LG-745 E, LG-820)",ECX2011-9,"12,20","Производитель: | ECO GROUP HONG KONG LIMITED, UNIT 617, 6/F, 131-132 CONNAUGHT ROAD WEST, SOLO WORKSHOPS, HONG KONG | | | Назначение: | | | | Страна изготовления: | Китай | | | Импортер/Продавец: | ООО ""ТД Комплект"", РБ, г.Минск, ул. Кнорина,д.50,к.302 А | | | Штрихкод: | | 6977125199664 | | | | | Габариты ДxШxВ, см: | 1 x 1 x 1 | | | Вес с упаковкой, кг: | 0.08 | | | | | | | | | | | | | | | | | | ECO | Садовая и силовая техника | | | | | | | | | Описание: | Сменный фильтр для колесных газонокосилок ECO. | Упакован в блистер с подвесом.",,https://content.tools.by/images/products/cz-0090215328/V8N/V8NYVLJDp6o6KykNZ7Sh0kuABtyL42lb7Qzn8vFM.jpg,https://tools.by/product/1703173
"Компрессор ECO AE-1003-B70 ременной
                    (580 л/мин, 8 атм, ременной, масляный, ресив. 100 л, 230 В, 3.00 кВт)",DG2720-2,"1 062,00","Преимущества: | | ■ W-образное расположение поршней способствует улучшенному охлаждению | ■ Увеличенный масляный картер, для лучшей смазки и отвода тепла от поршневой группы | ■ Цилиндры выполнены из высококачественного чугуна | ■ Лопасти на маховике охлаждают гильзы цилиндров и масляный картер | ■ Работа от однофазной сети электропитания | ■ Тепловая защита двигателя | ■ Регулятор давления на выходе | ■ Два манометра | ■ 2 выхода (быстросъем и кран со штуцером елочка) | ■ Чугунный коллектор и латунный обратный клапан | ■ Защитная решетка ременного привода | | | | | | | | | | | Файлы | | | | | | | | | Производитель: | ECO GROUP HONG KONG LIMITED, UNIT 617, 6/F, 131-132 CONNAUGHT ROAD WEST, SOLO WORKSHOPS, HONG KONG | | | Назначение: | Для компрессии воздуха | | | Страна изготовления: | Китай | | | Импортер/Продавец: | ООО ""ТД Комплект"", РБ, г.Минск, ул. Кнорина,д.50,к.302 А | | | Штрихкод: | | 6976215880284 | | | | | Габариты ДxШxВ, см: | 120.7 x 49 x 88.3 | | | Вес с упаковкой, кг: | 102 | | | | | | | | | | | | | | | | | | ECO | Садовая и силовая техника | | | | | | | | | Описание: | ВНИМАНИЕ! | Уровень масла должен быть на уровне верхней кромки красной точки контрольного глазка! | | Компрессор поставляется с компрессорным маслом необходимого объема для стартового запуска компрессора. Масло может быть заправлено в картер компрессорной головы компрессора, либо перелито в отдельную герметичную емкость для целей транспортировки во избежание утечки из картера в зависимости от условий транспортировки изделия. | | В картере могут находиться остатки масла. Это связано с тем, что 100% устройств запускается на производстве после сборки для проверки на работоспособность. | | | | | Комплектация: | | + Компрессор; | + Фильтр воздушный (3 шт); | + Колесо транспортировочное (4 шт); | + Комплект крепежа; | + Ёмкость с маслом; | + Сапун; | + Руководство по эксплуатации; | + Коробка;",,https://content.tools.by/images/products/ce-3119415617/kLq/kLqCiHTy76V4zff7uLZPu2l4kAt60NhO3PzDk840.jpg,https://tools.by/product/1656292?slide=2
"Газонокосилка бензиновая ECO LG-633 самоходная
                    (5.0 л.с., шир. 46 см, самоходная, мульчир., стальн. корпус, травосборник 60 л)",LG-533,"739,00","Преимущества: | | ■ Самоходная с отключаемым приводом | ■ Бензиновый двигатель 5.0 л.с. ECO MX160 | ■ Стальная дека | ■ Централизованная установка высоты (7 уровней) | ■ Ширина кошения 46 см | ■ Функция мульчирования (нож специальной формы и заглушка в комплекте) | ■ Боковой выброс | ■ Задний выброс | ■ Большие колеса 7""/10"" с подшипниками | ■ Мягкий травосборник 60 л с жестким пластиковым верхом | ■ Индикатор заполненного контейнера | ■ Штуцер для подключения воды для очистки деки | | | | | | | | | | | Файлы | | | | | | | | | Производитель: | ECO GROUP HONG KONG LIMITED, UNIT 617, 6/F, 131-132 CONNAUGHT ROAD WEST, SOLO WORKSHOPS, HONG KONG | | | Назначение: | Садово-парковое назначение | | | Страна изготовления: | Китай | | | Импортер/Продавец: | ООО ""ТД Комплект"", РБ, г.Минск, ул. Кнорина,д.50,к.302 А | | | Штрихкод: | | 8212107214880 | | | | | Габариты ДxШxВ, см: | 82 x 55.5 x 50 | | | Вес с упаковкой, кг: | 35 | | | | | | | | | | | | | | | | | | ECO | Садовая и силовая техника",,https://content.tools.by/images/products/cb-1165017050/lVj/lVj6tq9Vx3BY8wyzncxkm5Qby7AryIT8u6yuBfkS.jpg,https://tools.by/product/997729?slide=2
"Насос погружной 3-в-1 ECO DP-606i
                    (600 Вт, 11000 л/ч, 5,8 м)",DI-903,"245,00","Преимущества: | | ■ Насос 3-в-1: перекачивает загрязненную воду, чистую воду, а также откачивает воду до минимального уровня | ■ Асинхронный двигатель с защитой от перегрузок | ■ Автоматическое включениевыключение с помощью поплавкового выключателя | ■ Лопасти крыльчатки из технополимера специально разработаны для работы с загрязненной водой | ■ Универсальный соединительный штуцер | ■ Удобная ручка для простоты погружения и поднятия насоса | | | | | | | | | | | Файлы | | | | | | | | | Производитель: | ECO GROUP HONG KONG LIMITED, UNIT 617, 6/F, 131-132 CONNAUGHT ROAD WEST, SOLO WORKSHOPS, HONG KONG | | | Назначение: | Для хозяйственных нужд | | | Страна изготовления: | Китай | | | Импортер/Продавец: | ООО ""ТД Комплект"", РБ, г.Минск, ул. Кнорина,д.50,к.302 А | | | Штрихкод: | | 6976215883605 | | | | | Габариты ДxШxВ, см: | 20.3 x 20.3 x 36 | | | Вес с упаковкой, кг: | 4.35 | | | | | | | | | | | | | | | | | | ECO | Садовая и силовая техника | | | | | | | | | Описание: | Многофункциональный погружной насос с возможностью установки сменных насадок, позволяющих использовать его в различных ситуациях. | | Использование насоса без насадок: насос откачивает воду до минимального уровня в 1 мм, режим предназначен для откачивания чистой воды из затопленных жилых и производственных помещений. | | Насадка для чистой воды: для откачивания чистой воды из небольших бассейнов, бочек. | | Насадка для загрязненной воды: для откачивания загрязненной воды из резервуаров, котлованов или подвалов. | | | | | Комплектация: | | + Насос 3-в-1; | + Универсальный соединительный штуцер с угловым коленом; | + Насадкой для перекачивания чистой воды; | + Насадкой для перекачивания загрязненной воды; | + Инструкция по эксплуатации; | + Коробка",,https://content.tools.by/images/products/ce-1616663862/Qpl/QplaLwPZKCb76Ou8QjpL1tpMlT4WCfanp7KMiZz2.jpg,https://tools.by/product/1661041?slide=2
Барабан сцепления ECO ST360,CSP-011,"52,87","Производитель: | ECO GROUP HONG KONG LIMITED, UNIT 617, 6/F, 131-132 CONNAUGHT ROAD WEST, SOLO WORKSHOPS, HONG KONG | | | Назначение: | Запасные части | | | Страна изготовления: | Китай | | | Импортер/Продавец: | ООО ""ТД Комплект"", РБ, г.Минск, ул. Кнорина,д.50,к.302 А | | | Штрихкод: | | 8210803862565 | | | | | Габариты ДxШxВ, см: | 5 x 5 x 3 | | | Вес с упаковкой, кг: | 0.14 | | | | | | | | | | | | | | | | | | ECO | Садовая и силовая техника | | | | | | | | | Описание: | Совместимость: | для бензопил STIHL MS360 | | | | | Комплектация: | | + барабан сцепления - 1шт, игольчатый подшипник - 1шт;",,https://content.tools.by/images/products/ce-4304197632/G1r/G1rGCwVFcml8GQFGiHm77fxuu1iJ8InoOHflIx07.jpg,https://tools.by/product/1647843
Соединение быстросъем. МАМА х елочка 12 мм (латунь) ECO,AB-T-E12,"5,63","Производитель: | ECO GROUP HONG KONG LIMITED, UNIT 617, 6/F, 131-132 CONNAUGHT ROAD WEST, SOLO WORKSHOPS, HONG KONG | | | Назначение: | Запасные части | | | Страна изготовления: | Китай | | | Импортер/Продавец: | ООО ""ТД Комплект"", РБ, г.Минск, ул. Кнорина,д.50,к.302 А | | | Штрихкод: | | 6921501776239 | | | | | Габариты ДxШxВ, см: | 7.2 x 9.1 x 2.6 | | | Вес с упаковкой, кг: | 0.078 | | | | | | | | | | | | | | | | | | ECO | Садовая и силовая техника | | | | | | | | | Описание: | Соединение МАМА Европейского универсального типа (Euro universal type), подходит для быстросъемных соединений ПАПА следующих типов: США тип (USA type), Немецкий тип (Germany type), Орион тип (Orion type), Итальянский тип (Italian type). | Механизм замка - 6-ти шариковый | Латунный корпус исключает возможность появления коррозии. | Упаковка с подвесом.",,https://content.tools.by/images/products/cb-0010264320/NzB/NzBRJhbL7yeHmBLG1xx22dFtFy2VtZa7DlHos23u.jpg,https://tools.by/product/915881
"Станция водоснабжения автоматическая ECO GFW-524
                    (500 Вт, 2200 л/ч, 38 м, 3,8 бар макс, корпус бака сталь, корпус насоса чугун, бак 24л.)",PF1110,"435,06","Преимущества: | | ■ Компактная и надежная система для водоснабжения загородных домов, коттеджей, участков. | ■ Автоматическое управление с помощью реле. | ■ Накопительный бак(гидроаккумулятор) обеспечивает отсутствие скачков давления в водопроводной магистрали. | ■ Асинхронный двигатель с защитой от перегрузок. | ■ Баллон гидроаккумулятора из экологически безопасного EPDM. | ■ Корпус насоса чугун. | ■ Защита от перегрузок. | | | | | | | | | | | Файлы | | | | | | | | | Производитель: | ECO GROUP HONG KONG LIMITED, UNIT 617, 6/F, 131-132 CONNAUGHT ROAD WEST, SOLO WORKSHOPS, HONG KONG | | | Назначение: | | | | Страна изготовления: | Китай | | | Импортер/Продавец: | ООО ""ТД Комплект"", РБ, г.Минск, ул. Кнорина,д.50,к.302 А | | | Штрихкод: | | 6978018615797 | | | | | Габариты ДxШxВ, см: | 29 x 52 x 52 | | | Вес с упаковкой, кг: | 10.8 | | | | | | | | | | | | | | | | | | ECO | Садовая и силовая техника | | | | | | | | | Описание: | Насосная станция предназначена для работы с чистой водой, для ирригации и орошения, для подачи воды к дому или саду. | Подходит для водоснабжения дач, домов и частных домохозяйств из колодцев, скважин и других источников чистой воды с глубины не более 8 метров. | Кроме этого, данная насосная станция может использоваться для повышения давления уже существующих контуров водоснабжения. | | | | | Комплектация: | | + Электронасос с ресивером - 1 шт.; | + Транспортировочная рукоятка - 1 шт.; | + Руководство по эксплуатации - 1 шт.; | + Упаковка - 1 шт.",,https://content.tools.by/images/products/cz-5412451968/JAZ/JAZFkVZFU5YQKYGntEoQnAPVjBVBI1obwvhW1TtL.jpg,https://tools.by/product/1733388?slide=2
Бак топливный в сборе ECO ST38/55,GTP-X018,"33,76","Производитель: | ECO GROUP HONG KONG LIMITED, UNIT 617, 6/F, 131-132 CONNAUGHT ROAD WEST, SOLO WORKSHOPS, HONG KONG | | | Назначение: | Запасные части | | | Страна изготовления: | Китай | | | Импортер/Продавец: | ООО ""ТД Комплект"", РБ, г.Минск, ул. Кнорина,д.50,к.302 А | | | Штрихкод: | | 8210803863203 | | | | | Габариты ДxШxВ, см: | 12 x 3 x 12 | | | Вес с упаковкой, кг: | 0.19 | | | | | | | | | | | | | | | | | | ECO | Садовая и силовая техника | | | | | | | | | Описание: | Совместимость: | для мотокос STIHL FS3855 | | | | | Комплектация: | | + топливный бак - 1шт;",,https://content.tools.by/images/products/ce-1481489408/zts/ztstpZVnVRLTt2IIzr6JjRhKLsGggJ5j64D5Wl4x.jpg,https://tools.by/product/1647885
"Бур почвенный ф150х800x20мм ECO ED-150
                    (Однозаходный)",ED-102,"79,00","Производитель: | ECO GROUP HONG KONG LIMITED, UNIT 617, 6/F, 131-132 CONNAUGHT ROAD WEST, SOLO WORKSHOPS, HONG KONG | | | Назначение: | Садово-парковое назначение | | | Страна изготовления: | Китай | | | Импортер/Продавец: | ООО ""ТД Комплект"", РБ, г.Минск, ул. Кнорина,д.50,к.302 А | | | Штрихкод: | | 6920904821072 | | | | | Габариты ДxШxВ, см: | 80 x 15.7 x 15 | | | Вес с упаковкой, кг: | 2.63 | | | | | | | | | | | | | | | | | | ECO | Садовая и силовая техника",,https://content.tools.by/images/products/cb-0546001920/xLX/xLXEyBVNI0RUbYBN1Q8aNuQiYzT1FNQ5FhA4HB75.jpg,https://tools.by/product/924348
"Электростанция (генератор инверторный бензиновый) ECO PE-7000RSI
                    (инверторный 5.5 кВт, 230 В, бак 15.0 л, вес 37 кг)",EC1710-2,"1 944,00","Преимущества: | | ■ Чистое синусоидальное напряжение на выходе | ■ Медная обмотка альтернатора | ■ ECO режим для экономии толива | ■ Низкий уровень шума | ■ Цифровой вольтметр (напряжение, частота тока, счётчик мото-часов) | ■ Защита от низкого уровня масла | ■ Защита от перегрузки | ■ Чугунная гильза, увеличивающая моторесурс двигателя | ■ Компактность и удобство транспортировки. | | | | | | | | | | | Файлы | | | | | | | | | Производитель: | ECO GROUP HONG KONG LIMITED, UNIT 617, 6/F, 131-132 CONNAUGHT ROAD WEST, SOLO WORKSHOPS, HONG KONG | | | Назначение: | Для хозяйственных нужд | | | Страна изготовления: | Китай | | | Импортер/Продавец: | ООО ""ТД Комплект"", РБ, г.Минск, ул. Кнорина,д.50,к.302 А | | | Штрихкод: | | 8210803862060 | | | | | Габариты ДxШxВ, см: | 54 x 44 x 52 | | | Вес с упаковкой, кг: | 37.2 | | | | | | | | | | | | | | | | | | ECO | Садовая и силовая техника | | | | | | | | | Описание: | Инверторный генератор ECO PE-7000RSI предназначен для автономного электроснабжения устройств с высокими требованиями к качеству электрической энергии в условиях отсутствия бытовой электросети. | | Внимание! При подборе электростанции необходимо учитывать пусковые токи устройства-потребителя электроэнергии. | Внимание! Двигатель поставляется без масла! Рекомендуемое моторное масло - 10W-40. | | | | | Комплектация: | | + Электростанция; | + Вилка 16 А, 220 В - 1 шт.; | + Вилка 32 А, 220 В - 1 шт.; | + Комплект проводов с зажимами для АКБ; | + Свечной ключ; | + Руководство по эксплуатации;",,https://content.tools.by/images/products/cd-2654137440/Wkh/WkhniJB4LA2W7qxrirwYD34Jd6qwtfFNEkF9c7Hh.jpg,https://tools.by/product/1635486
"Пневмодрель с реверсом ECO ARD18-11
                    (Быстрозажим.патрон 3/8''-24 UNF, 140 л/мин, 1800 об/мин, дерево/металл: 20/10 мм;)",DTD-1802,"90,00","Преимущества: | | ■ Быстрозажимной патрон | ■ Правое/левое вращение | ■ Алюминиевый корпус | | | | | | | | | | | Файлы | | | | | | | | | Производитель: | ECO GROUP HONG KONG LIMITED, UNIT 617, 6/F, 131-132 CONNAUGHT ROAD WEST, SOLO WORKSHOPS, HONG KONG | | | Назначение: | | | | Страна изготовления: | Китай | | | Импортер/Продавец: | ООО ""ТД Комплект"", РБ, г.Минск, ул. Кнорина,д.50,к.302 А | | | Штрихкод: | | 8213112891974 | | | | | Габариты ДxШxВ, см: | 21 x 16 x 4.8 | | | Вес с упаковкой, кг: | 1.26 | | | | | | | | | | | | | | | | | | ECO | Садовая и силовая техника",,https://content.tools.by/images/products/cg-0059132488/SIE/SIEvrWJe7I2gHGm55qGzvRQ1HI4oehz9w8LoPJgF.jpg,https://tools.by/product/1583256?slide=2
"Удлинитель 500х20мм со шплинтом ECO EX-050
                    (для бура почвенного. Совместимость: ECO GD-52, ECO GD-53, Oleo-mac MTL 51)",ED-100,"65,00","Производитель: | ECO GROUP HONG KONG LIMITED, UNIT 617, 6/F, 131-132 CONNAUGHT ROAD WEST, SOLO WORKSHOPS, HONG KONG | | | Назначение: | Садово-парковое назначение | | | Страна изготовления: | Китай | | | Импортер/Продавец: | ООО ""ТД Комплект"", РБ, г.Минск, ул. Кнорина,д.50,к.302 А | | | Штрихкод: | | 6920904821096 | | | | | Габариты ДxШxВ, см: | 50 x 2 x 2 | | | Вес с упаковкой, кг: | 0.677 | | | | | | | | | | | | | | | | | | ECO | Садовая и силовая техника",,https://content.tools.by/images/products/cb-1397415032/NYI/NYI4QJIDAFmQyBupG26R6535tBuczLYj9HbOOicp.jpg,https://tools.by/product/924352
"Газонокосилка бензиновая ECO LG-810
                    (4.0 л.с., шир. 51 см, ручной привод, мульчир., стальн.корпус, без травосборника)",LG-734,"1 148,40","Преимущества: | | ■ Бензиновый двигатель 4.0 л.с. ECO MX150 | ■ Стальная дека | ■ Централизованная установка высоты (5 уровней) | ■ Ширина кошения 51 см | ■ Функция мульчирования (нож специальной формы) | ■ Боковой выброс | ■ Большие колеса 7""/11"" с подшипниками | | | | | | | | | | | | | Производитель: | ECO GROUP HONG KONG LIMITED, UNIT 617, 6/F, 131-132 CONNAUGHT ROAD WEST, SOLO WORKSHOPS, HONG KONG | | | Назначение: | | | | Страна изготовления: | Китай | | | Импортер/Продавец: | ООО ""ТД Комплект"", РБ, г.Минск, ул. Кнорина,д.50,к.302 А | | | Штрихкод: | | 6976215883179 | | | | | Габариты ДxШxВ, см: | 74 x 58.8 x 38 | | | Вес с упаковкой, кг: | 25.801 | | | | | | | | | | | | | | | | | | ECO | Садовая и силовая техника",,https://content.tools.by/images/products/cz-0724126600/5tZ/5tZHSo1G1UgUjyBwcsRb4T6AhXywES9DfOYT2XXg.jpg,https://tools.by/product/1667022
"Электростанция (генератор бензиновый) ECO PE-3001RS
                    (2.5 кВт, 230 В, бак 15.0 л, вес 36.5 кг)",PE-4001RS,"684,00","Преимущества: | | ■ Блок AVR для стабильного напряжения | ■ Защита от низкого уровня масла | ■ Защита от перегрузки | ■ Чугунная гильза, увеличивающая моторесурс двигателя | ■ Жёсткая рама | ■ Низкий уровень шума | ■ Вольтметр. | | | | | | | | | | | Файлы | | | | | | | | | Производитель: | SKIPFIRE LIMITED. Romanou,2, TLAIS TOWER, 6th floor, flat/Office 601 P.C.1070, Nicosia, Cyprus. Кипр | | | Назначение: | Для хозяйственных нужд | | | Страна изготовления: | Китай | | | Импортер/Продавец: | ООО ""ТД Комплект"", РБ, г.Минск, ул. Кнорина,д.50,к.302 А | | | Штрихкод: | | 6923112893930 | | | | | Габариты ДxШxВ, см: | 62.6 x 45.8 x 44.7 | | | Вес с упаковкой, кг: | 38.4 | | | | | | | | | | | | | | | | | | ECO | Садовая и силовая техника | | | | | | | | | Описание: | Надежная и экономичная переносная электростанция предназначена для питания электроприборов средней и большой мощности, домов, дач, складов, малых предприятий. Блок AVR обеспечивает более стабильное и чистое напряжение на выходе. | Внимание! При подборе электростанции необходимо учитывать пусковые токи устройства-потребителя электроэнергии. Внимание! Двигатель поставляется без масла! Рекомендуемое моторное масло - 10W-40. | | | | | Комплектация: | | + Электростанция; | + Вилка 16 А, 220 В - 2 шт.; | + Комплект проводов с зажимами для АКБ; | + Свечной ключ; | + Руководство по эксплуатации;",,https://content.tools.by/images/products/cb-0004816560/tI7/tI7eU4phkv5i1PUCAIP8nEn8tvni6Qz0Zi0Gakow.jpg,https://tools.by/product/973608?slide=2
"Масло минеральное компрессорное ECO VDL 100, 1 л
                    (класс вязкости по ISO 100)",ASX5011-3,"5,00","Преимущества: | | ■ Масло компрессорное предназначено для использования в поршневых воздушных компрессорах с конечной температурой сжатия до 220 °С. Масло изготавливается на основе минеральных масел высокой степени очистки с добавлением особого набора присадок. Масло устойчиво к окислению при высоких температурах, защищает компрессор от износа, и отложения шлама. Обладает улучшенными пусковыми свойствами при низких температурах. | | | | | | | | | | | | | Производитель: | СП “Сканлинк”, Республика Беларусь, г. Минск, переулок Монтажников 4-й, 5-16 | | | Назначение: | Садово-парковое назначение | | | Страна изготовления: | Беларусь | | | Импортер/Продавец: | | | | Штрихкод: | | 4814519003676 | | | | | Габариты ДxШxВ, см: | 10 x 7.6 x 19.5 | | | Вес с упаковкой, кг: | 0.944 | | | | | | | | | | | | | | | | | | ECO | Садовая и силовая техника",,https://content.tools.by/images/products/cg-0061187490/puF/puFZ4c0NZzxUmaeonm4Ne8s72JNH92lplFh1gAQ8.jpg,https://tools.by/product/1588536
Карбюратор ECO HU236/240,CSP-HU236/240-022,"30,94","Производитель: | ECO GROUP HONG KONG LIMITED, UNIT 617, 6/F, 131-132 CONNAUGHT ROAD WEST, SOLO WORKSHOPS, HONG KONG | | | Назначение: | Запасные части | | | Страна изготовления: | Китай | | | Импортер/Продавец: | ООО ""ТД Комплект"", РБ, г.Минск, ул. Кнорина,д.50,к.302 А | | | Штрихкод: | | 8210803862312 | | | | | Габариты ДxШxВ, см: | 20 x 5 x 5 | | | Вес с упаковкой, кг: | 0.15 | | | | | | | | | | | | | | | | | | ECO | Садовая и силовая техника | | | | | | | | | Описание: | Совместимость: | для бензопил Husqvarna 236/240 | | | | | Комплектация: | | + карбюратор в сборе - 2шт;",,https://content.tools.by/images/products/ce-3867395175/kNs/kNsY5U7U7ToDJCxlOU4VA5uI1ZmMmzCak56Hfpj3.jpg,https://tools.by/product/1647867
"Барабан сцепления CSP-021 ECO
                    (Цепной барабан (звездочка) 3/8"" LP 6 зуб.)",,,"Производитель: | ECO GROUP HONG KONG LIMITED. UNIT 617, 6/F, 131-132 CONNAUGHT ROAD WEST, SOLO WORKSHOPS, HONG KONG | | | Назначение: | Запасные части | | | Страна изготовления: | Китай | | | Импортер/Продавец: | ООО ""ТД Комплект"", РБ, г.Минск, ул. Кнорина,д.50,к.302 А | | | Штрихкод: | | 6920904821591 | | | | | Габариты ДxШxВ, см: | 8 x 8 x 3 | | | Вес с упаковкой, кг: | 0.121 | | | | | | | | | | | | | | | | | | ECO | Садовая и силовая техника | | | | | | | | | Описание: | Совместимость: | | ECO: CSP-150, CSP-151 | Stihl: 017, 0180, 021, 023, 025, MS 170, MS 171, MS 180, MS 181, MS 190T, MS 191T, MS 210, MS 211, MS 230, MS 250 | | | | | Комплектация: | | + Барабан;",,https://content.tools.by/images/products/cb-0465623130/HVi/HViALkFfiHtr2gsxTybRp3J009hA1SW06OZU4iXy.jpg,https://tools.by/product/934765
"Станция водоснабжения автоматическая ECO GFW-524
                    (500 Вт, 2200 л/ч, 38 м, 3,8 бар макс, корпус бака сталь, корпус насоса чугун, бак 24л.)",AP118E001,"185,00","Преимущества: | | ■ Компактная и надежная система для водоснабжения загородных домов, коттеджей, участков. | ■ Автоматическое управление с помощью реле. | ■ Накопительный бак(гидроаккумулятор) обеспечивает отсутствие скачков давления в водопроводной магистрали. | ■ Асинхронный двигатель с защитой от перегрузок. | ■ Баллон гидроаккумулятора из экологически безопасного EPDM. | ■ Корпус насоса чугун. | ■ Защита от перегрузок. | | | | | | | | | | | Файлы | | | | | | | | | Производитель: | ECO GROUP HONG KONG LIMITED, UNIT 617, 6/F, 131-132 CONNAUGHT ROAD WEST, SOLO WORKSHOPS, HONG KONG | | | Назначение: | | | | Страна изготовления: | Китай | | | Импортер/Продавец: | ООО ""ТД Комплект"", РБ, г.Минск, ул. Кнорина,д.50,к.302 А | | | Штрихкод: | | 6978018615797 | | | | | Габариты ДxШxВ, см: | 29 x 52 x 52 | | | Вес с упаковкой, кг: | 10.8 | | | | | | | | | | | | | | | | | | ECO | Садовая и силовая техника | | | | | | | | | Описание: | Насосная станция предназначена для работы с чистой водой, для ирригации и орошения, для подачи воды к дому или саду. | Подходит для водоснабжения дач, домов и частных домохозяйств из колодцев, скважин и других источников чистой воды с глубины не более 8 метров. | Кроме этого, данная насосная станция может использоваться для повышения давления уже существующих контуров водоснабжения. | | | | | Комплектация: | | + Электронасос с ресивером - 1 шт.; | + Транспортировочная рукоятка - 1 шт.; | + Руководство по эксплуатации - 1 шт.; | + Упаковка - 1 шт.",,https://content.tools.by/images/products/cz-5412451968/JAZ/JAZFkVZFU5YQKYGntEoQnAPVjBVBI1obwvhW1TtL.jpg,https://tools.by/product/1719487?slide=2
"Приспособление для штукатурных работ (хоппер-ковш) ECO SGH-01
                    (нанесение строительных смесей; 4 сопла; 4-6 бар; 4 л; 1/2"")",JEAM1437,"42,78","Преимущества: | | ■ Высокая экономия материалов. | ■ Большая емкость бака для материала. | ■ Высокое качество и скорость нанесения материала на поверхности | | | | | | | | | | | Файлы | | | | | | | | | Производитель: | ECO GROUP HONG KONG LIMITED, UNIT 617, 6/F, 131-132 CONNAUGHT ROAD WEST, SOLO WORKSHOPS, HONG KONG | | | Назначение: | Для бытовых ремонтных работ | | | Страна изготовления: | Китай | | | Импортер/Продавец: | ООО ""ТД Комплект"", РБ, г.Минск, ул. Кнорина,д.50,к.302 А | | | Штрихкод: | | 8213112892445 | | | | | Габариты ДxШxВ, см: | 35 x 24 x 19.8 | | | Вес с упаковкой, кг: | 1.98 | | | | | | | | | | | | | | | | | | ECO | Садовая и силовая техника | | | | | | | | | Описание: | Хоппер-ковш предназначен для нанесения строительных смесей (штукатурки, бетона, глины) на поверхность бетонных или железобетонных конструкций под давлением сжатого воздуха, что дает плотное взаимодействие наносимого состава с поверхностью, заполнение трещин, раковин и пор, а также значительно ускоряет нанесение смесей по сравнению с ручным способом. | | ВНИМАНИЕ! НЕ ИСПОЛЬЗУЙТЕ ПРИСПОСОБЛЕНИЕ С ДАВЛЕНИЕМ ВЫШЕ 6 БАР ВО ИЗБЕЖАНИЕ ТРАВМ! | | В комплекте имеется быстросъемный штуцер для удобства подключения к стандартным шлангам, но для достижения максимальной производительности рекомендуется использовать соединение елочка и шланг с внутренним сечением 16 мм. | | | | | Комплектация: | | + 1. Ковш для материала с 4 соплами; | + 2. Контргайка для фиксации ковша; | + 3. Воздушная трубка-ручка; | + 4. Вспомогательная рукоятка (крепится на ковш); | + 5. Курок подачи воздуха с рукояткой; | + 6. Быстросъемный штуцер; | + 7. Комплект крепежа для вспомогательной рукоятки.",,https://content.tools.by/images/products/cd-2298215052/ze9/ze9nMxFgtZ88xJwe5bFj5biy93keKKHqWRiBQg0O.jpg,https://tools.by/product/1625293
"Насос погружной для загрязненной воды ECO DP-753, 750Вт
                    (750 Вт, 13000 л/ч, 9 м)",AP02A08,"1 440,00","Преимущества: | | ■ Асинхронный двигатель с защитой от перегрузок. | ■ Автоматическое включениевыключение при помощи поплавкового выключателя. | ■ Лопасти крыльчатки из технополимера разработаны специально для загрязненной воды. | ■ Клапана деаэрации автоматически развоздушивают полость насоса. | | | | | | | | | | | Файлы | | | | | | | | | Производитель: | ECO GROUP HONG KONG LIMITED, UNIT 617, 6/F, 131-132 CONNAUGHT ROAD WEST, SOLO WORKSHOPS, HONG KONG | | | Назначение: | Для хозяйственных нужд | | | Страна изготовления: | Китай | | | Импортер/Продавец: | ООО ""ТД Комплект"", РБ, г.Минск, ул. Кнорина,д.50,к.302 А | | | Штрихкод: | | 8212107214811 | | | | | Габариты ДxШxВ, см: | 22 x 16 x 34 | | | Вес с упаковкой, кг: | 4.965 | | | | | | | | | | | | | | | | | | ECO | Садовая и силовая техника | | | | | | | | | Описание: | В комплект входит универсальный патрубок с угловым коленом.",,https://content.tools.by/images/products/cb-0141396476/zBk/zBkyIoEmoJ0Ix9220pMJzyVfpc7VfjEwgLvjp4m5.jpg,https://tools.by/product/1011039?slide=2
"Шланг армированный ф 10/16 мм с быстросъемн. соед. ECO (длина 20 м)
                    (толщ.стенки: 3 мм)",AHR-0506,"45,60","Преимущества: | | ■ Шланги оборудованы латунными быстросъемными соединениями ПАПА и МАМА | ■ Материал шланга имеет широкий диапазон рабочих температур благодаря добавлению запатентованных эластомеров | ■ Материал шланга устойчив к воздействию ультрафиолета | | | | | | | | | | | | | Производитель: | ECO GROUP HONG KONG LIMITED. UNIT 617, 6/F, 131-132 CONNAUGHT ROAD WEST, SOLO WORKSHOPS, HONG KONG, CHINA | | | Назначение: | Для бытовых ремонтных работ | | | Страна изготовления: | Китай | | | Импортер/Продавец: | ООО ""ТД Комплект"", РБ, г.Минск, ул. Кнорина,д.50,к.302 А | | | Штрихкод: | | 8212107216440 | | | | | Габариты ДxШxВ, см: | 30 x 30 x 9.5 | | | Вес с упаковкой, кг: | 3.1 | | | | | | | | | | | | | | | | | | ECO | Садовая и силовая техника",,https://content.tools.by/images/products/cv-0542007600/G43/G435GhUXhY5Ao4mXgdNztjqr5k1Lp9LNgjV8TyZB.jpg,https://tools.by/product/1018909
"Колесо полиурет. 4.00-8"" (подшипн. усил. ф35x16 мм, для оси 16x100мм)
                    (Подходит к тачкам: WB301-1)",WB-P082,"4,50","Производитель: | ECO GROUP HONG KONG LIMITED, UNIT 617, 6/F, 131-132 CONNAUGHT ROAD WEST, SOLO WORKSHOPS, HONG KONG | | | Назначение: | | | | Страна изготовления: | Китай | | | Импортер/Продавец: | ООО ""ТД Комплект"", РБ, г.Минск, ул. Кнорина,д.50,к.302 А | | | Штрихкод: | | 6977125197738 | | | | | Габариты ДxШxВ, см: | 34 x 7.2 x 34 | | | Вес с упаковкой, кг: | 2.3 | | | | | | | | | | | | | | | | | | ECO | Садовая и силовая техника",,https://content.tools.by/images/products/cz-0261681574/Qij/Qij0GYAoTwjG96ZsVitUVwuAcPyZ0OYWCvXhUGcc.jpg,https://tools.by/product/1691750
"Барабан сцепления CSP-021 ECO
                    (Цепной барабан (звездочка) 3/8"" LP 6 зуб.)",CSP-ST360-001,"118,80","Производитель: | ECO GROUP HONG KONG LIMITED. UNIT 617, 6/F, 131-132 CONNAUGHT ROAD WEST, SOLO WORKSHOPS, HONG KONG | | | Назначение: | Запасные части | | | Страна изготовления: | Китай | | | Импортер/Продавец: | ООО ""ТД Комплект"", РБ, г.Минск, ул. Кнорина,д.50,к.302 А | | | Штрихкод: | | 6920904821591 | | | | | Габариты ДxШxВ, см: | 8 x 8 x 3 | | | Вес с упаковкой, кг: | 0.121 | | | | | | | | | | | | | | | | | | ECO | Садовая и силовая техника | | | | | | | | | Описание: | Совместимость: | | ECO: CSP-150, CSP-151 | Stihl: 017, 0180, 021, 023, 025, MS 170, MS 171, MS 180, MS 181, MS 190T, MS 191T, MS 210, MS 211, MS 230, MS 250 | | | | | Комплектация: | | + Барабан;",,https://content.tools.by/images/products/cb-0465623130/HVi/HViALkFfiHtr2gsxTybRp3J009hA1SW06OZU4iXy.jpg,https://tools.by/product/929542
"Тачка строительная ECO WB351-2 (130л, 350кг, 2 пневмоколеса 4.00-8)",ТХ,"389,78","Преимущества: | | ■ Стальной оцинкованный кузов | ■ Прочная, усиленная рама | ■ Толщина металла кузова 0,9 мм | ■ Пылезащищённый подшипник | ■ Большие пневматические колеса | | | | | | | | | | | Файлы | | | | | | | | | Производитель: | ECO GROUP HONG KONG LIMITED, UNIT 617, 6/F, 131-132 CONNAUGHT ROAD WEST, SOLO WORKSHOPS, HONG KONG | | | Назначение: | Садово-парковое назначение | | | Страна изготовления: | Китай | | | Импортер/Продавец: | ООО ""ТД Комплект"", РБ, г.Минск, ул. Кнорина,д.50,к.302 А | | | Штрихкод: | | 8213112891257 | | | | | Габариты ДxШxВ, см: | 139 x 62 x 59.5 | | | Вес с упаковкой, кг: | 14.5 | | | | | | | | | | | | | | | | | | ECO | Садовая и силовая техника | | | | | | | | | Описание: | Двухколесная строительная тачка ECO",,https://content.tools.by/images/products/cv-3176236840/18d/18d4knZ794LfT1kI5SO9YmWVdQxcgcuxWCYEcMrP.jpg,https://tools.by/product/1037343
Барабан сцепления ECO ST181/211/250,CSP-ST360-019,"12,60","Производитель: | ECO GROUP HONG KONG LIMITED, UNIT 617, 6/F, 131-132 CONNAUGHT ROAD WEST, SOLO WORKSHOPS, HONG KONG | | | Назначение: | Запасные части | | | Страна изготовления: | Китай | | | Импортер/Продавец: | ООО ""ТД Комплект"", РБ, г.Минск, ул. Кнорина,д.50,к.302 А | | | Штрихкод: | | 8210803862558 | | | | | Габариты ДxШxВ, см: | 5 x 5 x 3 | | | Вес с упаковкой, кг: | 0.12 | | | | | | | | | | | | | | | | | | ECO | Садовая и силовая техника | | | | | | | | | Описание: | Совместимость: | для бензопил STIHL MS181/211/250 | | | | | Комплектация: | | + барабан сцепления - 1шт, игольчатый подшипник - 1шт;",,https://content.tools.by/images/products/ce-1869925958/3KG/3KGBwNavHw89YQ3WvQrdG7enZvSJUqDE5CMFKu02.jpg,https://tools.by/product/1647844
"Тачка строительная ECO WB201-2 (90л, 200кг, 2 пневмоколеса 3.25-8)",ТССР-1,"257,89","Преимущества: | | ■ Стальной оцинкованный кузов | ■ Прочная рама | ■ Толщина металла кузова 0,7 мм | ■ Пылезащищённый подшипник | ■ Пневматические колеса. | | | | | | | | | | | Файлы | | | | | | | | | Производитель: | ECO GROUP HONG KONG LIMITED, UNIT 617, 6/F, 131-132 CONNAUGHT ROAD WEST, SOLO WORKSHOPS, HONG KONG | | | Назначение: | Садово-парковое назначение | | | Страна изготовления: | Китай | | | Импортер/Продавец: | ООО ""ТД Комплект"", РБ, г.Минск, ул. Кнорина,д.50,к.302 А | | | Штрихкод: | | 6976215883223 | | | | | Габариты ДxШxВ, см: | 139 x 62 x 59.5 | | | Вес с упаковкой, кг: | 11.7 | | | | | | | | | | | | | | | | | | ECO | Садовая и силовая техника | | | | | | | | | Описание: | Двухколесная строительная тачка ECO",,https://content.tools.by/images/products/ce-0426458907/ZZY/ZZYHfb28Nueo51PK9u0doE5riWvgbAvx259uCfa3.jpg,https://tools.by/product/1659601?slide=2
"Грязевая фреза для очистителя высокого давления ECO (18250001)
                    (HPW-1419, HPW-1521S, HPW-1723RS, HPW-1720Si; HPW-1825RSE, HPW-1770, HPW-1860RSD)",ECX2010-3,"12,00","Производитель: | SKIPFIRE LIMITED. Romanou,2, TLAIS TOWER, 6th floor, flat/Office 601 P.C.1070, Nicosia, Cyprus. Кипр | | | Назначение: | | | | Страна изготовления: | Китай | | | Импортер/Продавец: | ООО ""ТД Комплект"", РБ, г.Минск, ул. Кнорина,д.50,к.302 А | | | Штрихкод: | | 6923112894012 | | | | | Габариты ДxШxВ, см: | 10 x 4 x 4 | | | Вес с упаковкой, кг: | 0.107 | | | | | | | | | | | | | | | | | | ECO | Садовая и силовая техника",,https://content.tools.by/images/products/cb-0038769368/YD0/YD04nfCmGkdyQuoljDYga8tWADiGOJwg4E73qSGW.jpg,https://tools.by/product/983946
"Очиститель высокого давления ECO HPW-1825RSE
                    (2.50 кВт, 180 бар, 520 л/ч, режимы Soft / Medium / Hard; самовсасывание; барабан д/шланга с подключ.)",EC4910-1,"269,00","Преимущества: | | ■ Регулировка мощности (3 режима: Soft, Medium, Hard) | ■ Мощный двигатель и производительная помпа | ■ Режим самовсасывания | ■ Катушка для хранения высоконапорного шланга, который также позволяет использовать мойку не полностью разматывая шланг | ■ Вращающаяся щетка для механической очистки колесных дисков | ■ Фильтр тонкой очистки в комплекте | | | | | | | | | | | Файлы | | | | | | | | | Производитель: | ECO GROUP HONG KONG LIMITED, UNIT 617, 6/F, 131-132 CONNAUGHT ROAD WEST, SOLO WORKSHOPS, HONG KONG | | | Назначение: | Для удаления загрязнений | | | Страна изготовления: | Китай | | | Импортер/Продавец: | ООО ""ТД Комплект"", РБ, г.Минск, ул. Кнорина,д.50,к.302 А | | | Штрихкод: | | 8212107214330 | | | | | Габариты ДxШxВ, см: | 38 x 30 x 57 | | | Вес с упаковкой, кг: | 11.34 | | | | | | | | | | | | | | | | | | ECO | Садовая и силовая техника | | | | | | | | | Описание: | Уникальная запатентованная технология WPS - 3 режима работы электродвигателя: | Soft - 50% мощности для мойки садовой мебели, деревянных поверхностей, велосипедов и т.п.; | Medium - 75% мощности для мойки автомобилей, прицепов и т.п.; | Hard - 100% мощности для мойки стойких загрязнений, стен, шифера, садовых инструментов. | Технология позволяет снизить нагрузку на двигатель и помпу, увеличив ресурс, а также обеспечить экономию воды и электричества. | | | | | Комплектация: | | + Очиститель высокого давления - 1 шт.; | + Шланг высоконапорный 8 м - 1 шт.; | + Пистолет - 1 шт.; | + Удлинительная насадка - 1 шт.; | + Грязевая фреза - 1 шт.; | + Плоская фреза - 1 шт.; | + ECO-фреза для экономии воды - 1 шт.; | + Пеногенератор - 1 шт.; | + Щетка вращающаяся - 1 шт.; | + Фильтр тонкой очистки - 1 шт.; | + Руководство по эксплуатации - 1 шт.; | + Упаковка",,https://content.tools.by/images/products/cb-0186287880/Xsv/XsvCjusuOodBQZY4tyIMrpUXGzfjCJDWNJXQ4SCQ.jpg,https://tools.by/product/971818?slide=2
"Электростанция (генератор бензиновый) ECO PE-7001RS (""Black Edition"")
                    (5.5 кВт, 230 В, бак 25.0 л, вес 72.2 кг)",EC1563-9,"1 656,00","Преимущества: | | ■ Блок AVR для стабильного напряжения | ■ Медная обмотка альтернатора | ■ Силовая розетка на 5,5 кВт | ■ Стандартная розетка на 2,1 кВт | ■ Защита от низкого уровня масла | ■ Защита от перегрузки | ■ Индикатор уровня топлива | ■ Цифровой индикатор 3-в-1: вольтметр, частотометр, счетчик моточасов | ■ Чугунная гильза, увеличивающая моторесурс двигателя | ■ Жёсткая рама | ■ Низкий уровень шума | | | | | | | | | | | Файлы | | | | | | | | | Производитель: | ECO GROUP HONG KONG LIMITED, UNIT 617, 6/F, 131-132 CONNAUGHT ROAD WEST, SOLO WORKSHOPS, HONG KONG | | | Назначение: | Для хозяйственных нужд | | | Страна изготовления: | Китай | | | Импортер/Продавец: | ООО ""ТД Комплект"", РБ, г.Минск, ул. Кнорина,д.50,к.302 А | | | Штрихкод: | | 8210803863227 | | | | | Габариты ДxШxВ, см: | 69 x 50 x 54.5 | | | Вес с упаковкой, кг: | 74.2 | | | | | | | | | | | | | | | | | | ECO | Садовая и силовая техника | | | | | | | | | Описание: | Мощная и надежная электростанция предназначена для питания электроприборов средней и большой мощности, домов, дач, складов, малых предприятий. | Блок AVR обеспечивает более стабильное и чистое напряжение на выходе. | | Внимание! При подборе электростанции необходимо учитывать пусковые токи устройства-потребителя электроэнергии. | Внимание! Двигатель поставляется без масла! Рекомендуемое моторное масло - 10W-40. | | | | | Комплектация: | | + Электростанция; | + Вилка 16А, 220В; | + Вилка РРЕ 32А 220В; | + Комплект проводов с зажимами для АКБ; | + Свечной ключ; | + Руководство по эксплуатации;",,https://content.tools.by/images/products/cd-0259655625/aeN/aeNQdjUElbfR78AmXch0bMezf5MLSu8CcqmwrQGP.jpg,https://tools.by/product/1637671
"Краскораспылитель ECO SG-3000L (сопло ф 1.4 мм)
                    (LVLP, сопло ф 1.4 мм, верх. бак 600 мл)",827plastic filter for cup,"1,84","Преимущества: | | ■ верхний пластиковый бачок 600 мл | ■ регулировка формы факела | ■ регулировка подачи материала | ■ регулировка подачи воздуха | ■ резьбовое 1/4"" быстросъемное соединение | ■ | ■ Применение: | ■ Нанесение базовых эмалей, акриловых эмалей и прозрачных лаков, жидких первичных грунтов. | | | | | | | | | | | Файлы | | | | | | | | | Производитель: | ECO GROUP HONG KONG LIMITED, UNIT 617, 6/F, 131-132 CONNAUGHT ROAD WEST, SOLO WORKSHOPS, HONG KONG | | | Назначение: | | | | Страна изготовления: | Китай | | | Импортер/Продавец: | ООО ""ТД Комплект"", РБ, г.Минск, ул. Кнорина,д.50,к.302 А | | | Штрихкод: | | 8213112892353 | | | | | Габариты ДxШxВ, см: | 22.5 x 14.5 x 12.5 | | | Вес с упаковкой, кг: | 0.897 | | | | | | | | | | | | | | | | | | ECO | Садовая и силовая техника | | | | | | | | | Описание: | Достоинства LVLP (Low Volume Low Pressure - низкий объём, низкое давление): | - низкое потребление воздуха; | - высокий перенос материалов на окрашиваемую поверхность; | - низкая чувствительность к перепадам давления.",,https://content.tools.by/images/products/cd-0798536875/5mp/5mpJpVjVWox84GHmdX2t3JYyOlTgRvcw0l3sVyJr.jpg,https://tools.by/product/1624501
Пистолет для антикоррозионных покрытий  SG-35C14  ECO со шлангом,TIG-2,"29,03","Файлы | | | | | | | | | Производитель: | ECO GROUP HONG KONG LIMITED. UNIT 617, 6/F, 131-132 CONNAUGHT ROAD WEST, SOLO WORKSHOPS, HONG KONG, CHINA | | | Назначение: | Для бытовых ремонтных работ | | | Страна изготовления: | Китай | | | Импортер/Продавец: | ООО ""ТД Комплект"", РБ, г.Минск, ул. Кнорина,д.50,к.302 А | | | Штрихкод: | | 6921501771166 | | | | | Габариты ДxШxВ, см: | 27.5 x 21.5 x 5 | | | Вес с упаковкой, кг: | 0.46 | | | | | | | | | | | | | | | | | | ECO | Садовая и силовая техника | | | | | | | | | Описание: | Встроенный регулятор давления.",,https://content.tools.by/images/products/cb-9309457513/eiW/eiWSnzNdEaP5fp4lviUYNoUHZYjMFjWhpDfZQOKa.jpg,https://tools.by/product/928476?slide=2
"Шланг армированный ф 8/14 мм с быстросъемн. соед. ECO (длина  5 м)
                    (толщ.стенки: 3 мм)",AHU-0580,"30,60","Преимущества: | | ■ Шланги оборудованы латунными быстросъемными соединениями ПАПА и МАМА | ■ Материал шланга имеет широкий диапазон рабочих температур благодаря добавлению запатентованных эластомеров | ■ Материал шланга устойчив к воздействию ультрафиолета | | | | | | | | | | | | | Производитель: | ECO GROUP HONG KONG LIMITED, UNIT 617, 6/F, 131-132 CONNAUGHT ROAD WEST, SOLO WORKSHOPS, HONG KONG | | | Назначение: | | | | Страна изготовления: | Китай | | | Импортер/Продавец: | ООО ""ТД Комплект"", РБ, г.Минск, ул. Кнорина,д.50,к.302 А | | | Штрихкод: | | 8213112891608 | | | | | Габариты ДxШxВ, см: | 25 x 25 x 3.5 | | | Вес с упаковкой, кг: | 0.86 | | | | | | | | | | | | | | | | | | ECO | Садовая и силовая техника",,https://content.tools.by/images/products/cv-0676520100/OmM/OmMAZqN5pvIprSXRztvg5Pbox0Ougx51qGJlOdWX.jpg,https://tools.by/product/1552677
"Электростанция (генератор инверторный бензиновый) ECO PE-4000RQi
                    (инверторный, 3.3 кВт, 230 В, бак 4.3 л, вес 24 кг)",PE-9001ES,"1 908,00","Преимущества: | | ■ Компактность и удобство транспортировки. | ■ Низкий уровень шума | ■ Цифровой вольтметр (напряжение, частота тока, счётчик мото-часов) | ■ Чистое синусоидальное напряжение на выходе | ■ Медная обмотка альтернатора | ■ ECO режим для экономии толива | ■ Защита от низкого уровня масла | ■ Защита от перегрузки | ■ Чугунная гильза, увеличивающая моторесурс двигателя | ■ | | | | | | | | | | | Файлы | | | | | | | | | Производитель: | ECO GROUP HONG KONG LIMITED, UNIT 617, 6/F, 131-132 CONNAUGHT ROAD WEST, SOLO WORKSHOPS, HONG KONG | | | Назначение: | | | | Страна изготовления: | Китай | | | Импортер/Продавец: | ООО ""ТД Комплект"", РБ, г.Минск, ул. Кнорина,д.50,к.302 А | | | Штрихкод: | | 6979163403697 | | | | | Габариты ДxШxВ, см: | 54 x 36.2 x 51.7 | | | Вес с упаковкой, кг: | 26.3 | | | | | | | | | | | | | | | | | | ECO | Садовая и силовая техника | | | | | | | | | Описание: | Инверторный генератор ECO PE-4000RQi предназначен для автономного электроснабжения устройств с высокими требованиями к качеству электрической энергии в условиях отсутствия бытовой электросети. | | Внимание! При подборе электростанции необходимо учитывать пусковые токи устройства-потребителя электроэнергии. | Внимание! Двигатель поставляется без масла! Рекомендуемое моторное масло - 10W-40. | | | | | Комплектация: | | + Электростанция; | + Вилка 16 А, 220 В - 2 шт.; | + Свечной ключ; | + Воронка; | + Руководство по эксплуатации;",,https://content.tools.by/images/products/ci-0034003530/wEM/wEMTMRw8p1xvC5ur90WuFicwGSDJJNwbPobXAblp.jpg,https://tools.by/product/1742326
"Шланг армированный внутр. ф 10мм ECO (длина 50м)
                    (толщ.стенки: 3 мм)",AHR-0506,"45,60","Производитель: | ECO GROUP HONG KONG LIMITED. UNIT 617, 6/F, 131-132 CONNAUGHT ROAD WEST, SOLO WORKSHOPS, HONG KONG, CHINA | | | Назначение: | Садово-парковое назначение | | | Страна изготовления: | Китай | | | Импортер/Продавец: | ООО ""ТД Комплект"", РБ, г.Минск, ул. Кнорина,д.50,к.302 А | | | Штрихкод: | | 5291501776456 | | | | | Габариты ДxШxВ, см: | 34.8 x 34.8 x 15 | | | Вес с упаковкой, кг: | 8.2 | | | | | | | | | | | | | | | | | | ECO | Садовая и силовая техника | | | | | | | | | Описание: | Шланг подачи сжатого воздуха",,https://content.tools.by/images/products/cb-0001017814/U5L/U5Lzn5eKOQJO4V16iwYLFQHkLUWJZFfAJ7EAyZ8T.jpg,https://tools.by/product/58048
Пистолет продувочный ECO ABG-101 (100мм),EC1538-1,"133,90","Преимущества: | | ■ металлическое сопло | ■ эргономичная рукоятка | ■ удобный длинный курок-триггер | | | | | | | | | | | Файлы | | | | | | | | | Производитель: | ECO GROUP HONG KONG LIMITED. UNIT 617, 6/F, 131-132 CONNAUGHT ROAD WEST, SOLO WORKSHOPS, HONG KONG, CHINA | | | Назначение: | Для бытовых ремонтных работ | | | Страна изготовления: | Китай | | | Импортер/Продавец: | ООО ""ТД Комплект"", РБ, г.Минск, ул. Кнорина,д.50,к.302 А | | | Штрихкод: | | 6921501776079 | | | | | Габариты ДxШxВ, см: | 24.7 x 13.8 x 2.2 | | | Вес с упаковкой, кг: | 0.14 | | | | | | | | | | | | | | | | | | ECO | Садовая и силовая техника | | | | | | | | | Описание: | Быстросъемное соединение ПАПА входит в комплект поставки.",,https://content.tools.by/images/products/cb-0910776686/pRm/pRm4FmCi4y7z2vkJK8sRiUTXQlOlB0uDLpW5dwgH.jpg,https://tools.by/product/915866
"Цепь 10 см 4"" 1/4"" 1.1 мм 28 зв. 14TA (в блистере) ECO
                    (для мини-пил 4"", 28 звеньев)",K1L-064E(К),"39,30","Производитель: | ECO GROUP HONG KONG LIMITED, UNIT 617, 6/F, 131-132 CONNAUGHT ROAD WEST, SOLO WORKSHOPS, HONG KONG | | | Назначение: | | | | Страна изготовления: | Китай | | | Импортер/Продавец: | ООО ""ТД Комплект"", РБ, г.Минск, ул. Кнорина,д.50,к.302 А | | | Штрихкод: | | 6977125193310 | | | | | Габариты ДxШxВ, см: | 17 x 9 x 2.5 | | | Вес с упаковкой, кг: | 0.068 | | | | | | | | | | | | | | | | | | ECO | Садовая и силовая техника",,https://content.tools.by/images/products/cz-0144360000/oYN/oYNvWiyMblOcNY0blFFWUJXiaIAsdNGNe97duYkA.jpg,https://tools.by/product/1681771
"Наконечник для подкачки шин (резьба 8 мм, латунь) ECO",JEAM1437,"42,78","Производитель: | ECO GROUP HONG KONG LIMITED, UNIT 617, 6/F, 131-132 CONNAUGHT ROAD WEST, SOLO WORKSHOPS, HONG KONG | | | Назначение: | | | | Страна изготовления: | Китай | | | Импортер/Продавец: | ООО ""ТД Комплект"", РБ, г.Минск, ул. Кнорина,д.50,к.302 А | | | Штрихкод: | | 6977125194973 | | | | | Габариты ДxШxВ, см: | 12 x 8.5 x 2.5 | | | Вес с упаковкой, кг: | 0.034 | | | | | | | | | | | | | | | | | | ECO | Садовая и силовая техника | | | | | | | | | Описание: | Наконечник для подкачки шин латунный.",,https://content.tools.by/images/products/cz-1578490859/R08/R08THJ2BTzAsDn73zg7dLfCNOPwLEoqOmfTD6iBu.jpg,https://tools.by/product/1707708
Звездочка ECO HU137/142/236/240,CSP-ST230/250-005,"104,40","Производитель: | ECO GROUP HONG KONG LIMITED, UNIT 617, 6/F, 131-132 CONNAUGHT ROAD WEST, SOLO WORKSHOPS, HONG KONG | | | Назначение: | Запасные части | | | Страна изготовления: | Китай | | | Импортер/Продавец: | ООО ""ТД Комплект"", РБ, г.Минск, ул. Кнорина,д.50,к.302 А | | | Штрихкод: | | 8210803862268 | | | | | Габариты ДxШxВ, см: | 3 x 3 x 2 | | | Вес с упаковкой, кг: | 0.015 | | | | | | | | | | | | | | | | | | ECO | Садовая и силовая техника | | | | | | | | | Описание: | Совместимость: | для бензопил Husqvarna 137142236240 | | | | | Комплектация: | | + звездочка 325-7 - 1шт;",,https://content.tools.by/images/products/ce-4391993894/Zt6/Zt6d3jcSdIDJ60zzGfGXFeUCSYMaGXIHZcwMTWrV.jpg,https://tools.by/product/1647872
"Тачка строительная ECO WB301-1 (130л, 300кг, 1 пневмоколесо 4.00-8)",WB201-2,"169,00","Преимущества: | | ■ Стальной оцинкованный кузов | ■ Прочная, усиленная рама | ■ Толщина металла кузова 0,9 мм | ■ Пылезащищённый подшипник | ■ Большие пневматические колеса | | | | | | | | | | | Файлы | | | | | | | | | Производитель: | ECO GROUP HONG KONG LIMITED, UNIT 617, 6/F, 131-132 CONNAUGHT ROAD WEST, SOLO WORKSHOPS, HONG KONG | | | Назначение: | Садово-парковое назначение | | | Страна изготовления: | Китай | | | Импортер/Продавец: | ООО ""ТД Комплект"", РБ, г.Минск, ул. Кнорина,д.50,к.302 А | | | Штрихкод: | | 8213112891240 | | | | | Вес с упаковкой, кг: | 12.5 | | | | | | | | | | | | | | | | | | ECO | Садовая и силовая техника | | | | | | | | | Описание: | Одноколесная строительная тачка ECO",,https://content.tools.by/images/products/cv-4784748447/8Fm/8Fm14vJTgO8YvdvJWHP16R7ntXgZ58HsNZuAcXEH.jpg,https://tools.by/product/1037342
"Мотопомпа бензиновая ECO WP-1404D
                    (для загрязнённой воды, 5,2 кВт, 1400 л/мин, 3"")",EC2012-1,"1 188,00","Преимущества: | | ■ Максимальная производительность | ■ Способность всасывать частицы диаметром до 30 мм | ■ Торцовое уплотнение вала из карбида кремния, имеющего наибольшую износостойкость | ■ Автоматическое отключение при низком уровне масла | ■ Лёгкая очистка корпуса помпы | ■ Мотопомпа комплектуется металическими патрубками для присоединения шлангов | | | | | | | | | | | Файлы | | | | | | | | | Производитель: | ECO GROUP HONG KONG LIMITED, UNIT 617, 6/F, 131-132 CONNAUGHT ROAD WEST, SOLO WORKSHOPS, HONG KONG | | | Назначение: | Для хозяйственных нужд | | | Страна изготовления: | Китай | | | Импортер/Продавец: | ООО ""ТД Комплект"", РБ, г.Минск, ул. Кнорина,д.50,к.302 А | | | Штрихкод: | | 8212107214620 | | | | | Габариты ДxШxВ, см: | 51 x 40 x 44 | | | Вес с упаковкой, кг: | 35 | | | | | | | | | | | | | | | | | | ECO | Садовая и силовая техника | | | | | | | | | Описание: | Высокопроизводительная помпа для загрязнённой воды. Предназначена для орошения, осушения, полива, пожаротушения, подходит для интенсивной эксплуатации, имеет максимальные рабочие показатели. | | | | | Комплектация: | | + Мотопомпа – 1 шт. | + Прокладка – 2 шт. | + Фланец всасывающего шланга – 1 шт. | + Фланец напорного шланга – 1 шт. | + Гайка фланца – 2 шт. | + Хомут – 3 шт. | + Фильтр грубой очистки – 1 шт. | + Свечной ключ – 1 шт. | + Упаковка – 1 шт. | + Руководство по эксплуатации – 1 шт.",,https://content.tools.by/images/products/cb-0307173264/Tcd/Tcd4CokYBKlrIghjkjCWv1J21yoZOIrfZHq9Z6mn.jpg,https://tools.by/product/992681?slide=2
"Насос погружной 3-в-1 ECO DP-606i
                    (600 Вт, 11000 л/ч, 5,8 м)",DP-601,"137,00","Преимущества: | | ■ Насос 3-в-1: перекачивает загрязненную воду, чистую воду, а также откачивает воду до минимального уровня | ■ Асинхронный двигатель с защитой от перегрузок | ■ Автоматическое включениевыключение с помощью поплавкового выключателя | ■ Лопасти крыльчатки из технополимера специально разработаны для работы с загрязненной водой | ■ Универсальный соединительный штуцер | ■ Удобная ручка для простоты погружения и поднятия насоса | | | | | | | | | | | Файлы | | | | | | | | | Производитель: | ECO GROUP HONG KONG LIMITED, UNIT 617, 6/F, 131-132 CONNAUGHT ROAD WEST, SOLO WORKSHOPS, HONG KONG | | | Назначение: | Для хозяйственных нужд | | | Страна изготовления: | Китай | | | Импортер/Продавец: | ООО ""ТД Комплект"", РБ, г.Минск, ул. Кнорина,д.50,к.302 А | | | Штрихкод: | | 6976215883605 | | | | | Габариты ДxШxВ, см: | 20.3 x 20.3 x 36 | | | Вес с упаковкой, кг: | 4.35 | | | | | | | | | | | | | | | | | | ECO | Садовая и силовая техника | | | | | | | | | Описание: | Многофункциональный погружной насос с возможностью установки сменных насадок, позволяющих использовать его в различных ситуациях. | | Использование насоса без насадок: насос откачивает воду до минимального уровня в 1 мм, режим предназначен для откачивания чистой воды из затопленных жилых и производственных помещений. | | Насадка для чистой воды: для откачивания чистой воды из небольших бассейнов, бочек. | | Насадка для загрязненной воды: для откачивания загрязненной воды из резервуаров, котлованов или подвалов. | | | | | Комплектация: | | + Насос 3-в-1; | + Универсальный соединительный штуцер с угловым коленом; | + Насадкой для перекачивания чистой воды; | + Насадкой для перекачивания загрязненной воды; | + Инструкция по эксплуатации; | + Коробка",,https://content.tools.by/images/products/ce-1616663862/Qpl/QplaLwPZKCb76Ou8QjpL1tpMlT4WCfanp7KMiZz2.jpg,https://tools.by/product/1674343
"Насос погружной 3-в-1 ECO DP-606i
                    (600 Вт, 11000 л/ч, 5,8 м)",AP02A03,"540,00","Преимущества: | | ■ Насос 3-в-1: перекачивает загрязненную воду, чистую воду, а также откачивает воду до минимального уровня | ■ Асинхронный двигатель с защитой от перегрузок | ■ Автоматическое включениевыключение с помощью поплавкового выключателя | ■ Лопасти крыльчатки из технополимера специально разработаны для работы с загрязненной водой | ■ Универсальный соединительный штуцер | ■ Удобная ручка для простоты погружения и поднятия насоса | | | | | | | | | | | Файлы | | | | | | | | | Производитель: | ECO GROUP HONG KONG LIMITED, UNIT 617, 6/F, 131-132 CONNAUGHT ROAD WEST, SOLO WORKSHOPS, HONG KONG | | | Назначение: | Для хозяйственных нужд | | | Страна изготовления: | Китай | | | Импортер/Продавец: | ООО ""ТД Комплект"", РБ, г.Минск, ул. Кнорина,д.50,к.302 А | | | Штрихкод: | | 6976215883605 | | | | | Габариты ДxШxВ, см: | 20.3 x 20.3 x 36 | | | Вес с упаковкой, кг: | 4.35 | | | | | | | | | | | | | | | | | | ECO | Садовая и силовая техника | | | | | | | | | Описание: | Многофункциональный погружной насос с возможностью установки сменных насадок, позволяющих использовать его в различных ситуациях. | | Использование насоса без насадок: насос откачивает воду до минимального уровня в 1 мм, режим предназначен для откачивания чистой воды из затопленных жилых и производственных помещений. | | Насадка для чистой воды: для откачивания чистой воды из небольших бассейнов, бочек. | | Насадка для загрязненной воды: для откачивания загрязненной воды из резервуаров, котлованов или подвалов. | | | | | Комплектация: | | + Насос 3-в-1; | + Универсальный соединительный штуцер с угловым коленом; | + Насадкой для перекачивания чистой воды; | + Насадкой для перекачивания загрязненной воды; | + Инструкция по эксплуатации; | + Коробка",,https://content.tools.by/images/products/ce-1616663862/Qpl/QplaLwPZKCb76Ou8QjpL1tpMlT4WCfanp7KMiZz2.jpg,https://tools.by/product/1661041
"Пневмогайковерт 1/2"" ECO AIW-980S
                    (950/1200 Нм (закр./откр.); 3 ступени крут.мом.; twin hammer; 7500 об/мин; композитн. корпус)",,"292,10","Преимущества: | | ■ Регулировка крутяшего момента | ■ Реверс | ■ Эргономичный дизайн | ■ Корпус из композитного материала с резиновыми накладками на ручке обеспечивает легкую и комфортную работу даже на холоде | ■ Три сменных головки в комплекте (17, 19 и 21 мм) | | | | | | | | | | | Файлы | | | | | | | | | Производитель: | SKIPFIRE LIMITED. Romanou,2, TLAIS TOWER, 6th floor, flat/Office 601 P.C.1070, Nicosia, Cyprus. Кипр | | | Назначение: | Для бытовых ремонтных работ | | | Страна изготовления: | Китай | | | Импортер/Продавец: | ООО ""ТД Комплект"", РБ, г.Минск, ул. Кнорина,д.50,к.302 А | | | Штрихкод: | | 8213112891813 | | | | | Габариты ДxШxВ, см: | 20.7 x 19.2 x 7.5 | | | Вес с упаковкой, кг: | 2.915 | | | | | | | | | | | | | | | | | | ECO | Садовая и силовая техника | | | | | | | | | Комплектация: | | + Пневмогайковерт; | + Сменные головки 12 - 3 шт (17 мм, 19 мм, 21 мм); | + Мини масленка; | + Ключ внутренний для болтов; | + Ниппель;",,https://content.tools.by/images/products/cg-0556718832/c5C/c5Cxqic3WBVtQl4pCSpv15hTIWV3xrfyKNpaIdhX.jpg,https://tools.by/product/1577784?slide=2
Кронштейн крепления рукояток в сборе 28 мм ECO GTP-X031,GTP-ST120/250-022,"43,20","Производитель: | ECO GROUP HONG KONG LIMITED. UNIT 617, 6/F, 131-132 CONNAUGHT ROAD WEST, SOLO WORKSHOPS, HONG KONG | | | Назначение: | Садово-парковое назначение | | | Страна изготовления: | Китай | | | Импортер/Продавец: | ООО ""ТД Комплект"", РБ, г.Минск, ул. Кнорина,д.50,к.302 А | | | Штрихкод: | | 6921210725467 | | | | | Габариты ДxШxВ, см: | 9 x 7 x 5 | | | Вес с упаковкой, кг: | 0.45 | | | | | | | | | | | | | | | | | | ECO | Садовая и силовая техника | | | | | | | | | Описание: | Совместимость: | | Для моделей ECO GTP-145F, GTP-145N, GTP-145R, GTP-185F, GTP-185K, GTP-185N, GTP-185R, GTP-187F, GTP-189F | | Подходит ко многим мотокосам: CRAFTOP, LIDER, NIKKEY, PROKRAFT, MATRIX, WATT, CATMANN, GARDEN LINE, ELAND KASEI, ZIGZAG, DOLFIN, SOLO, GRASSHOPER, EUROTEK, PARK, DEMON, STERN, EXTEL, BIZON, MEGA, PROLAND, DOLMAR, MAGNUM, SKIPER, STURM, ECO и др. | | | | | Комплектация: | | + Кронштейн;",,https://content.tools.by/images/products/cb-2672161434/DRj/DRjuiyhZU2MqBJlr4cB1WXuEFrSkT4VpNyRvTTbo.jpg,https://tools.by/product/995843
"Краскораспылитель ECO SG-9500 с манометром (сопло ф 1.4, 1.7 мм)
                    (HVLP, сопло ф 1.4, 1.7 мм, верх. бак 600 мл, блистер)",SGN-514HLG,"135,35","Преимущества: | | ■ латунная голова распылителя с покрытием | ■ 2 сопла в комплекте | ■ верхний пластиковый бачок 600 мл | ■ регулятор с манометром в комплекте | ■ регулировка формы факела | ■ регулировка подачи материала | ■ регулировка подачи воздуха | ■ резьбовое 1/4"" + быстросъемное соединение. | ■ | ■ Применение: | ■ Нанесение грунтов (сопло 1.7 мм), базовых эмалей, акриловых эмалей и прозрачных лаков, жидких первичных грунтов (сопло 1.4 мм). | | | | | | | | | | | Файлы | | | | | | | | | Производитель: | ECO GROUP HONG KONG LIMITED, UNIT 617, 6/F, 131-132 CONNAUGHT ROAD WEST, SOLO WORKSHOPS, HONG KONG | | | Назначение: | | | | Страна изготовления: | Китай | | | Импортер/Продавец: | ООО ""ТД Комплект"", РБ, г.Минск, ул. Кнорина,д.50,к.302 А | | | Штрихкод: | | 8213112892391 | | | | | Габариты ДxШxВ, см: | 32 x 10 x 33.5 | | | Вес с упаковкой, кг: | 1.15 | | | | | | | | | | | | | | | | | | ECO | Садовая и силовая техника | | | | | | | | | Описание: | Краскораспылитель HVLP 2-в-1 для нанесения грунта и эмали. В комплекте идет 2 сопла - 1.4 и 1.7 мм. Регулятор с манометром в комплекте позволяет настроить работу краскораспылителя максимально точно. | Достоинства HVLP (High Volume Low Pressure - высокий объем, низкое давление): Высокая экономия материалов; практически отсутствие опыла; нет завихрений - нет мусора.",,https://content.tools.by/images/products/cd-0945994000/27O/27OK4y5I2NmjTMeUD7PAUPYOHU6bLrhVLv1Ik792.jpg,https://tools.by/product/1624505?slide=2
Подшипник для тачек ECO ф35x12 мм,WB-P056,"4,50","Производитель: | ECO GROUP HONG KONG LIMITED, UNIT 617, 6/F, 131-132 CONNAUGHT ROAD WEST, SOLO WORKSHOPS, HONG KONG | | | Назначение: | Для хозяйственных нужд | | | Страна изготовления: | Китай | | | Импортер/Продавец: | ООО ""ТД Комплект"", РБ, г.Минск, ул. Кнорина,д.50,к.302 А | | | Штрихкод: | | 8212107214736 | | | | | Габариты ДxШxВ, см: | 3.5 x 3.5 x 1.2 | | | Вес с упаковкой, кг: | 0.048 | | | | | | | | | | | | | | | | | | ECO | Садовая и силовая техника | | | | | | | | | Описание: | Подходит к тачкам: | WB6418-1",,https://content.tools.by/images/products/cb-2237663514/8Ik/8Ik1eaQa4dBVsCEPBC5yTABRbLUskFp8sbvnJgjg.jpg,https://tools.by/product/914296
"Компрессорная голова ECO AEP-75-900
                    (900 л/мин; 7,5 кВт; 10 бар)",AEP-22-380,"385,00","Файлы | | | | | | | | | Производитель: | ECO GROUP HONG KONG LIMITED, UNIT 617, 6/F, 131-132 CONNAUGHT ROAD WEST, SOLO WORKSHOPS, HONG KONG | | | Назначение: | Запасные части | | | Страна изготовления: | Китай | | | Импортер/Продавец: | ООО ""ТД Комплект"", РБ, г.Минск, ул. Кнорина,д.50,к.302 А | | | Штрихкод: | | 8212107214514 | | | | | Габариты ДxШxВ, см: | 64 x 37 x 50 | | | Вес с упаковкой, кг: | 41.2 | | | | | | | | | | | | | | | | | | ECO | Садовая и силовая техника | | | | | | | | | Описание: | Компрессорная голова с ременным приводом. | Шкив на два ремня с профилем B. | Для работы необходим двигатель с мощностью - 7,5 кВт. | | Внимание! В картере могут находиться остатки масла. Это связано с тем, что 100% устройств запускается на производстве после сборки для проверки на работоспособность. | | | | | Комплектация: | | + В комплекте идут три воздушных фильтра.",,https://content.tools.by/images/products/cb-0015035517/DSU/DSUItsiyNPRtYmyeONS2yGYu7QC9g4CCTTLUbLLB.jpg,https://tools.by/product/991164
Ремень д/мотокосы двухплечный ECO GTP-B21,GTP-B27,"43,01","Преимущества: | | ■ Регулировка по росту | ■ Пластиковая набедренная накладка по форме бедра | ■ Плечевые накладки | | | | | | | | | | | | | Производитель: | ECO GROUP HONG KONG LIMITED. UNIT 617, 6/F, 131-132 CONNAUGHT ROAD WEST, SOLO WORKSHOPS, HONG KONG | | | Назначение: | Садово-парковое назначение | | | Страна изготовления: | Китай | | | Импортер/Продавец: | ООО ""ТД Комплект"", РБ, г.Минск, ул. Кнорина,д.50,к.302 А | | | Штрихкод: | | 6923112892247 | | | | | Габариты ДxШxВ, см: | 34 x 24 x 6 | | | Вес с упаковкой, кг: | 0.397 | | | | | | | | | | | | | | | | | | ECO | Садовая и силовая техника | | | | | | | | | Описание: | Особенности: | - Регулировка по росту; | - Пластиковая набедренная накладка по форме бедра; | - Плечевые накладки.",,https://content.tools.by/images/products/cb-6038284575/eOZ/eOZsrMC7xZeJI0OrRzuOmmFcASsencNwrRAibAIg.jpg,https://tools.by/product/939420
"Компрессор автомобильный ECO AE-013-4
                    (12 В, 130 Вт, 35 л/мин, 10 бар (манометр 7 бар), сумка)",AC-0913,"56,93","Преимущества: | | ■ Двигатель со 100% медной обмоткой обеспечивает гарантированно высокий ресурс устройства | ■ Тефлоновый поршень с подшипником | ■ Высококачественный шланг в защитной оплетке | ■ Время накачивания колеса 195/65/R15 до давления 2 бар: 4-5 мин* | ■ Большой манометр градуирован до 7 бар | ■ Резьбовой коннектор с антикороззийным напылением | ■ Антивибрационные резиновые ножки. | ■ | ■ *время указано с запасом, на практике реальное время зависит от размера и степени накачки колеса, температуры и влажности воздуха. | | | | | | | | | | | Файлы | | | | | | | | | Производитель: | ECO GROUP HONG KONG LIMITED. UNIT 617, 6/F, 131-132 CONNAUGHT ROAD WEST, SOLO WORKSHOPS, HONG KONG, CHINA | | | Назначение: | Для компрессии воздуха | | | Страна изготовления: | Китай | | | Импортер/Продавец: | ООО ""ТД Комплект"", РБ, г.Минск, ул. Кнорина,д.50,к.302 А | | | Штрихкод: | | 8213112891295 | | | | | Габариты ДxШxВ, см: | 22 x 13 x 20 | | | Вес с упаковкой, кг: | 1.775 | | | | | | | | | | | | | | | | | | ECO | Садовая и силовая техника | | | | | | | | | Комплектация: | | + Компрессор; | + Чехол для хранения; | + 3 дополнительные насадки для накачивания мячей, матрасов и т.д.; | + Руководство по эксплуатации;",,https://content.tools.by/images/products/cv-0557077605/Y29/Y294JdFkczqhPGr6aqdLV070zHZsUZzkgIXydM4C.jpg,https://tools.by/product/1037277?slide=2
"Пневмошлифмашина эксцентриковая ECO ASP11-125
                    (125 мм / 5""; Эксцентр.: 5 мм; 10 000 об/мин; 180 л/мин)",DTP-1504,"125,00","Преимущества: | | ■ Эргономичный дизайн | ■ Регулировка скорости | | | | | | | | | | | Файлы | | | | | | | | | Производитель: | ECO GROUP HONG KONG LIMITED, UNIT 617, 6/F, 131-132 CONNAUGHT ROAD WEST, SOLO WORKSHOPS, HONG KONG | | | Назначение: | | | | Страна изготовления: | Китай | | | Импортер/Продавец: | ООО ""ТД Комплект"", РБ, г.Минск, ул. Кнорина,д.50,к.302 А | | | Штрихкод: | | 8213112891936 | | | | | Габариты ДxШxВ, см: | 24.5 x 15.5 x 13 | | | Вес с упаковкой, кг: | 1.238 | | | | | | | | | | | | | | | | | | ECO | Садовая и силовая техника | | | | | | | | | Описание: | Комплект поставки: | Пневмошлифмашина; | Ключ; | Инструкция;",,https://content.tools.by/images/products/cg-7571830849/tiE/tiEerhXq8xsCDmygbxoPHCqIHrbLqJf4wD92bNgE.jpg,https://tools.by/product/1583250?slide=2
"Компрессор ECO AE-50-OF1 безмасляный
                    (280 л/мин, 8 атм, коаксиальный, безмасляный, ресив. 50 л, 220 В, 1,6 кВт)",EC2610-1,"1 567,10","Преимущества: | | ■ Для использования не требуется заливка масла | ■ Низкий уровень шума | ■ 4-цилиндровый (2 головы по 2 цилиндра) | ■ Регулятор давления | ■ Электромагнитный клапан | ■ Манометры с металлическим корпусом | ■ -Дополнительная воздушная трубка для уменьшения уровня шума | ■ Воздушный фильтр с бумажным фильтроэлементом | ■ 2 выхода: 1 быстросъем и 1 шаровый кран с елочкой. | | | | | | | | | | | Файлы | | | | | | | | | Производитель: | ECO GROUP HONG KONG LIMITED, UNIT 617, 6/F, 131-132 CONNAUGHT ROAD WEST, SOLO WORKSHOPS, HONG KONG | | | Назначение: | Для компрессии воздуха | | | Страна изготовления: | Китай | | | Импортер/Продавец: | ООО ""ТД Комплект"", РБ, г.Минск, ул. Кнорина,д.50,к.302 А | | | Штрихкод: | | 8213112891554 | | | | | Габариты ДxШxВ, см: | 72.5 x 35.5 x 63 | | | Вес с упаковкой, кг: | 42.082 | | | | | | | | | | | | | | | | | | ECO | Садовая и силовая техника | | | | | | | | | Комплектация: | | + Компрессор; | + Фильтр воздушный (2 шт); | + Воздушная трубка (2 шт); | + Колесо транспортировочное (2 шт); | + Опорная ножка (2 шт); | + Комплект крепежа,",,https://content.tools.by/images/products/cv-0158900688/LDN/LDNDsHMXnEnYLhlTrTgo7lvMWM1mK24VnHIZhEt1.jpg,https://tools.by/product/1054117
"Шина 40 см 16"" 3/8"" 1.6 мм  MULTI SHARP ECO",1912F1-4,"41,08","Производитель: | ECO GROUP HONG KONG LIMITED UNIT 617, 6/F, 131-132 CONNAUGHT ROAD WEST, SOLO WORKSHOPS, HONG KONG | | | Назначение: | Садово-парковое назначение | | | Страна изготовления: | Китай | | | Импортер/Продавец: | ООО ""ТД Комплект"", РБ, г.Минск, ул. Кнорина,д.50,к.302 А | | | Штрихкод: | | 8210803861971 | | | | | Габариты ДxШxВ, см: | 41 x 13 x 1 | | | Вес с упаковкой, кг: | 0.93 | | | | | | | | | | | | | | | | | | ECO | Садовая и силовая техника | | | | | | | | | Описание: | Совместимые пилы: | | STIHL: MS290, MS310, MS311, MS340, MS341, MS360, MS361, MS362, MS390, MS440, MS441, MS460, MS640, MS650, MS660.",,https://content.tools.by/images/products/cd-0242398656/qwZ/qwZZ5TzX0s2cCkcDOMy6bXAI2PCS03tmC7WCrncZ.jpg,https://tools.by/product/1632354
"Опрыскиватель ранцевый бензиновый ECO PS-471
                    (2Т двигатель 3,5л.с.; бак 14 л; произв-сть воздушной смеси 1260м3/ч; расход жидкости до 3,0 л/мин)",42-201402,"8,86","Файлы | | | | | | | | | Производитель: | ECO GROUP HONG KONG LIMITED, UNIT 617, 6/F, 131-132 CONNAUGHT ROAD WEST, SOLO WORKSHOPS, HONG KONG | | | Назначение: | | | | Страна изготовления: | Китай | | | Импортер/Продавец: | ООО ""ТД Комплект"", РБ, г.Минск, ул. Кнорина,д.50,к.302 А | | | Штрихкод: | | 8210803863241 | | | | | Габариты ДxШxВ, см: | 50 x 33.5 x 69 | | | Вес с упаковкой, кг: | 12.5 | | | | | | | | | | | | | | | | | | ECO | Садовая и силовая техника | | | | | | | | | Описание: | Ранцевый бензиновый опрыскиватель используется в домашнем хозяйстве для ухода за растениями, подкормки растений и уничтожения насекомых. Также может использоваться для рассеивания семян, порошковых, гранулированных химикатов и как воздуходувное устройство. | Устройство оснащено мощным бензиновым двигателем 2.6 кВт, поэтому обеспечивает мобильность, с ним можно работать в поле и саду, не привязываясь к наличию розетки и электросети. | Ранцевая система позволяет перемещать опрыскиватель на спине во время его использования и равномерно распределять нагрузку, все элементы управления расположены на рукоятке. | | Особенности: | - опрыскиватель ранцевого типа; | - комплект для работы с сухими и сыпущими веществами в комплекте; | - двухтактный бензиновый двигатель; | - регулируемый расход жидкости 0,14 - 3,0 лмин; | - антивибрационные подушки двигателя; | - бак для жидкости 14 литров для продолжительной работы; | - большая заливная горловина с фильтром; | - сливная пробка на баке; | | Комплект: | Мотоопрыскиватель в сборе; | Напорная труба; | Комплект для работы с сухими веществами; | Шланг гибкий;",,https://content.tools.by/images/products/ce-2934458028/rdo/rdoK3nJHZLmOnl0mQctBUdAVgj2xRPRjB7yHTJ42.jpg,https://tools.by/product/1638295?slide=2
"Шланг армированный внутр. ф 8мм ECO (длина 50м)
                    (толщ.стенки: 3 мм)",EC3924-1,"288,00","Производитель: | ECO GROUP HONG KONG LIMITED. UNIT 617, 6/F, 131-132 CONNAUGHT ROAD WEST, SOLO WORKSHOPS, HONG KONG, CHINA | | | Назначение: | Садово-парковое назначение | | | Страна изготовления: | Китай | | | Импортер/Продавец: | ООО ""ТД Комплект"", РБ, г.Минск, ул. Кнорина,д.50,к.302 А | | | Штрихкод: | | 5291501776449 | | | | | Габариты ДxШxВ, см: | 33.5 x 33.5 x 14 | | | Вес с упаковкой, кг: | 7.12 | | | | | | | | | | | | | | | | | | ECO | Садовая и силовая техника | | | | | | | | | Описание: | Шланг подачи сжатого воздуха",,https://content.tools.by/images/products/cb-0000911008/ejU/ejUseJuu4Rr6NKQ1h6Nt1FP9Jh7ZSrGJGec7iMME.jpg,https://tools.by/product/58047
"Электростанция (генератор инверторный бензиновый) ECO PE-10000ESI
                    (инверторный, электростарт, 7.5 кВт, 230 В, автозапуск*, бак 25.0 л, вес 72 кг)",PE-4001RS,"684,00","Преимущества: | | ■ Чистое синусоидальное напряжение на выходе | ■ Разъём для подключения блока автоматики (автозапуск АВР)* | ■ Электрозапуск и АКБ в комплекте | ■ Медная обмотка альтернатора | ■ ECO режим для экономии толива | ■ Низкий уровень шума | ■ Цифровой вольтметр (напряжение, частота тока, счётчик мото-часов) | ■ Защита от низкого уровня масла | ■ Защита от перегрузки | ■ Чугунная гильза, увеличивающая моторесурс двигателя | ■ Компактность и удобство транспортировки. | | | | | | | | | | | Файлы | | | | | | | | | Производитель: | ECO GROUP HONG KONG LIMITED, UNIT 617, 6/F, 131-132 CONNAUGHT ROAD WEST, SOLO WORKSHOPS, HONG KONG | | | Назначение: | | | | Страна изготовления: | Китай | | | Импортер/Продавец: | ООО ""ТД Комплект"", РБ, г.Минск, ул. Кнорина,д.50,к.302 А | | | Штрихкод: | | 6977125197394 | | | | | Габариты ДxШxВ, см: | 68.5 x 56.5 x 61 | | | Вес с упаковкой, кг: | 68.35 | | | | | | | | | | | | | | | | | | ECO | Садовая и силовая техника | | | | | | | | | Описание: | Инверторный генератор ECO PE-10000ESI с электростартером и автоматическим запуском* предназначен для автономного электроснабжения устройств с высокими требованиями к качеству электрической энергии в условиях отсутствия бытовой электросети. | | Внимание! При подборе электростанции необходимо учитывать пусковые токи устройства-потребителя электроэнергии. Внимание! Двигатель поставляется без масла! Рекомендуемое моторное масло - 10W-40. *для работы автоматического запуска требуется дополнительно приобрести блок автоматики ECO PE-ATS (арт. EC1712-6) | | | | | Комплектация: | | + Электростанция; | + Аккумуляторная батарея; | + Вилка 16 А, 220 В - 1 шт.; | + Вилка 32 А, 220 В - 1 шт.; | + Комплект проводов с зажимами для АКБ; | + Свечной ключ; | + Руководство по эксплуатации;",,https://content.tools.by/images/products/cz-0269194782/FBJ/FBJmPyW0WhcVRH9e06kcaw5er582htYbrNprRhWC.jpg,https://tools.by/product/1690130
"Компрессор автомобильный ECO AE-028-2
                    (12 В, 280 Вт, 70 л/мин, 2 цилиндра, 10 бар (манометр 7 бар), фонарь, сумка)",EC3010-1,"117,20","Преимущества: | | ■ Двухцилиндровый производительный насос | ■ Мощный двигатель со 100% медной обмоткой и большим статором обеспечивает гарантированно высокий ресурс устройства и быстроту работы | ■ Тефлоновые поршни с подшипником | ■ Высококачественный шланг в защитной оплетке | ■ Время накачивания колеса 195/65/R15 до давления 2 бар: 2-3 мин* | ■ Большой манометр градуирован до 7 бар | ■ Встроенный светодиодный фонарь удобен при эксплуатации в темное время суток | ■ Резьбовой коннектор с антикороззийным напылением | ■ В комплекте спиральный шланг 3 метра, увеличивающий радиус действия компрессора | ■ Удобная сумка для хранения и транспортировки | ■ Антивибрационные резиновые ножки | ■ | ■ *время указано с запасом, на практике реальное время зависит от размера и степени накачки колеса, температуры и влажности воздуха. | | | | | | | | | | | Файлы | | | | | | | | | Производитель: | ECO GROUP HONG KONG LIMITED. UNIT 617, 6/F, 131-132 CONNAUGHT ROAD WEST, SOLO WORKSHOPS, HONG KONG, CHINA | | | Назначение: | Для компрессии воздуха | | | Страна изготовления: | Китай | | | Импортер/Продавец: | ООО ""ТД Комплект"", РБ, г.Минск, ул. Кнорина,д.50,к.302 А | | | Штрихкод: | | 8213112891325 | | | | | Габариты ДxШxВ, см: | 29.5 x 15.5 x 22.6 | | | Вес с упаковкой, кг: | 2.7 | | | | | | | | | | | | | | | | | | ECO | Садовая и силовая техника | | | | | | | | | Комплектация: | | + Компрессор; | + Чехол для хранения; | + Спиральный удлинительный шланг 3 м; | + 3 дополнительные насадки для накачивания мячей, матрасов и т.д.; | + Руководство по эксплуатации.",,https://content.tools.by/images/products/cv-5352321285/H7G/H7GXLgCTZnnppUQso8pJIjFHLapwtr7w6B37F3i9.jpg,https://tools.by/product/1037279?slide=2
"Компрессор ECO AE-251-4 коаксиальный
                    (260 л/мин, 8 атм, коаксиальный, масляный, ресив. 24 л, 220 В, 1.80 кВт)",SG1510,"378,00","Файлы | | | | | | | | | Производитель: | ECO GROUP HONG KONG LIMITED, UNIT 617, 6/F, 131-132 CONNAUGHT ROAD WEST, SOLO WORKSHOPS, HONG KONG | | | Назначение: | Для компрессии воздуха | | | Страна изготовления: | Китай | | | Импортер/Продавец: | ООО ""ТД Комплект"", РБ, г.Минск, ул. Кнорина,д.50,к.302 А | | | Штрихкод: | | 6923112894388 | | | | | Габариты ДxШxВ, см: | 58 x 28.5 x 58.5 | | | Вес с упаковкой, кг: | 23.3 | | | | | | | | | | | | | | | | | | ECO | Садовая и силовая техника | | | | | | | | | Описание: | ВНИМАНИЕ!!! | Уровень масла должен быть немного выше верхней границы красной точки на глазке! | Комплектация; | Компрессор; | Фильтр воздушный; | Колесо транспортировочное (2 шт); | Опорная ножка; | Комплект крепежа. | Компрессор поставляется с компрессорным маслом необходимого объема для стартового запуска компрессора. Масло может быть заправлено в картер компрессорной головы компрессора, либо перелито в отдельную | герметичную емкость для целей транспортировки во избежание утечки из | картера в зависимости от условий транспортировки изделия. | | Внимание! В картере могут находиться остатки масла. Это связано с тем, что 100% устройств запускается на производстве после сборки для проверки на работоспособность.",,https://content.tools.by/images/products/cb-6096874275/pVY/pVYpE40JPJ0EnUBOqEQDU46KJUh28aNi4gfdsVaJ.jpg,https://tools.by/product/983761?slide=2
"Бур почвенный ф100х800x20мм ECO ED-100
                    (Однозаходный)",ED-152,"100,00","Производитель: | ECO GROUP HONG KONG LIMITED, UNIT 617, 6/F, 131-132 CONNAUGHT ROAD WEST, SOLO WORKSHOPS, HONG KONG | | | Назначение: | Садово-парковое назначение | | | Страна изготовления: | Китай | | | Импортер/Продавец: | ООО ""ТД Комплект"", РБ, г.Минск, ул. Кнорина,д.50,к.302 А | | | Штрихкод: | | 8210803861339 | | | | | Габариты ДxШxВ, см: | 80.5 x 10.5 x 10.5 | | | Вес с упаковкой, кг: | 2.083 | | | | | | | | | | | | | | | | | | ECO | Садовая и силовая техника",,https://content.tools.by/images/products/cv-0960538644/QCH/QCHs8qepPLlFmfmIXO8DnOH4WLlme03XNPF7wlPS.jpg,https://tools.by/product/1052329
Набор пневмоинструмента ECO SGK-51 (5 предметов),SGK-5,"87,00","Файлы | | | | | | | | | Производитель: | ECO GROUP HONG KONG LIMITED, UNIT 617, 6/F, 131-132 CONNAUGHT ROAD WEST, SOLO WORKSHOPS, HONG KONG | | | Назначение: | Для бытовых ремонтных работ | | | Страна изготовления: | Китай | | | Импортер/Продавец: | ООО ""ТД Комплект"", РБ, г.Минск, ул. Кнорина,д.50,к.302 А | | | Штрихкод: | | 8212107216297 | | | | | Габариты ДxШxВ, см: | 23 x 11 x 21 | | | Вес с упаковкой, кг: | 1.178 | | | | | | | | | | | | | | | | | | ECO | Садовая и силовая техника | | | | | | | | | Описание: | Базовый набор пневмоинструментов, состоящий из популярных компонентов, которые пригодятся начинающему пользователю воздушного компрессора. В набор входит краскораспылитель типа HVLP, пистолет для подкачки шин с манометром, продувочный пистолет для очистки поверхностей от пыли и сухой грязи, удлинительная насадка и спиральный пневматический шланг для подключения аксессуаров к компрессору. | Поставляется в картонной коробке. | | | | | Комплектация: | | + Краскораспылитель HVLP; | + Пластиковый бачок краскораспылителя; | + Пистолет для подкачки шин с манометром; | + Пистолет продувочный; | + Длинная насадка; | + Шланг спиральный; | + Картонная коробка.",,https://content.tools.by/images/products/cb-0844716096/Pfs/PfsfK7Cqodxar3wpFvPNA1GeD8M4rmlVYBnfuthY.jpg,https://tools.by/product/1010607
"Насос садовый ECO GFW-8P
                    (750 Вт, 3000 л/ч, до 45 м, корпус насоса чугун)",AP118E002,"275,00","Преимущества: | | ■ Корпус насоса - чугун | ■ Асинхронный двигатель | ■ Защита от перегрузок | | | | | | | | | | | Файлы | | | | | | | | | Производитель: | ECO GROUP HONG KONG LIMITED, UNIT 617, 6/F, 131-132 CONNAUGHT ROAD WEST, SOLO WORKSHOPS, HONG KONG | | | Назначение: | | | | Страна изготовления: | Китай | | | Импортер/Продавец: | ООО ""ТД Комплект"", РБ, г.Минск, ул. Кнорина,д.50,к.302 А | | | Штрихкод: | | 6978018615780 | | | | | Габариты ДxШxВ, см: | 18.5 x 20.7 x 33.9 | | | Вес с упаковкой, кг: | 8.125 | | | | | | | | | | | | | | | | | | ECO | Садовая и силовая техника | | | | | | | | | Описание: | Насос бытовой садовый центробежный предназначен для перекачки чистой, пресной воды температурой не более 35°С из колодцев, скважин, резервуаров, а также открытых водоемов, для полива садов, огородов, приусадебных участков. | Насосом нельзя перекачивать агрессивные, легко воспламеняющиеся или взрывчатые жидкости (например, бензин, масла, нитрорастворители), морскую воду, также жидкие пищевые продукты. | Категорически запрещается перекачивание грязной воды, содержащей абразивные вещества или длинноволокнистые включения. | | | | | Комплектация: | | + Насос садовый - 1 шт.; | + Руководство по эксплуатации - 1 шт.; | + Упаковка",,https://content.tools.by/images/products/cz-1402486722/Zo0/Zo0fK5z3VeagyBz5fy8KeXS87XhcsdFJ3ltCDXaJ.jpg,https://tools.by/product/1733389
"Насос погружной для чистой воды ECO CP-405, 400 Вт
                    (400 Вт; 7200 л/ч; 6,3м)",EC4213-5,"130,00","Преимущества: | | ■ Асинхронный двигатель с защитой от перегрузок. | ■ Рабочее колесо (крыльчатка) закрытого типа. | ■ Автоматическое включениевыключение при помощи поплавкового выключателя. | ■ Клапана деаэрации автоматически развоздушивает полость насоса. | ■ Съёмная ручка. | ■ В комплект входит: поворотное колено 90 градусов 1 шт., универсальный патрубок 1 шт. | | | | | | | | | | | Файлы | | | | | | | | | Производитель: | ECO GROUP HONG KONG LIMITED, UNIT 617, 6/F, 131-132 CONNAUGHT ROAD WEST, SOLO WORKSHOPS, HONG KONG | | | Назначение: | Для хозяйственных нужд | | | Страна изготовления: | Китай | | | Импортер/Продавец: | ООО ""ТД Комплект"", РБ, г.Минск, ул. Кнорина,д.50,к.302 А | | | Штрихкод: | | 8212107216235 | | | | | Габариты ДxШxВ, см: | 20 x 14 x 30.5 | | | Вес с упаковкой, кг: | 3.85 | | | | | | | | | | | | | | | | | | ECO | Садовая и силовая техника | | | | | | | | | Комплектация: | | + Насос погружной; | + Поворотное колено 90 градусов 1 шт; | + Универсальный патрубок 1 шт;",,https://content.tools.by/images/products/cb-1116236544/3AK/3AKER9bNB3AjCKe1FdeuOmNBqFM7ej7uaGxZRaw6.jpg,https://tools.by/product/1008386
"Пеногенератор активный для очистителя высокого давления ECO
                    (для ECO HPW-1400; HPW-1600; HPW-1724RSi; HPW-2027RSW)",ECX2010-8,"32,00","Преимущества: | | ■ Пеногенератор активный с возможностью регуляции; | | | | | | | | | | | | | Производитель: | ECO GROUP HONG KONG LIMITED. UNIT 617, 6/F, 131-132 CONNAUGHT ROAD WEST, SOLO WORKSHOPS, HONG KONG, CHINA | | | Назначение: | | | | Страна изготовления: | Китай | | | Импортер/Продавец: | ООО ""ТД Комплект"", РБ, г.Минск, ул. Кнорина,д.50,к.302 А | | | Штрихкод: | | 6976215886422 | | | | | Габариты ДxШxВ, см: | 18 x 18 x 7 | | | Вес с упаковкой, кг: | 0.221 | | | | | | | | | | | | | | | | | | ECO | Садовая и силовая техника | | | | | | | | | Описание: | Подходит для моделей очистителей высокого давления ECO: HPW-1400; HPW-1600; HPW-1724RSi. | Подходит для модели очистителя высокого давления ECO HPW-2027RSW при использовании входящего в комплект коннектора. | Подходит для моделей очистителей высокого давления бренда DGM: Water 125; Water 155. | | | | | Комплектация: | | + Пеногенератор - 1 шт.; | + Упаковка.",,https://content.tools.by/images/products/cz-9695389392/JiY/JiYiRjnWTVH5n9BT0WHgUHTRKgbJj3offk3lJnO5.jpg,https://tools.by/product/1669127
"Краскораспылитель ECO SG-9000 с манометром (сопло ф 1.4 мм) уцененный (1390275900)
                    (HVLP, сопло ф 1.4 мм, верх. бак 600 мл))",DG4016-2-у,"28,64","Производитель: | SKIPFIRE LIMITED. Romanou,2, TLAIS TOWER, 6th floor, flat/Office 601 P.C.1070, Nicosia, Cyprus. Кипр | | | Назначение: | | | | Страна изготовления: | Китай | | | Импортер/Продавец: | ООО ""ТД Комплект"", РБ, г.Минск, ул. Кнорина,д.50,к.302 А | | | Габариты ДxШxВ, см: | 23 x 16.3 x 13.8 | | | Вес с упаковкой, кг: | 1.094 | | | | | | | | | | | | | | | | | | ECO | Садовая и силовая техника | | | | | | | | | Описание: | Механическое повреждение упаковки.",,https://content.tools.by/images/products/cz-1390275900/ALm/ALmLEI5ujzat3onF8t7EoPj8TTCQuTD9bMXmiUit.jpg,https://tools.by/product/1714616
"Газонокосилка бензиновая ECO LG-633 самоходная
                    (5.0 л.с., шир. 46 см, самоходная, мульчир., стальн. корпус, травосборник 60 л)",LG-435,"577,00","Преимущества: | | ■ Самоходная с отключаемым приводом | ■ Бензиновый двигатель 5.0 л.с. ECO MX160 | ■ Стальная дека | ■ Централизованная установка высоты (7 уровней) | ■ Ширина кошения 46 см | ■ Функция мульчирования (нож специальной формы и заглушка в комплекте) | ■ Боковой выброс | ■ Задний выброс | ■ Большие колеса 7""/10"" с подшипниками | ■ Мягкий травосборник 60 л с жестким пластиковым верхом | ■ Индикатор заполненного контейнера | ■ Штуцер для подключения воды для очистки деки | | | | | | | | | | | Файлы | | | | | | | | | Производитель: | ECO GROUP HONG KONG LIMITED, UNIT 617, 6/F, 131-132 CONNAUGHT ROAD WEST, SOLO WORKSHOPS, HONG KONG | | | Назначение: | Садово-парковое назначение | | | Страна изготовления: | Китай | | | Импортер/Продавец: | ООО ""ТД Комплект"", РБ, г.Минск, ул. Кнорина,д.50,к.302 А | | | Штрихкод: | | 8212107214880 | | | | | Габариты ДxШxВ, см: | 82 x 55.5 x 50 | | | Вес с упаковкой, кг: | 35 | | | | | | | | | | | | | | | | | | ECO | Садовая и силовая техника",,https://content.tools.by/images/products/cb-1165017050/lVj/lVj6tq9Vx3BY8wyzncxkm5Qby7AryIT8u6yuBfkS.jpg,https://tools.by/product/997729
"Насос вибрационный ECO CPV-333 (10м, нижний забор)
                    (330Вт, 1300 л/ч, пров. 10м 3х0,75 мм2, аналог насоса Ручеек)",ECX2010-9,"6,90","Преимущества: | | ■ Нижний забор воды, позволяет откачивать воду до минимального уровня | ■ Термозащита электропривода | ■ Прочный и эластичный электрический кабель сечением 0,75 мм2 | ■ Алюминиевый корпус не подвержен коррозии | ■ Капроновый шнур в комплекте для подвеса насоса | ■ Выходной штуцер ""елочка"" диаметром 3/4"" | | | | | | | | | | | Файлы | | | | | | | | | Производитель: | ECO GROUP HONG KONG LIMITED, UNIT 617, 6/F, 131-132 CONNAUGHT ROAD WEST, SOLO WORKSHOPS, HONG KONG | | | Назначение: | | | | Страна изготовления: | Китай | | | Импортер/Продавец: | ООО ""ТД Комплект"", РБ, г.Минск, ул. Кнорина,д.50,к.302 А | | | Штрихкод: | | 6977125196281 | | | | | Габариты ДxШxВ, см: | 16 x 12 x 29.5 | | | Вес с упаковкой, кг: | 3.713 | | | | | | | | | | | | | | | | | | ECO | Садовая и силовая техника | | | | | | | | | Комплектация: | | + Насос; | + Капроновый шнур; | + Хомут червячный; | + Инструкция по эксплуатации; | + Коробка",,https://content.tools.by/images/products/cz-1811041360/PAV/PAVXDMWFubXfNBi2V0LOqDsTOgBx9ImsuPJI9Wph.jpg,https://tools.by/product/1711416
"Бензопила ECO CSP-235 шина 45 см (18""), 0.325"", 1.5 мм, 72 зв.
                    (2.30 кВт, 3.1 л.с., 45 см3, вес 6.4 кг)",CSP-265,"255,60","Преимущества: | | ■ Шина 18"" (45 см) | ■ Система запуска Easy Start (Легкий запуск) | ■ Антивибрационная система | ■ Удобная рукоятка | ■ Нейлоновый воздушный фильтр | ■ Регулировка натяжения цепи | ■ Регулировка интенсивности подачи масла | | | | | | | | | | | Файлы | | | | | | | | | Производитель: | ECO GROUP HONG KONG LIMITED. UNIT 617, 6/F, 131-132 CONNAUGHT ROAD WEST, SOLO WORKSHOPS, HONG KONG, CHINA | | | Назначение: | | | | Страна изготовления: | Китай | | | Импортер/Продавец: | ООО ""ТД Комплект"", РБ, г.Минск, ул. Кнорина,д.50,к.302 А | | | Штрихкод: | | 8212107216808 | | | | | Габариты ДxШxВ, см: | 41 x 34 x 29.5 | | | Вес с упаковкой, кг: | 6.6 | | | | | | | | | | | | | | | | | | ECO | Садовая и силовая техника | | | | | | | | | Описание: | Универсальный инструмент для пиления и валки деревьев, заготовки дров с оптимальными характеристиками. | | | | | Комплектация: | | + Цепь, шина, пластиковый кожух, cвечной ключ, емкость для смешивания топливной смеси, отвертка, напильник.",,https://content.tools.by/images/products/cv-4673404946/FnG/FnGMkiE6nIIJ9OOrFdfFFzx7UFskGTg5sKPNsDMz.jpg,https://tools.by/product/1027774?slide=2
"Фильтр воздушный ECO AU-02-14 с регулятором давления и маслораспылителем (1/4"", 1750л/мин)",AU-05-14,"37,91","Производитель: | ECO GROUP HONG KONG LIMITED. UNIT 617, 6/F, 131-132 CONNAUGHT ROAD WEST, SOLO WORKSHOPS, HONG KONG, CHINA | | | Назначение: | Для обеспечения шланговых соединений | | | Страна изготовления: | Китай | | | Импортер/Продавец: | ООО ""ТД Комплект"", РБ, г.Минск, ул. Кнорина,д.50,к.302 А | | | Штрихкод: | | 5291501778382 | | | | | Габариты ДxШxВ, см: | 16.5 x 8 x 23.5 | | | Вес с упаковкой, кг: | 1.084 | | | | | | | | | | | | | | | | | | ECO | Садовая и силовая техника | | | | | | | | | Описание: | Выполняемые функции: | 1) Регулировка давления воздуха; | 2) Масло- влагоотделение; | 3) Лубрикация (распыление) масла для смазки пневмоинструмента;",,https://content.tools.by/images/products/cb-0117643136/DV0/DV0smWXrpJBpx6CgKSwlbjoQviRfP9fSlO5Y40RG.jpg,https://tools.by/product/101389
"Насос погружной для чистой воды ECO CP-405, 400 Вт
                    (400 Вт; 7200 л/ч; 6,3м)",BP-05D,"106,01","Преимущества: | | ■ Асинхронный двигатель с защитой от перегрузок. | ■ Рабочее колесо (крыльчатка) закрытого типа. | ■ Автоматическое включениевыключение при помощи поплавкового выключателя. | ■ Клапана деаэрации автоматически развоздушивает полость насоса. | ■ Съёмная ручка. | ■ В комплект входит: поворотное колено 90 градусов 1 шт., универсальный патрубок 1 шт. | | | | | | | | | | | Файлы | | | | | | | | | Производитель: | ECO GROUP HONG KONG LIMITED, UNIT 617, 6/F, 131-132 CONNAUGHT ROAD WEST, SOLO WORKSHOPS, HONG KONG | | | Назначение: | Для хозяйственных нужд | | | Страна изготовления: | Китай | | | Импортер/Продавец: | ООО ""ТД Комплект"", РБ, г.Минск, ул. Кнорина,д.50,к.302 А | | | Штрихкод: | | 8212107216235 | | | | | Габариты ДxШxВ, см: | 20 x 14 x 30.5 | | | Вес с упаковкой, кг: | 3.85 | | | | | | | | | | | | | | | | | | ECO | Садовая и силовая техника | | | | | | | | | Комплектация: | | + Насос погружной; | + Поворотное колено 90 градусов 1 шт; | + Универсальный патрубок 1 шт;",,https://content.tools.by/images/products/cb-1116236544/3AK/3AKER9bNB3AjCKe1FdeuOmNBqFM7ej7uaGxZRaw6.jpg,https://tools.by/product/1008386?slide=2
"Бак топливный в сборе ECO GTP-X020
                    (крепление под 2 винта; пробка сбоку)",GTP-X024,"64,13","Производитель: | ECO GROUP HONG KONG LIMITED. UNIT 617, 6/F, 131-132 CONNAUGHT ROAD WEST, SOLO WORKSHOPS, HONG KONG | | | Назначение: | Садово-парковое назначение | | | Страна изготовления: | Китай | | | Импортер/Продавец: | ООО ""ТД Комплект"", РБ, г.Минск, ул. Кнорина,д.50,к.302 А | | | Штрихкод: | | 6923112893718 | | | | | Габариты ДxШxВ, см: | 15.5 x 3 x 15.5 | | | Вес с упаковкой, кг: | 0.258 | | | | | | | | | | | | | | | | | | ECO | Садовая и силовая техника | | | | | | | | | Описание: | Совместимость: | | Подходит ко многим мотокосам: ECO, CRAFTOP, LIDER, NIKKEY, PROKRAFT, MATRIX, WATT, CATMANN, GARDEN LINE, ELAND KASEI, ZIGZAG, DOLFIN, SOLO, GRASSHOPER, EUROTEK, PARK, DEMON, STERN, EXTEL, BIZON, MEGA, PROLAND, DOLMAR, MAGNUM, SKIPER, STURM и др. | | | | | Комплектация: | | + Топливный бак в сборе (с топливными шлангами);",,https://content.tools.by/images/products/cb-0333800870/m5C/m5CB33QZad0F3oU0ODuHhZf1j4RFtlm0ns6vwfFm.jpg,https://tools.by/product/967858
"Пневмошлифмашина угловая ECO AAG12-125
                    (125 мм / 5""; 11000 об/мин; 180 л/мин; бонус: зачистной диск 1 шт)",,,"Преимущества: | | ■ Диаметр диска: 125 мм (5"") | ■ Двухсторонняя гайка, позволяющая зажимать как тонкие отрезные диски, так и толстые зачистные | ■ Боковая рукоятка | ■ Алюминиевый корпус | | | | | | | | | | | Файлы | | | | | | | | | Производитель: | ECO GROUP HONG KONG LIMITED, UNIT 617, 6/F, 131-132 CONNAUGHT ROAD WEST, SOLO WORKSHOPS, HONG KONG | | | Назначение: | | | | Страна изготовления: | Китай | | | Импортер/Продавец: | ООО ""ТД Комплект"", РБ, г.Минск, ул. Кнорина,д.50,к.302 А | | | Штрихкод: | | 8213112891981 | | | | | Габариты ДxШxВ, см: | 26 x 14.3 x 10.3 | | | Вес с упаковкой, кг: | 2.219 | | | | | | | | | | | | | | | | | | ECO | Садовая и силовая техника | | | | | | | | | Комплектация: | | + Шлифмашина; | + Круг зачистной - 1 шт.; | + Ключ монтажный - 2 шт.; | + Инструкция;",,https://content.tools.by/images/products/cg-0012753279/oYu/oYu2ERByZ8xEiyCyUhjrA5GRcD8l7sfnIIgCjqBw.jpg,https://tools.by/product/1583257?slide=2
"Пневмогайковерт-трещотка 1/2"" 68Nm ECO APR-70
                    (68 Нм, 160 об/мин, расход воздуха: 120 л/мин, рабочее давление: 6,3 бар, посадочный квадрат 1/2"")",KAAS1630,"741,90","Преимущества: | | ■ Компактная конструкция позволяет работать в самых сложных условиях и труднодоступных местах | | | | | | | | | | | Файлы | | | | | | | | | Производитель: | ECO GROUP HONG KONG LIMITED, UNIT 617, 6/F, 131-132 CONNAUGHT ROAD WEST, SOLO WORKSHOPS, HONG KONG | | | Назначение: | Для бытовых ремонтных работ | | | Страна изготовления: | Китай | | | Импортер/Продавец: | ООО ""ТД Комплект"", РБ, г.Минск, ул. Кнорина,д.50,к.302 А | | | Штрихкод: | | 8212107216099 | | | | | Габариты ДxШxВ, см: | 28 x 5.5 x 4.8 | | | Вес с упаковкой, кг: | 1.363 | | | | | | | | | | | | | | | | | | ECO | Садовая и силовая техника",,https://content.tools.by/images/products/cb-4483490076/0nS/0nSErOEh6zv0DKxNGBDFPEeSQdzx7QM7LEmi53b8.jpg,https://tools.by/product/998937
Карбюратор ECO ST38/45/55,GTP-HU125/128-007,"78,76","Производитель: | ECO GROUP HONG KONG LIMITED, UNIT 617, 6/F, 131-132 CONNAUGHT ROAD WEST, SOLO WORKSHOPS, HONG KONG | | | Назначение: | Запасные части | | | Страна изготовления: | Китай | | | Импортер/Продавец: | ООО ""ТД Комплект"", РБ, г.Минск, ул. Кнорина,д.50,к.302 А | | | Штрихкод: | | 8210803863036 | | | | | Габариты ДxШxВ, см: | 20 x 5 x 5 | | | Вес с упаковкой, кг: | 0.138 | | | | | | | | | | | | | | | | | | ECO | Садовая и силовая техника | | | | | | | | | Описание: | Совместимость: | для мотокос STIHL FS384555 | | | | | Комплектация: | | + карбюратор - 1шт;",,https://content.tools.by/images/products/ce-1204499200/QDb/QDbm9uSKL4lH2l9Q4fhHG6bQWIyZwQPzMfBkfGE3.jpg,https://tools.by/product/1647902
"Шланг напорный для очистителя высокого давления ECO (18250005)
                    (HPW-1825RSE)",ECX2010-3,"12,00","Производитель: | SKIPFIRE LIMITED. Romanou,2, TLAIS TOWER, 6th floor, flat/Office 601 P.C.1070, Nicosia, Cyprus. Кипр | | | Назначение: | | | | Страна изготовления: | Китай | | | Импортер/Продавец: | ООО ""ТД Комплект"", РБ, г.Минск, ул. Кнорина,д.50,к.302 А | | | Штрихкод: | | 6923112894043 | | | | | Габариты ДxШxВ, см: | 26 x 26 x 8 | | | Вес с упаковкой, кг: | 0.76 | | | | | | | | | | | | | | | | | | ECO | Садовая и силовая техника | | | | | | | | | Описание: | Подключение к барабану | Длина 8 метров",,https://content.tools.by/images/products/cb-0552172756/rB9/rB9y1LPBtwuFB0Hwlogj2KMzinoGf94yk4XAbkuB.jpg,https://tools.by/product/983945
"Свеча зажигания ECO GTP-X032
                    (2Т; М14*1.25; резьба 9,5 мм)",GTP-ST400/450-006,"90,00","Производитель: | ECO GROUP HONG KONG LIMITED. UNIT 617, 6/F, 131-132 CONNAUGHT ROAD WEST, SOLO WORKSHOPS, HONG KONG | | | Назначение: | Садово-парковое назначение | | | Страна изготовления: | Китай | | | Импортер/Продавец: | ООО ""ТД Комплект"", РБ, г.Минск, ул. Кнорина,д.50,к.302 А | | | Штрихкод: | | 8210803861469 | | | | | Габариты ДxШxВ, см: | 2 x 1 x 1 | | | Вес с упаковкой, кг: | 0.036 | | | | | | | | | | | | | | | | | | ECO | Садовая и силовая техника | | | | | | | | | Описание: | | Свеча зажигания для двухтактных двигателей мотокос, бензиновых цепных пил. | Применяется практически во всех двухтактных бензоинструментах (исключение моторы 2-mix), аналог BOSCH WSR7F, NGK BPMR7A, CHAMPION CJ7Y, OREGON PR17Y, BRISK PR17Y и др... | | Совместимость: | | Для моделей ECO GTP-145B, GTP-145F, GTP-145N, GTP-145R, GTP-185B, GTP-185F, GTP-185K, GTP-185N, GTP-185R, GTP-187F, GTP-189F | Для моделей DGM BC-210, BC-240, BC-241 | | Подходит ко многим мотокосам и бензопилам: ECO, DGM, GUNTER, SKIPER, DARC, MIKKELI, PATRIOT, DENZEL, CRAFTOP, LIDER, NIKKEY, PROKRAFT, MATRIX, WATT, CATMANN, GARDEN LINE, ELAND KASEI, ZIGZAG, DOLFIN, SOLO, GRASSHOPER, EUROTEK, PARK, DEMON, STERN, EXTEL, BIZON, MEGA, PROLAND, DOLMAR, MAGNUM, SKIPER, STURM и др. | | | | | Комплектация: | | + Свеча;",,https://content.tools.by/images/products/cv-0141305960/0VC/0VCcBlP3nFB2GfVGxEF1FCr56dhlcH4MqsgIYnGH.jpg,https://tools.by/product/1555473
"Пневмошлифмашина эксцентриковая ECO ASP11-150
                    (150 мм / 6""; Эксцентр.: 5 мм; 10 000 об/мин; 180 л/мин)",ASP12-150V,"192,00","Преимущества: | | ■ Эргономичный дизайн | ■ Регулировка скорости | | | | | | | | | | | Файлы | | | | | | | | | Производитель: | ECO GROUP HONG KONG LIMITED, UNIT 617, 6/F, 131-132 CONNAUGHT ROAD WEST, SOLO WORKSHOPS, HONG KONG | | | Назначение: | | | | Страна изготовления: | Китай | | | Импортер/Продавец: | ООО ""ТД Комплект"", РБ, г.Минск, ул. Кнорина,д.50,к.302 А | | | Штрихкод: | | 8213112891943 | | | | | Габариты ДxШxВ, см: | 24.5 x 15.5 x 13 | | | Вес с упаковкой, кг: | 1.288 | | | | | | | | | | | | | | | | | | ECO | Садовая и силовая техника | | | | | | | | | Описание: | Комплект поставки: | Пневмошлифмашина; | Ключ; | Инструкция;",,https://content.tools.by/images/products/cg-2279118550/yOX/yOX9gSZKIYpaHVclt3sNOfTBwAnIAHyYh0jCM8MD.jpg,https://tools.by/product/1583251
"Бензопила ECO CSP-265 шина 50 см (20""), 0.325"", 1.5 мм, 76 зв
                    (2.60 кВт, 3.5 л.с., 52 см3, вес 6.8 кг)",HD6210-1,"499,00","Преимущества: | | ■ Шина 20"" (50 см) | ■ Система запуска Easy Start (Легкий запуск) | ■ Антивибрационная система | ■ Удобная рукоятка | ■ Нейлоновый воздушный фильтр | ■ Регулировка натяжения цепи | ■ Регулировка интенсивности подачи масла | | | | | | | | | | | Файлы | | | | | | | | | Производитель: | ECO GROUP HONG KONG LIMITED, UNIT 617, 6/F, 131-132 CONNAUGHT ROAD WEST, SOLO WORKSHOPS, HONG KONG | | | Назначение: | | | | Страна изготовления: | Китай | | | Импортер/Продавец: | ООО ""ТД Комплект"", РБ, г.Минск, ул. Кнорина,д.50,к.302 А | | | Штрихкод: | | 8212107216815 | | | | | Габариты ДxШxВ, см: | 41 x 34 x 32 | | | Вес с упаковкой, кг: | 6.8 | | | | | | | | | | | | | | | | | | ECO | Садовая и силовая техника | | | | | | | | | Описание: | Мощная бензопила с шиной 50 см для пиления и валки деревьев, заготовки дров с оптимальными характеристиками. | | | | | Комплектация: | | + Цепь, шина, пластиковый кожух, cвечной ключ, емкость для смешивания топливной смеси, отвертка, напильник.",,https://content.tools.by/images/products/cv-4904155872/Qe9/Qe9kQJFSHd2Hac9MxuvFmvBNBzyoKWMuHeLPUZ7E.jpg,https://tools.by/product/1027775?slide=2
Соединение быстросъем. ПАПА х елочка 8 мм (латунь) ECO,AS-M/MT38,"4,27","Производитель: | ECO GROUP HONG KONG LIMITED, UNIT 617, 6/F, 131-132 CONNAUGHT ROAD WEST, SOLO WORKSHOPS, HONG KONG | | | Назначение: | Для обеспечения шланговых соединений | | | Страна изготовления: | Китай | | | Импортер/Продавец: | ООО ""ТД Комплект"", РБ, г.Минск, ул. Кнорина,д.50,к.302 А | | | Штрихкод: | | 5291501778016 | | | | | Габариты ДxШxВ, см: | 9 x 7 x 1 | | | Вес с упаковкой, кг: | 0.015 | | | | | | | | | | | | | | | | | | ECO | Садовая и силовая техника | | | | | | | | | Описание: | Быстросъемное соединение ПАПА наиболее распространенного Немецкого типа (Germany type). | Латунный корпус исключает возможность появления коррозии.",,https://content.tools.by/images/products/cb-0312585120/iii/iiiWhwhXPTDei9LeOX3ejZ9kWXhE2YoxT7EGzQV0.jpg,https://tools.by/product/911454
"Пистолет моечный пневматический ECO AWG-12
                    (140 л/мин; разъём для сад. шланга; 2-6 бар)",EC3923-2,"10,80","Производитель: | ECO GROUP HONG KONG LIMITED, UNIT 617, 6/F, 131-132 CONNAUGHT ROAD WEST, SOLO WORKSHOPS, HONG KONG | | | Назначение: | | | | Страна изготовления: | Китай | | | Импортер/Продавец: | ООО ""ТД Комплект"", РБ, г.Минск, ул. Кнорина,д.50,к.302 А | | | Штрихкод: | | 6977125195789 | | | | | Габариты ДxШxВ, см: | 33 x 15 x 3 | | | Вес с упаковкой, кг: | 0.352 | | | | | | | | | | | | | | | | | | ECO | Садовая и силовая техника | | | | | | | | | Описание: | Моечный пневмопистолет предназначен для мойки и смазки поверхностей, узлов или деталей потоком моющей жидкости и воздухом. Оснащён быстросъёмным соединением для подключения к садовому шлангу.",,https://content.tools.by/images/products/cz-0031726464/Q7v/Q7vYTa2bk6znmtAKj40XVp5XrtUI18SEdAiy0u32.jpg,https://tools.by/product/1707679
"Гравер пневматический ECO AGV-55A
                    (Цанговый патрон: 3 мм (1/8""); 54000 об/мин; 6,3 бар; 60 л/мин;)",KAKA0822,"252,00","Преимущества: | | ■ Подходит для тонкой обработкки дерева и металла (шлифовки, полировки и удаления заусенцев и т.д.). | ■ Цанговый патрон: 3 мм (1/8"") | ■ Пластмассовый чемодан для удобства переноски | | | | | | | | | | | Файлы | | | | | | | | | Производитель: | ECO GROUP HONG KONG LIMITED, UNIT 617, 6/F, 131-132 CONNAUGHT ROAD WEST, SOLO WORKSHOPS, HONG KONG | | | Назначение: | | | | Страна изготовления: | Китай | | | Импортер/Продавец: | ООО ""ТД Комплект"", РБ, г.Минск, ул. Кнорина,д.50,к.302 А | | | Штрихкод: | | 8213112891837 | | | | | Габариты ДxШxВ, см: | 34 x 20.3 x 5 | | | Вес с упаковкой, кг: | 0.86 | | | | | | | | | | | | | | | | | | ECO | Садовая и силовая техника | | | | | | | | | Комплектация: | | + Гравер; | + 2 ключа монтажных; | + 10 шлифкамней с хвостовиком 3 мм; | + Маслораспылитель; | + Масленка; | + Ниппель; | + Пластмассовый чемодан;",,https://content.tools.by/images/products/cg-3213368649/o5J/o5JTt6hHVotDEuozV0ub2S8USQAI4azCDzJrev6T.jpg,https://tools.by/product/1577787
"Краскораспылитель ECO SG-1000 (HVLP, сопло ф 1.5мм, верх. бак 600мл)",EC1530-10,"33,00","Преимущества: | | ■ верхний пластиковый бак 600 мл | ■ регулировка подачи материала | ■ сопло 1.5 мм | ■ легкий вес | ■ быстросъемное соединение | | | | | | | | | | | Файлы | | | | | | | | | Производитель: | ECO GROUP HONG KONG LIMITED, UNIT 617, 6/F, 131-132 CONNAUGHT ROAD WEST, SOLO WORKSHOPS, HONG KONG | | | Назначение: | | | | Страна изготовления: | Китай | | | Импортер/Продавец: | ООО ""ТД Комплект"", РБ, г.Минск, ул. Кнорина,д.50,к.302 А | | | Штрихкод: | | 8212107216693 | | | | | Габариты ДxШxВ, см: | 20 x 15 x 11 | | | Вес с упаковкой, кг: | 0.549 | | | | | | | | | | | | | | | | | | ECO | Садовая и силовая техника | | | | | | | | | Описание: | Базовый универсальный краскораспылитель типа HVLP, подойдёт для выполнения широкого ряда бытовых покрасочных работ. | | Достоинства HVLP (High Volume Low Pressure - высокий объем, низкое давление): | - высокая экономия материалов. | - практически отсутствие опыла. | - нет завихрений - нет мусора.",,https://content.tools.by/images/products/cv-0006423705/o7H/o7Hrl69SlkeWVc5qQwuTLM6trAJvudWFDrzTpbzH.jpg,https://tools.by/product/1027481?slide=2
Коленвал ECO ST341/361,CSP-ST180-016,"27,68","Производитель: | ECO GROUP HONG KONG LIMITED, UNIT 617, 6/F, 131-132 CONNAUGHT ROAD WEST, SOLO WORKSHOPS, HONG KONG | | | Назначение: | Запасные части | | | Страна изготовления: | Китай | | | Импортер/Продавец: | ООО ""ТД Комплект"", РБ, г.Минск, ул. Кнорина,д.50,к.302 А | | | Штрихкод: | | 8210803862893 | | | | | Габариты ДxШxВ, см: | 15 x 10 x 10 | | | Вес с упаковкой, кг: | 0.487 | | | | | | | | | | | | | | | | | | ECO | Садовая и силовая техника | | | | | | | | | Описание: | Совместимость: | для бензопил STIHL MS341361 | | | | | Комплектация: | | + коленвал - 1шт;",,https://content.tools.by/images/products/ce-0500049408/0hK/0hKLH25pYvldevXkkfvDzqaAkZWYcQ36vnX4Lqdk.jpg,https://tools.by/product/1647810
"Фильтр воздушный ECO AU-02-14 с регулятором давления и маслораспылителем (1/4"", 1750л/мин) уцененн",UR-5524124-у,"44,40","Производитель: | ECO GROUP HONG KONG LIMITED, UNIT 617, 6/F, 131-132 CONNAUGHT ROAD WEST, SOLO WORKSHOPS, HONG KONG | | | Назначение: | Для обеспечения шланговых соединений | | | Страна изготовления: | Китай | | | Импортер/Продавец: | ООО ""ТД Комплект"", РБ, г.Минск, ул. Кнорина,д.50,к.302 А | | | Габариты ДxШxВ, см: | 10 x 10 x 2 | | | Вес с упаковкой, кг: | 1.1 | | | | | | | | | | | | | | | | | | ECO | Садовая и силовая техника | | | | | | | | | Описание: | Механические повреждения упаковки",,https://content.tools.by/images/products/ce-7668146844/sOC/sOChD7JhoabcAksxQFdOZQOaabjS9RQoCevDStYN.jpg,https://tools.by/product/1741880
"Карбюратор ECO GTP-X001 (для мотокос 42-52 см3)
                    (43 / 52 см3)",GTP-ST120/250-039,"70,87","Преимущества: | | ■ Большое окно | ■ Для мотокос с объемом двигателя 43 см3 и 52 см3 | | | | | | | | | | | | | Производитель: | ECO GROUP HONG KONG LIMITED. UNIT 617, 6/F, 131-132 CONNAUGHT ROAD WEST, SOLO WORKSHOPS, HONG KONG | | | Назначение: | Садово-парковое назначение | | | Страна изготовления: | Китай | | | Импортер/Продавец: | ООО ""ТД Комплект"", РБ, г.Минск, ул. Кнорина,д.50,к.302 А | | | Штрихкод: | | 6920904821706 | | | | | Габариты ДxШxВ, см: | 20 x 5 x 5 | | | Вес с упаковкой, кг: | 0.149 | | | | | | | | | | | | | | | | | | ECO | Садовая и силовая техника | | | | | | | | | Описание: | | | Совместимость: | | Для моделей ECO GTP-145B, GTP-145F, GTP-145N, GTP-145R, GTP-185B, GTP-185F, GTP-185K, GTP-185N, GTP-185R, GTP-187F, GTP-189F | Для моделей DGM BC-210, BC-240, BC-241 | | Подходит ко многим мотокосам: ECO, DGM, GUNTER, SKIPER, DARC, MIKKELI, PATRIOT, DENZEL, CRAFTOP, LIDER, NIKKEY, PROKRAFT, MATRIX, WATT, CATMANN, GARDEN LINE, ELAND KASEI, ZIGZAG, DOLFIN, SOLO, GRASSHOPER, EUROTEK, PARK, DEMON, STERN, EXTEL, BIZON, MEGA, PROLAND, DOLMAR, MAGNUM, SKIPER, STURM и др. | | | | | Комплектация: | | + Карбюратор в сборе;",,https://content.tools.by/images/products/cb-3877250048/AL5/AL5fXeAnGTnrs3RySjEb0F5nNyJRnFstHa66XrbO.jpg,https://tools.by/product/923377
Пистолет продувочный ECO ABG-101 (100мм),JEAM0821,"32,86","Преимущества: | | ■ металлическое сопло | ■ эргономичная рукоятка | ■ удобный длинный курок-триггер | | | | | | | | | | | Файлы | | | | | | | | | Производитель: | ECO GROUP HONG KONG LIMITED. UNIT 617, 6/F, 131-132 CONNAUGHT ROAD WEST, SOLO WORKSHOPS, HONG KONG, CHINA | | | Назначение: | Для бытовых ремонтных работ | | | Страна изготовления: | Китай | | | Импортер/Продавец: | ООО ""ТД Комплект"", РБ, г.Минск, ул. Кнорина,д.50,к.302 А | | | Штрихкод: | | 6921501776079 | | | | | Габариты ДxШxВ, см: | 24.7 x 13.8 x 2.2 | | | Вес с упаковкой, кг: | 0.14 | | | | | | | | | | | | | | | | | | ECO | Садовая и силовая техника | | | | | | | | | Описание: | Быстросъемное соединение ПАПА входит в комплект поставки.",,https://content.tools.by/images/products/cb-0910776686/pRm/pRm4FmCi4y7z2vkJK8sRiUTXQlOlB0uDLpW5dwgH.jpg,https://tools.by/product/915866?slide=2
"Цепь 35 см 14"" 3/8"" LP 1.3 мм 52 зв. 38LTA (в блистере) ECO",CSP-38TA660,"21,60","Файлы | | | | | | | | | Производитель: | ECO GROUP HONG KONG LIMITED. UNIT 617, 6/F, 131-132 CONNAUGHT ROAD WEST, SOLO WORKSHOPS, HONG KONG | | | Назначение: | Садово-парковое назначение | | | Страна изготовления: | Китай | | | Импортер/Продавец: | ООО ""ТД Комплект"", РБ, г.Минск, ул. Кнорина,д.50,к.302 А | | | Штрихкод: | | 8212107216174 | | | | | Габариты ДxШxВ, см: | 16.8 x 9 x 2.5 | | | Вес с упаковкой, кг: | 0.204 | | | | | | | | | | | | | | | | | | ECO | Садовая и силовая техника | | | | | | | | | Описание: | Пильные цепи ECO Multli Sharp со слабой отдачей и специальной системой смазки Oilotec system для увеличения срока службы - оптимальный выбор режущей оснастки для Вашей бензопилы. Режущий зуб выполнен из качественной стали. | | аналог цепи OREGON - 91VXL052E. | | Упаковка: блистер с подвесом",,https://content.tools.by/images/products/cb-0130055640/PZl/PZlB83Cbz1NOowoDx7KFoogQQuP3c8TCy4XwSJIU.jpg,https://tools.by/product/1001337
Крышка топливного бака ECO GTP-X004,GTP-X025,"46,80","Производитель: | ECO GROUP HONG KONG LIMITED. UNIT 617, 6/F, 131-132 CONNAUGHT ROAD WEST, SOLO WORKSHOPS, HONG KONG | | | Назначение: | Садово-парковое назначение | | | Страна изготовления: | Китай | | | Импортер/Продавец: | ООО ""ТД Комплект"", РБ, г.Минск, ул. Кнорина,д.50,к.302 А | | | Штрихкод: | | 6920904821737 | | | | | Габариты ДxШxВ, см: | 13.5 x 5 x 13.5 | | | Вес с упаковкой, кг: | 0.022 | | | | | | | | | | | | | | | | | | ECO | Садовая и силовая техника | | | | | | | | | Описание: | Совместимость: | | Для моделей ECO GTP-145B, GTP-145F, GTP-145N, GTP-145R, GTP-185B, GTP-185F, GTP-185K, GTP-185N, GTP-185R, GTP-187F, GTP-189F | Для моделей DGM BC-210, BC-240, BC-241 | | Подходит ко многим мотокосам: ECO, DGM, GUNTER, SKIPER, DARC, MIKKELI, PATRIOT, DENZEL, CRAFTOP, LIDER, NIKKEY, PROKRAFT, MATRIX, WATT, CATMANN, GARDEN LINE, ELAND KASEI, ZIGZAG, DOLFIN, SOLO, GRASSHOPER, EUROTEK, PARK, DEMON, STERN, EXTEL, BIZON, MEGA, PROLAND, DOLMAR, MAGNUM, SKIPER, STURM и др. | | | | | Комплектация: | | + Крышка;",,https://content.tools.by/images/products/cb-1486748102/hDD/hDDAImVxiILY70nmP399T7JyHDMXDF4njWAHtxsn.jpg,https://tools.by/product/923489
"Цепь 15 см 6"" 1/4"" 1.1 мм 36 зв. 14TA (в блистере) ECO
                    (для мини-пил 6"", 36 звеньев)",HD-C38660,"24,00","Производитель: | ECO GROUP HONG KONG LIMITED, UNIT 617, 6/F, 131-132 CONNAUGHT ROAD WEST, SOLO WORKSHOPS, HONG KONG | | | Назначение: | | | | Страна изготовления: | Китай | | | Импортер/Продавец: | ООО ""ТД Комплект"", РБ, г.Минск, ул. Кнорина,д.50,к.302 А | | | Штрихкод: | | 6977125193297 | | | | | Габариты ДxШxВ, см: | 17 x 9 x 2.5 | | | Вес с упаковкой, кг: | 0.079 | | | | | | | | | | | | | | | | | | ECO | Садовая и силовая техника",,https://content.tools.by/images/products/cz-0550653000/3G7/3G72nyBUFJPHJzhc4mopourZu7FITRlR6t6SPRh5.jpg,https://tools.by/product/1681770
"Бензопила ECO CSP-235 шина 45 см (18""), 0.325"", 1.5 мм, 72 зв.
                    (2.30 кВт, 3.1 л.с., 45 см3, вес 6.4 кг)",HD6210-3,"551,00","Преимущества: | | ■ Шина 18"" (45 см) | ■ Система запуска Easy Start (Легкий запуск) | ■ Антивибрационная система | ■ Удобная рукоятка | ■ Нейлоновый воздушный фильтр | ■ Регулировка натяжения цепи | ■ Регулировка интенсивности подачи масла | | | | | | | | | | | Файлы | | | | | | | | | Производитель: | ECO GROUP HONG KONG LIMITED. UNIT 617, 6/F, 131-132 CONNAUGHT ROAD WEST, SOLO WORKSHOPS, HONG KONG, CHINA | | | Назначение: | | | | Страна изготовления: | Китай | | | Импортер/Продавец: | ООО ""ТД Комплект"", РБ, г.Минск, ул. Кнорина,д.50,к.302 А | | | Штрихкод: | | 8212107216808 | | | | | Габариты ДxШxВ, см: | 41 x 34 x 29.5 | | | Вес с упаковкой, кг: | 6.6 | | | | | | | | | | | | | | | | | | ECO | Садовая и силовая техника | | | | | | | | | Описание: | Универсальный инструмент для пиления и валки деревьев, заготовки дров с оптимальными характеристиками. | | | | | Комплектация: | | + Цепь, шина, пластиковый кожух, cвечной ключ, емкость для смешивания топливной смеси, отвертка, напильник.",,https://content.tools.by/images/products/cv-4673404946/FnG/FnGMkiE6nIIJ9OOrFdfFFzx7UFskGTg5sKPNsDMz.jpg,https://tools.by/product/1027774
Набор пневмоинструмента ECO SGK-51 (5 предметов),SGK-5,"87,00","Файлы | | | | | | | | | Производитель: | ECO GROUP HONG KONG LIMITED, UNIT 617, 6/F, 131-132 CONNAUGHT ROAD WEST, SOLO WORKSHOPS, HONG KONG | | | Назначение: | Для бытовых ремонтных работ | | | Страна изготовления: | Китай | | | Импортер/Продавец: | ООО ""ТД Комплект"", РБ, г.Минск, ул. Кнорина,д.50,к.302 А | | | Штрихкод: | | 8212107216297 | | | | | Габариты ДxШxВ, см: | 23 x 11 x 21 | | | Вес с упаковкой, кг: | 1.178 | | | | | | | | | | | | | | | | | | ECO | Садовая и силовая техника | | | | | | | | | Описание: | Базовый набор пневмоинструментов, состоящий из популярных компонентов, которые пригодятся начинающему пользователю воздушного компрессора. В набор входит краскораспылитель типа HVLP, пистолет для подкачки шин с манометром, продувочный пистолет для очистки поверхностей от пыли и сухой грязи, удлинительная насадка и спиральный пневматический шланг для подключения аксессуаров к компрессору. | Поставляется в картонной коробке. | | | | | Комплектация: | | + Краскораспылитель HVLP; | + Пластиковый бачок краскораспылителя; | + Пистолет для подкачки шин с манометром; | + Пистолет продувочный; | + Длинная насадка; | + Шланг спиральный; | + Картонная коробка.",,https://content.tools.by/images/products/cb-0844716096/Pfs/PfsfK7Cqodxar3wpFvPNA1GeD8M4rmlVYBnfuthY.jpg,https://tools.by/product/1010607?slide=2
"Фильтр возд. ECO AU-05-14 (1/4"")",AF-01B,"14,06","Преимущества: | | ■ Двухступенчатая система очистки. | ■ 99% очистка от воды и масляных примесей. | | | | | | | | | | | | | Производитель: | ECO GROUP HONG KONG LIMITED. UNIT 617, 6/F, 131-132 CONNAUGHT ROAD WEST, SOLO WORKSHOPS, HONG KONG, CHINA | | | Назначение: | | | | Страна изготовления: | Китай | | | Импортер/Продавец: | ООО ""ТД Комплект"", РБ, г.Минск, ул. Кнорина,д.50,к.302 А | | | Штрихкод: | | 6921501771135 | | | | | Габариты ДxШxВ, см: | 8.2 x 6.5 x 16.6 | | | Вес с упаковкой, кг: | 0.41 | | | | | | | | | | | | | | | | | | ECO | Садовая и силовая техника",,https://content.tools.by/images/products/cb-6851675700/UDm/UDmTk5S9xLlO10KJLMkKSxzMwKWHlu8gQiXU51Bi.jpg,https://tools.by/product/926566
"Соединение быстросъем. МАМА х внутр. резьба 1/2"" (сталь) ECO",AB-E10/E10,"3,83","Производитель: | ECO GROUP HONG KONG LIMITED, UNIT 617, 6/F, 131-132 CONNAUGHT ROAD WEST, SOLO WORKSHOPS, HONG KONG | | | Назначение: | Для обеспечения шланговых соединений | | | Страна изготовления: | Китай | | | Импортер/Продавец: | ООО ""ТД Комплект"", РБ, г.Минск, ул. Кнорина,д.50,к.302 А | | | Штрихкод: | | 5291501778139 | | | | | Габариты ДxШxВ, см: | 9.5 x 7.1 x 2.8 | | | Вес с упаковкой, кг: | 0.106 | | | | | | | | | | | | | | | | | | ECO | Садовая и силовая техника | | | | | | | | | Описание: | Соединение МАМА Европейского универсального типа (Euro universal type), подходит для быстросъемных соединений ПАПА следующих типов: США тип (USA type), Немецкий тип (Germany type), Орион тип (Orion type), Итальянский тип (Italian type). | Механизм замка - 6-ти шариковый | Никелевое покрытие стали для защиты от коррозии.",,https://content.tools.by/images/products/cb-5961915720/OjM/OjMVD3G78EyJFIGAYbZYjGJLIp5qliX8rI90PtKV.jpg,https://tools.by/product/911520
"Наконечник для подкачки шин (резьба 8 мм, угловой, сталь) ECO",DG4018-3,"6,50","Производитель: | ECO GROUP HONG KONG LIMITED, UNIT 617, 6/F, 131-132 CONNAUGHT ROAD WEST, SOLO WORKSHOPS, HONG KONG | | | Назначение: | | | | Страна изготовления: | Китай | | | Импортер/Продавец: | ООО ""ТД Комплект"", РБ, г.Минск, ул. Кнорина,д.50,к.302 А | | | Штрихкод: | | 6977125194997 | | | | | Габариты ДxШxВ, см: | 12 x 8.5 x 2.5 | | | Вес с упаковкой, кг: | 0.035 | | | | | | | | | | | | | | | | | | ECO | Садовая и силовая техника | | | | | | | | | Описание: | Наконечник для подкачки шин стальной угловой.",,https://content.tools.by/images/products/cz-0001516323/p0I/p0ItOUC5s2Rt0SCspTbKuZY8qxQ90wKO2NRUChdp.jpg,https://tools.by/product/1707704
"Трубка струйная для очистителя высокого давления ECO
                    (для ECO HPW-1400; HPW-1600)",HPW-X80106,"26,00","Производитель: | ECO GROUP HONG KONG LIMITED. UNIT 617, 6/F, 131-132 CONNAUGHT ROAD WEST, SOLO WORKSHOPS, HONG KONG, CHINA | | | Назначение: | | | | Страна изготовления: | Китай | | | Импортер/Продавец: | ООО ""ТД Комплект"", РБ, г.Минск, ул. Кнорина,д.50,к.302 А | | | Штрихкод: | | 6976215886385 | | | | | Габариты ДxШxВ, см: | 40 x 4 x 4 | | | Вес с упаковкой, кг: | 0.181 | | | | | | | | | | | | | | | | | | ECO | Садовая и силовая техника",,https://content.tools.by/images/products/cz-2837571392/5eB/5eB7vNZlnTOpPzR38QwJbqZeweaZCeJVwW3gJiTD.jpg,https://tools.by/product/1669131
"Насос садовый ECO GFI-13P, 1200 Вт
                    (1200 Вт, 3600 л/ч, 48 м)",GFI-07P,"275,50","Преимущества: | | ■ Асинхронный двигатель с защитой от перегрузок. | ■ Корпус насоса из нержавеющей стали. | | | | | | | | | | | Файлы | | | | | | | | | Производитель: | ECO GROUP HONG KONG LIMITED, UNIT 617, 6/F, 131-132 CONNAUGHT ROAD WEST, SOLO WORKSHOPS, HONG KONG | | | Назначение: | Для хозяйственных нужд | | | Страна изготовления: | Китай | | | Импортер/Продавец: | ООО ""ТД Комплект"", РБ, г.Минск, ул. Кнорина,д.50,к.302 А | | | Штрихкод: | | 8212107214835 | | | | | Габариты ДxШxВ, см: | 37.5 x 23 x 22 | | | Вес с упаковкой, кг: | 6.36 | | | | | | | | | | | | | | | | | | ECO | Садовая и силовая техника | | | | | | | | | Описание: | В комплект входит: входной патрубок 1 шт., выходной патрубок 1 шт.",,https://content.tools.by/images/products/cb-0059940063/ivf/ivflfONwJ3jfnlZyxsW31cR8OL1sLSCwQDV61fVr.jpg,https://tools.by/product/1011042
"Газонокосилка бензиновая ECO LG-735 самоходная
                    (6.0 л.с., шир. 51 см, самоходная, авт.заслонка, мульчир., стальн. корпус, травосборник 70 л)",LG-434,"810,00","Преимущества: | | ■ Самоходная с отключаемым приводом | ■ Бензиновый двигатель 6.0 л.с. MX196 | ■ Автоматическая воздушная заслонка | ■ Стальная дека | ■ Централизованная установка высоты (8 уровней) | ■ Регулировка высоты ручки (3 уровня) | ■ Ширина кошения 51 см | ■ Функция мульчирования (нож специальной формы и заглушка в комплекте) | ■ Боковой выброс | ■ Задний выброс | ■ Большие колеса 8""/11"" с подшипниками | ■ Мягкий травосборник 70 л с жестким пластиковым верхом | ■ Бумажный фильтр | ■ Индикатор заполненного контейнера | ■ Штуцер для подключения воды для очистки деки | | | | | | | | | | | Файлы | | | | | | | | | Производитель: | ECO GROUP HONG KONG LIMITED, UNIT 617, 6/F, 131-132 CONNAUGHT ROAD WEST, SOLO WORKSHOPS, HONG KONG | | | Назначение: | Садово-парковое назначение | | | Страна изготовления: | Китай | | | Импортер/Продавец: | ООО ""ТД Комплект"", РБ, г.Минск, ул. Кнорина,д.50,к.302 А | | | Штрихкод: | | 8212107216846 | | | | | Габариты ДxШxВ, см: | 90 x 58.5 x 50 | | | Вес с упаковкой, кг: | 41.2 | | | | | | | | | | | | | | | | | | ECO | Садовая и силовая техника | | | | | | | | | Описание: | Газонокосилка, оснащенная двигателем ECO MX196 с мощностью 6 л.с стандарта EURO5. Двигатель оснащен автоматической воздушной заслонкой, которая облегчает пуск двигателя. В отличие от моделей без автоматической заслонки нет необходимости подкачивать топливо перед запуском.",,https://content.tools.by/images/products/cv-0818233948/NLl/NLl0hrGn1GnMkDPjWkTxZ5tv5I19NcIqgFJ5tbFp.jpg,https://tools.by/product/1034346?slide=2
"Цепь 37 см 15"" 3/8"" 1.6 мм 56 зв. 38TA (в пласт. боксе) ECO",GS-381355,"12,00","Файлы | | | | | | | | | Производитель: | ECO GROUP HONG KONG LIMITED UNIT 617, 6/F, 131-132 CONNAUGHT ROAD WEST, SOLO WORKSHOPS, HONG KONG | | | Назначение: | Садово-парковое назначение | | | Страна изготовления: | Китай | | | Импортер/Продавец: | ООО ""ТД Комплект"", РБ, г.Минск, ул. Кнорина,д.50,к.302 А | | | Штрихкод: | | 8210803861940 | | | | | Габариты ДxШxВ, см: | 13 x 9 x 3 | | | Вес с упаковкой, кг: | 0.322 | | | | | | | | | | | | | | | | | | ECO | Садовая и силовая техника | | | | | | | | | Описание: | Пильные цепи ECO Multli Sharp со слабой отдачей и специальной системой смазки Oilotec system для увеличения срока службы - оптимальный выбор режущей оснастки для Вашей бензопилы. Режущий зуб выполнен из качественной стали. | | аналог цепи OREGON - Q75DP056E. | | Упаковка: пластиковый бокс.",,https://content.tools.by/images/products/cd-4925984584/G1r/G1rMt0S490NsHJSwbxNc1Y8UhPyJbs3sJ4AyOmYs.jpg,https://tools.by/product/1632346
"Цепь 40 см 16"" 3/8"" LP 1.3 мм 56 зв. 38LTA (в блистере) ECO",N1C-056E,"31,46","Файлы | | | | | | | | | Производитель: | ECO GROUP HONG KONG LIMITED. UNIT 617, 6/F, 131-132 CONNAUGHT ROAD WEST, SOLO WORKSHOPS, HONG KONG | | | Назначение: | Садово-парковое назначение | | | Страна изготовления: | Китай | | | Импортер/Продавец: | ООО ""ТД Комплект"", РБ, г.Минск, ул. Кнорина,д.50,к.302 А | | | Штрихкод: | | 8212107216181 | | | | | Габариты ДxШxВ, см: | 16.8 x 9 x 2.5 | | | Вес с упаковкой, кг: | 0.211 | | | | | | | | | | | | | | | | | | ECO | Садовая и силовая техника | | | | | | | | | Описание: | Пильные цепи ECO Multli Sharp со слабой отдачей и специальной системой смазки Oilotec system для увеличения срока службы - оптимальный выбор режущей оснастки для Вашей бензопилы. Режущий зуб выполнен из качественной стали. | | аналог цепи OREGON - 91VXL056E. | Упаковка: блистер с подвесом",,https://content.tools.by/images/products/cb-5932616085/ZFN/ZFN0oWYXyWhLqxki6oQ4gAZG98mNLaEQyoHFQMiZ.jpg,https://tools.by/product/1001340
"Электростанция (генератор инверторный бензиновый) ECO PE-2500RQi
                    (инверторный, 2.0 кВт, 230 В, бак 4.0 л, вес 20 кг)",PE-4001RS,"684,00","Преимущества: | | ■ Компактность и удобство транспортировки. | ■ Низкий уровень шума | ■ Цифровой вольтметр (напряжение, частота тока, счётчик мото-часов) | ■ Чистое синусоидальное напряжение на выходе | ■ Медная обмотка альтернатора | ■ ECO режим для экономии толива | ■ Защита от низкого уровня масла | ■ Защита от перегрузки | ■ Чугунная гильза, увеличивающая моторесурс двигателя | ■ | | | | | | | | | | | Файлы | | | | | | | | | Производитель: | ECO GROUP HONG KONG LIMITED, UNIT 617, 6/F, 131-132 CONNAUGHT ROAD WEST, SOLO WORKSHOPS, HONG KONG | | | Назначение: | | | | Страна изготовления: | Китай | | | Импортер/Продавец: | ООО ""ТД Комплект"", РБ, г.Минск, ул. Кнорина,д.50,к.302 А | | | Штрихкод: | | 6979163403680 | | | | | Габариты ДxШxВ, см: | 54.5 x 36.3 x 51 | | | Вес с упаковкой, кг: | 21.9 | | | | | | | | | | | | | | | | | | ECO | Садовая и силовая техника | | | | | | | | | Описание: | Инверторный генератор ECO PE-2500RQi предназначен для автономного электроснабжения устройств с высокими требованиями к качеству электрической энергии в условиях отсутствия бытовой электросети. | | Внимание! При подборе электростанции необходимо учитывать пусковые токи устройства-потребителя электроэнергии. | Внимание! Двигатель поставляется без масла! Рекомендуемое моторное масло - 10W-40. | | | | | Комплектация: | | + Электростанция; | + Вилка 16 А, 220 В - 2 шт.; | + Свечной ключ; | + Воронка; | + Руководство по эксплуатации;",,https://content.tools.by/images/products/ci-7579586640/I0Z/I0ZtdSODe7knOyfNl0pMAXkJArObNPgPYSfjOufx.jpg,https://tools.by/product/1742325
"Шланг армированный на катушке ф 10/16 мм с быстросъемн. соед. ECO (длина 15 м)
                    (толщ.стенки: 3 мм)",AHR-0506,"45,60","Преимущества: | | ■ Шланг предназначен для соединения воздухонагнетательного оборудования с различным пневматическим инструментом. Оборудован катушкой закрытого типа. Имеет поворотный 180° кронштейн для крепления к стене. Катушка оснащена системой автоматической смотки. На шланге имеется передвижной ограничитель. | ■ Шланг оборудован стальными быстросъемными соединениями ПАПА и МАМА. | ■ Материал шланга устойчив к воздействию ультрафиолета. | | | | | | | | | | | | | Производитель: | ECO GROUP HONG KONG LIMITED, UNIT 617, 6/F, 131-132 CONNAUGHT ROAD WEST, SOLO WORKSHOPS, HONG KONG | | | Назначение: | | | | Страна изготовления: | Китай | | | Импортер/Продавец: | ООО ""ТД Комплект"", РБ, г.Минск, ул. Кнорина,д.50,к.302 А | | | Штрихкод: | | 6977125195802 | | | | | Габариты ДxШxВ, см: | 46 x 20 x 43 | | | Вес с упаковкой, кг: | 7.12 | | | | | | | | | | | | | | | | | | ECO | Садовая и силовая техника",,https://content.tools.by/images/products/cz-0000436000/HI9/HI9xlO9knXc34dckeyW4uFsjJYMqztP6oUTAnLnX.jpg,https://tools.by/product/1707683
"Компрессор автомобильный ECO AE-016-1
                    (12 В, 150 Вт, 40 л/мин, 10 бар (манометр 7 бар), съемный спир. шланг, сумка)",EC3010-2,"128,70","Преимущества: | | ■ Двигатель со 100% медной обмоткой обеспечивает гарантированно высокий ресурс устройства | ■ Тефлоновый поршень с подшипником | ■ Быстросъемный коннектор для выходного шланга | ■ Спиральный шланг 3 м в комплекте | ■ Время накачивания колеса 195/65/R15 до давления 2 бар: 3-4 мин* | ■ Манометр с защитной накладкой градуирован до 7 бар | ■ Удобная ручка для переноски | ■ Резьбовой коннектор с антикороззийным напылением | ■ Антивибрационные резиновые ножки. | ■ | ■ *время указано с запасом, на практике реальное время зависит от размера и степени накачки колеса, температуры и влажности воздуха. | | | | | | | | | | | Файлы | | | | | | | | | Производитель: | ECO GROUP HONG KONG LIMITED. UNIT 617, 6/F, 131-132 CONNAUGHT ROAD WEST, SOLO WORKSHOPS, HONG KONG, CHINA | | | Назначение: | Для компрессии воздуха | | | Страна изготовления: | Китай | | | Импортер/Продавец: | ООО ""ТД Комплект"", РБ, г.Минск, ул. Кнорина,д.50,к.302 А | | | Штрихкод: | | 8213112891318 | | | | | Габариты ДxШxВ, см: | 20.4 x 13.5 x 16.5 | | | Вес с упаковкой, кг: | 1.667 | | | | | | | | | | | | | | | | | | ECO | Садовая и силовая техника | | | | | | | | | Комплектация: | | + Компрессор; | + Спиральный шланг 3 м; | + Чехол для хранения; | + 3 дополнительные насадки для накачивания мячей, матрасов и т.д.; | + Руководство по эксплуатации;",,https://content.tools.by/images/products/cv-1149348000/1iV/1iV0gOTfJdunF6Mmh9kwO5GnopR0VpfDyY2APFYW.jpg,https://tools.by/product/1037278?slide=2
"Мотобур ECO GD-53
                    (1.85 кВт; 10 кг; шнек до 200 мм)",DG3510-1,"408,00","Преимущества: | | ■ Эргономичная рукоятка с регулировкой в 2-х положениях | ■ Все органы управления расположены на одной рукоятке для удобного управления рабочим процессом | ■ Эффективная антивибрационная система | ■ Использование улучшенного (усиленного) ручного стартера с системой лёгкий запуск | ■ Надежный 2-х тактный двигатель с увеличенным моторесурсом | ■ Редуктор повышенной прочности | ■ Топливный бак с полупрозрачными стенками | ■ Праймер (система лёгкого запуска) | ■ Ударопрочный корпус двигателя | ■ Два поршневых кольца для высокой компрессии. | | | | | | | | | | | Файлы | | | | | | | | | Производитель: | ECO GROUP HONG KONG LIMITED, UNIT 617, 6/F, 131-132 CONNAUGHT ROAD WEST, SOLO WORKSHOPS, HONG KONG | | | Назначение: | Садово-парковое назначение | | | Страна изготовления: | Китай | | | Импортер/Продавец: | ООО ""ТД Комплект"", РБ, г.Минск, ул. Кнорина,д.50,к.302 А | | | Штрихкод: | | 8212107216105 | | | | | Габариты ДxШxВ, см: | 39.5 x 30 x 36 | | | Вес с упаковкой, кг: | 10.2 | | | | | | | | | | | | | | | | | | ECO | Садовая и силовая техника | | | | | | | | | Описание: | БЕЗ БУРА - бур необходимого диаметра приобретается отдельно! | | Мощное и универсальное оборудование для применения в коммунальном хозяйстве или на приусадебном участке. Область применения: установка свайных фундаментов, ограждений и заборов, посадка деревьев. | | | | | Комплектация: | | + Мотобур (двигатель); | + cвечной ключ; | + емкость для смешивания топливной смеси; | + набор шестигранных и рожковых ключей; | + инструкция по эксплуатации.",,https://content.tools.by/images/products/cb-2871478822/TJV/TJVNTxInf4JpTQPgR0nv5DxcrlXqyqtBvYn5MIYD.jpg,https://tools.by/product/999419
"Пневмогайковерт 1/2"" ECO AIW-1300S
                    (1100 Нм; Ударный мех-м: twin hammer; 198 л/мин; 7800 об/мин; Макс. резьба: М16)",KAAU0808,"528,00","Преимущества: | | ■ 3-х ступенчатая регулировка крутящего момента | ■ Функция реверса | ■ В комплекте три сменные головки из высококачественной легированной стали (17, 19 и 21 мм) | ■ Эргономичный дизайн | ■ Корпус из прочного материала, устойчивого к износу и повреждениям | | | | | | | | | | | Файлы | | | | | | | | | Производитель: | ECO GROUP HONG KONG LIMITED, UNIT 617, 6/F, 131-132 CONNAUGHT ROAD WEST, SOLO WORKSHOPS, HONG KONG | | | Назначение: | | | | Страна изготовления: | Китай | | | Импортер/Продавец: | ООО ""ТД Комплект"", РБ, г.Минск, ул. Кнорина,д.50,к.302 А | | | Штрихкод: | | 6977125190814 | | | | | Габариты ДxШxВ, см: | 18.5 x 6.9 x 18.5 | | | Вес с упаковкой, кг: | 3.246 | | | | | | | | | | | | | | | | | | ECO | Садовая и силовая техника | | | | | | | | | Комплектация: | | + Пневмогайковерт; | + Сменные головки из хромомолибденовой стали 1/2"" - 3 шт (17 мм, 19 мм, 21 мм); | + Ключ шестигранный на 5 мм; | + Быстросъем. штуцер ПАПА х нар. резьба 1/4"" (сталь); | + Масло для пневмоинструмента; | + Руководство по эксплуатации; | + Коробка;",,https://content.tools.by/images/products/cz-9695319099/Jqp/JqpnOHKouI3XP2siEsiJFChd5naMPoz2lEdEvgrM.jpg,https://tools.by/product/1677694
Сопло к пескоструйному пистолету ECO ASB-041H,EC3923-6,"72,00","Производитель: | ECO GROUP HONG KONG LIMITED, UNIT 617, 6/F, 131-132 CONNAUGHT ROAD WEST, SOLO WORKSHOPS, HONG KONG | | | Назначение: | Для бытовых ремонтных работ | | | Страна изготовления: | Китай | | | Импортер/Продавец: | ООО ""ТД Комплект"", РБ, г.Минск, ул. Кнорина,д.50,к.302 А | | | Штрихкод: | | 6920401862530 | | | | | Габариты ДxШxВ, см: | 5 x 1 x 1 | | | Вес с упаковкой, кг: | 0.035 | | | | | | | | | | | | | | | | | | ECO | Садовая и силовая техника",,https://content.tools.by/images/products/cb-0020193472/usQ/usQm72rpCL1LSSdQVhlmroiWmFNWdGiB9FGQ8ZDh.jpg,https://tools.by/product/943995
"Электростанция (генератор бензиновый) ECO PE-9001ES
                    (электростарт, 6,5 кВт, 220 В, автозапуск*, бак 25.0 л, вес 81.9 кг)",PE-4001RS,"684,00","Преимущества: | | ■ Максимальная мощность 6,5 кВт для напряжения 220 В | ■ Разъём для подключения блока автоматики (автозапуск АВР) | ■ Электрозапуск и АКБ в комплекте | ■ Медная обмотка альтернатора | ■ Силовая розетка на 6,5 кВт | ■ Стандартная розетка на 2,1 кВт | ■ Максимальная мощность двигателя 15 л.с. | ■ Блок AVR для стабильного напряжения | ■ Защита от низкого уровня масла | ■ Защита от перегрузки | ■ Индикатор уровня топлива | ■ Цифровой индикатор 3-в-1: вольтметр, частотометр, счетчик моточасов | ■ Чугунная гильза, увеличивающая моторесурс двигателя | ■ Жёсткая рама | ■ Низкий уровень шума | | | | | | | | | | | Файлы | | | | | | | | | Производитель: | ECO GROUP HONG KONG LIMITED, UNIT 617, 6/F, 131-132 CONNAUGHT ROAD WEST, SOLO WORKSHOPS, HONG KONG | | | Назначение: | Для хозяйственных нужд | | | Страна изготовления: | Китай | | | Импортер/Продавец: | ООО ""ТД Комплект"", РБ, г.Минск, ул. Кнорина,д.50,к.302 А | | | Штрихкод: | | 8210803861537 | | | | | Габариты ДxШxВ, см: | 70 x 55 x 55 | | | Вес с упаковкой, кг: | 83.9 | | | | | | | | | | | | | | | | | | ECO | Садовая и силовая техника | | | | | | | | | Описание: | Мощная и надежная электростанция ECO PE-9001ES с электростартером и автоматическим запуском* предназначена для питания электроприборов средней и большой мощности, домов, дач, складов, малых предприятий. Блок AVR обеспечивает более стабильное и чистое напряжение на выходе. | | Внимание! При подборе электростанции необходимо учитывать пусковые токи устройства-потребителя электроэнергии. Внимание! Двигатель поставляется без масла! Рекомендуемое моторное масло - 10W-40. *для работы автоматического запуска требуется дополнительно приобрести блок автоматики ECO PE-ATS (арт. EC1712-6) | | | | | Комплектация: | | + Электростанция; | + Вилка 16А, 220В; | + Вилка 32А, 220В; | + Аккумуляторная батарея; | + Свечной ключ; | + Руководство по эксплуатации;",,https://content.tools.by/images/products/cv-0384584616/6ZN/6ZNRAG10A6qRahQxPb4hhasb5szrSCIsxxmeogyX.jpg,https://tools.by/product/1557280
"Насос погружной для загрязненной воды, нерж. ECO DI-903, 900Вт
                    (900 Вт, 14500 л/ч, 9 м)",AS4410-2,"311,30","Преимущества: | | ■ Асинхронный двигатель с защитой от перегрузок. | ■ Автоматическое включениевыключение при помощи поплавкового выключателя. | ■ Корпус насоса из нержавеющей стали. | ■ Крыльчатка из технополимера разработана специально для загрязненной воды. | ■ Клапана деаэрации автоматически развоздушивают полость насоса. | | | | | | | | | | | Файлы | | | | | | | | | Производитель: | ECO GROUP HONG KONG LIMITED, UNIT 617, 6/F, 131-132 CONNAUGHT ROAD WEST, SOLO WORKSHOPS, HONG KONG | | | Назначение: | Для хозяйственных нужд | | | Страна изготовления: | Китай | | | Импортер/Продавец: | ООО ""ТД Комплект"", РБ, г.Минск, ул. Кнорина,д.50,к.302 А | | | Штрихкод: | | 8212107214828 | | | | | Габариты ДxШxВ, см: | 22 x 16 x 37 | | | Вес с упаковкой, кг: | 5.56 | | | | | | | | | | | | | | | | | | ECO | Садовая и силовая техника | | | | | | | | | Описание: | В комплект входит универсальный патрубок с угловым коленом.",,https://content.tools.by/images/products/cb-4086816727/Hja/HjaB2y9LKswMP8Ck3JeUH5oFJKB5wiPpKjMyzPws.jpg,https://tools.by/product/997483
Коленвал CSP-011 ECO,CSP-HU236/240-007,"46,80","Производитель: | ECO GROUP HONG KONG LIMITED. UNIT 617, 6/F, 131-132 CONNAUGHT ROAD WEST, SOLO WORKSHOPS, HONG KONG | | | Назначение: | Запасные части | | | Страна изготовления: | Китай | | | Импортер/Продавец: | ООО ""ТД Комплект"", РБ, г.Минск, ул. Кнорина,д.50,к.302 А | | | Штрихкод: | | 6920904821195 | | | | | Габариты ДxШxВ, см: | 14 x 8 x 5 | | | Вес с упаковкой, кг: | 0.208 | | | | | | | | | | | | | | | | | | ECO | Садовая и силовая техника | | | | | | | | | Описание: | | Совместимость: | | ECO: CSP-150, CSP-151 | Stihl: 017; 018; 019T; MS 170; MS 170C; MS 180; MS 180C; MS 190T; MS 191T | | | | | Комплектация: | | + Коленвал;",,https://content.tools.by/images/products/cb-0003133440/dTb/dTbdT5B2sWZeqA519fd6IjTnMSosy8b84hXnoHlt.jpg,https://tools.by/product/929531
"Свеча зажигания ECO GTP-X040
                    (4Т; М14*1.25; резьба 19 мм)",443223021499-L,"7,74","Производитель: | ECO GROUP HONG KONG LIMITED. UNIT 617, 6/F, 131-132 CONNAUGHT ROAD WEST, SOLO WORKSHOPS, HONG KONG | | | Назначение: | Садово-парковое назначение | | | Страна изготовления: | Китай | | | Импортер/Продавец: | ООО ""ТД Комплект"", РБ, г.Минск, ул. Кнорина,д.50,к.302 А | | | Штрихкод: | | 8210803861704 | | | | | Габариты ДxШxВ, см: | 8.4 x 2 x 2 | | | Вес с упаковкой, кг: | 0.058 | | | | | | | | | | | | | | | | | | ECO | Садовая и силовая техника | | | | | | | | | Описание: | | Свеча зажигания для четырёхтактных двигателей культиваторов, электростанций, газонокосилок. | Применяется практически во всех 4Т бензиновых двигателях используемых в садовой технике, аналог BOSCH WR7DC, NGK BPR6ES, CHAMPION RN9YC, OREGON O-LR15YC, BRISK LR15YC-1, TORCH F6RTC и др... | | Совместимость: | | Подходит ко многим устройствам с 4Т двигателями: ECO, FERMER, ASILAK, SKIPER, PATRIOT, DENZEL, NIKKEY, PROKRAFT, WATT, ELAND ZIGZAG, GRASSHOPER, EUROTEK, PARK, STERN, EXTEL, PROLAND, MAGNUM, STURM и др. | | | | | Комплектация: | | + Свеча;",,https://content.tools.by/images/products/cg-0013630253/Xkx/XkxUtgs002nSGuuh4ULh7Z4N3lIWlr3rHs6p1XzT.jpg,https://tools.by/product/1633280
"Опрыскиватель ранцевый бензиновый ECO PS-471
                    (2Т двигатель 3,5л.с.; бак 14 л; произв-сть воздушной смеси 1260м3/ч; расход жидкости до 3,0 л/мин)",UB1103,"214,92","Файлы | | | | | | | | | Производитель: | ECO GROUP HONG KONG LIMITED, UNIT 617, 6/F, 131-132 CONNAUGHT ROAD WEST, SOLO WORKSHOPS, HONG KONG | | | Назначение: | | | | Страна изготовления: | Китай | | | Импортер/Продавец: | ООО ""ТД Комплект"", РБ, г.Минск, ул. Кнорина,д.50,к.302 А | | | Штрихкод: | | 8210803863241 | | | | | Габариты ДxШxВ, см: | 50 x 33.5 x 69 | | | Вес с упаковкой, кг: | 12.5 | | | | | | | | | | | | | | | | | | ECO | Садовая и силовая техника | | | | | | | | | Описание: | Ранцевый бензиновый опрыскиватель используется в домашнем хозяйстве для ухода за растениями, подкормки растений и уничтожения насекомых. Также может использоваться для рассеивания семян, порошковых, гранулированных химикатов и как воздуходувное устройство. | Устройство оснащено мощным бензиновым двигателем 2.6 кВт, поэтому обеспечивает мобильность, с ним можно работать в поле и саду, не привязываясь к наличию розетки и электросети. | Ранцевая система позволяет перемещать опрыскиватель на спине во время его использования и равномерно распределять нагрузку, все элементы управления расположены на рукоятке. | | Особенности: | - опрыскиватель ранцевого типа; | - комплект для работы с сухими и сыпущими веществами в комплекте; | - двухтактный бензиновый двигатель; | - регулируемый расход жидкости 0,14 - 3,0 лмин; | - антивибрационные подушки двигателя; | - бак для жидкости 14 литров для продолжительной работы; | - большая заливная горловина с фильтром; | - сливная пробка на баке; | | Комплект: | Мотоопрыскиватель в сборе; | Напорная труба; | Комплект для работы с сухими веществами; | Шланг гибкий;",,https://content.tools.by/images/products/ce-2934458028/rdo/rdoK3nJHZLmOnl0mQctBUdAVgj2xRPRjB7yHTJ42.jpg,https://tools.by/product/1638293
Пистолет продувочный ECO ABG-250 (250мм),DG4018-3,"6,50","Преимущества: | | ■ удлиненное металлическое сопло для труднодоступных мест | ■ эргономичная рукоятка | ■ удобный длинный курок-триггер | | | | | | | | | | | Файлы | | | | | | | | | Производитель: | ECO GROUP HONG KONG LIMITED. UNIT 617, 6/F, 131-132 CONNAUGHT ROAD WEST, SOLO WORKSHOPS, HONG KONG, CHINA | | | Назначение: | Для бытовых ремонтных работ | | | Страна изготовления: | Китай | | | Импортер/Продавец: | ООО ""ТД Комплект"", РБ, г.Минск, ул. Кнорина,д.50,к.302 А | | | Штрихкод: | | 8212107216310 | | | | | Габариты ДxШxВ, см: | 47 x 15 x 2.3 | | | Вес с упаковкой, кг: | 0.195 | | | | | | | | | | | | | | | | | | ECO | Садовая и силовая техника | | | | | | | | | Описание: | Быстросъемное соединение ПАПА входит в комплект поставки.",,https://content.tools.by/images/products/cb-1136163392/RuI/RuIQw4lV8HZjPyduhUflyP6JD9kcs7Svi3jqvixB.jpg,https://tools.by/product/1010613
"Компрессор ECO AE-10-OF1 безмасляный
                    (120 л/мин, 8 атм, коаксиальный, безмасляный, ресив. 10 л, 220 В, 0,7 кВт)",AE-50-OF1,"860,60","Преимущества: | | ■ Компактный и удобный для переноски | ■ Для использования не требуется заливка масла | ■ Низкий уровень шума | ■ 2-цилиндровый | ■ Регулятор давления | ■ Электромагнитный клапан | ■ Манометры с металлическим корпусом | ■ -Дополнительная воздушная трубка для уменьшения уровня шума | ■ Воздушный фильтр с бумажным фильтроэлементом | | | | | | | | | | | Файлы | | | | | | | | | Производитель: | ECO GROUP HONG KONG LIMITED, UNIT 617, 6/F, 131-132 CONNAUGHT ROAD WEST, SOLO WORKSHOPS, HONG KONG | | | Назначение: | Для компрессии воздуха | | | Страна изготовления: | Китай | | | Импортер/Продавец: | ООО ""ТД Комплект"", РБ, г.Минск, ул. Кнорина,д.50,к.302 А | | | Штрихкод: | | 8213112891547 | | | | | Габариты ДxШxВ, см: | 49 x 21 x 49 | | | Вес с упаковкой, кг: | 15.4 | | | | | | | | | | | | | | | | | | ECO | Садовая и силовая техника | | | | | | | | | Комплектация: | | + Компрессор; | + Фильтр воздушный (1 шт); | + Воздушная трубка (1шт);",,https://content.tools.by/images/products/cv-2257750656/pci/pcizBxCfQEMl7Di3X06HbFVrmbtXoOobFO3RK2y7.jpg,https://tools.by/product/1054116
"Бур почвенный ф150х800x20мм ECO ED-152
                    (Двухзаходный)",EX-100,"46,80","Производитель: | ECO GROUP HONG KONG LIMITED, UNIT 617, 6/F, 131-132 CONNAUGHT ROAD WEST, SOLO WORKSHOPS, HONG KONG | | | Назначение: | | | | Страна изготовления: | Китай | | | Импортер/Продавец: | ООО ""ТД Комплект"", РБ, г.Минск, ул. Кнорина,д.50,к.302 А | | | Штрихкод: | | 6977125192665 | | | | | Габариты ДxШxВ, см: | 81 x 16 x 16 | | | Вес с упаковкой, кг: | 3.743 | | | | | | | | | | | | | | | | | | ECO | Садовая и силовая техника",,https://content.tools.by/images/products/cz-1042590744/8rE/8rEg41j1FlRWZq1pjn6jm5RgOKgedKdwJxb7MlT2.jpg,https://tools.by/product/1681366
"Опрыскиватель ранцевый бензиновый ECO PS-371
                    (2Т двигатель 2,8л.с.; бак 14 л; произв-сть воздушной смеси 1130м3/ч; расход жидкости до 1,8 л/мин)",ST6561-02,"15,55","Файлы | | | | | | | | | Производитель: | ECO GROUP HONG KONG LIMITED, UNIT 617, 6/F, 131-132 CONNAUGHT ROAD WEST, SOLO WORKSHOPS, HONG KONG | | | Назначение: | | | | Страна изготовления: | Китай | | | Импортер/Продавец: | ООО ""ТД Комплект"", РБ, г.Минск, ул. Кнорина,д.50,к.302 А | | | Штрихкод: | | 8210803863234 | | | | | Габариты ДxШxВ, см: | 48.7 x 41 x 73 | | | Вес с упаковкой, кг: | 12.75 | | | | | | | | | | | | | | | | | | ECO | Садовая и силовая техника | | | | | | | | | Описание: | Ранцевый бензиновый опрыскиватель используется в домашнем хозяйстве для ухода за растениями, подкормки растений и уничтожения насекомых. Также может использоваться для рассеивания семян, порошковых, гранулированных химикатов и как воздуходувное устройство. | Устройство оснащено мощным бензиновым двигателем 2.1 кВт, поэтому обеспечивает мобильность, с ним можно работать в поле и саду, не привязываясь к наличию розетки и электросети. | Ранцевая система позволяет перемещать опрыскиватель на спине во время его использования и равномерно распределять нагрузку, все элементы управления расположены на рукоятке. | | Особенности: | - опрыскиватель ранцевого типа; | - комплект для работы с сухими и сыпущими веществами в комплекте; | - двухтактный бензиновый двигатель; | - регулируемый расход жидкости 0,12 - 1,8 лмин; | - антивибрационные подушки двигателя; | - бак для жидкости 14 литров для продолжительной работы; | - большая заливная горловина с фильтром; | - сливная пробка на баке; | Комплект: | Мотоопрыскиватель в сборе; | Напорная труба; | Комплект для работы с сухими веществами; | Шланг гибкий;",,https://content.tools.by/images/products/ce-1820313200/isw/isw01xGdeEGwPTg0tM9RIkAbGZjFw7VNwWH2TrAe.jpg,https://tools.by/product/1638294?slide=2
"Насос садовый ECO GFI-13P, 1200 Вт
                    (1200 Вт, 3600 л/ч, 48 м)",GFI-07P,"275,50","Преимущества: | | ■ Асинхронный двигатель с защитой от перегрузок. | ■ Корпус насоса из нержавеющей стали. | | | | | | | | | | | Файлы | | | | | | | | | Производитель: | ECO GROUP HONG KONG LIMITED, UNIT 617, 6/F, 131-132 CONNAUGHT ROAD WEST, SOLO WORKSHOPS, HONG KONG | | | Назначение: | Для хозяйственных нужд | | | Страна изготовления: | Китай | | | Импортер/Продавец: | ООО ""ТД Комплект"", РБ, г.Минск, ул. Кнорина,д.50,к.302 А | | | Штрихкод: | | 8212107214835 | | | | | Габариты ДxШxВ, см: | 37.5 x 23 x 22 | | | Вес с упаковкой, кг: | 6.36 | | | | | | | | | | | | | | | | | | ECO | Садовая и силовая техника | | | | | | | | | Описание: | В комплект входит: входной патрубок 1 шт., выходной патрубок 1 шт.",,https://content.tools.by/images/products/cb-0059940063/ivf/ivflfONwJ3jfnlZyxsW31cR8OL1sLSCwQDV61fVr.jpg,https://tools.by/product/1011042?slide=2
"Соединение быстросъем. МАМА х внутр. резьба 3/8"" (латунь) ECO",AS-FT14/B1,"1,80","Производитель: | ECO GROUP HONG KONG LIMITED, UNIT 617, 6/F, 131-132 CONNAUGHT ROAD WEST, SOLO WORKSHOPS, HONG KONG | | | Назначение: | Для обеспечения шланговых соединений | | | Страна изготовления: | Китай | | | Импортер/Продавец: | ООО ""ТД Комплект"", РБ, г.Минск, ул. Кнорина,д.50,к.302 А | | | Штрихкод: | | 5291501778207 | | | | | Габариты ДxШxВ, см: | 9 x 7 x 2.2 | | | Вес с упаковкой, кг: | 0.08 | | | | | | | | | | | | | | | | | | ECO | Садовая и силовая техника | | | | | | | | | Описание: | Соединение МАМА Европейского универсального типа (Euro universal type), подходит для быстросъемных соединений ПАПА следующих типов: США тип (USA type), Немецкий тип (Germany type), Орион тип (Orion type), Итальянский тип (Italian type). | Механизм замка - 6-ти шариковый | Латунный корпус исключает возможность появления коррозии.",,https://content.tools.by/images/products/cb-0334253304/xdW/xdWpSYhGCU2ux4uB3TlcZplDtyR16mvvZUOXiNsG.jpg,https://tools.by/product/911449
"Электростанция (генератор инверторный бензиновый) ECO PE-1100RSI
                    (инверторный, 1.1 кВт, 230 В, бак 3.2 л, вес 13 кг)",DG1810-2,"689,00","Преимущества: | | ■ Чистое синусоидальное напряжение на выходе | ■ Легкий вес и компактный размер для удобной транспортировки | ■ Медная обмотка альтернатора | ■ Низкий уровень шума | ■ Защита от низкого уровня масла | ■ Защита от перегрузки | ■ Чугунная гильза, увеличивающая моторесурс двигателя | | | | | | | | | | | Файлы | | | | | | | | | Производитель: | ECO GROUP HONG KONG LIMITED, UNIT 617, 6/F, 131-132 CONNAUGHT ROAD WEST, SOLO WORKSHOPS, HONG KONG | | | Назначение: | | | | Страна изготовления: | Китай | | | Импортер/Продавец: | ООО ""ТД Комплект"", РБ, г.Минск, ул. Кнорина,д.50,к.302 А | | | Штрихкод: | | 6977125197417 | | | | | Габариты ДxШxВ, см: | 39 x 37 x 38 | | | Вес с упаковкой, кг: | 13.95 | | | | | | | | | | | | | | | | | | ECO | Садовая и силовая техника | | | | | | | | | Описание: | Легкая и компактная, недорогая и экономичная переносная электростанция придется по вкусу автотуристам и любителям пикников. Инверторный генератор ECO PE-1100RSI с ручным запуском предназначен для автономного электроснабжения устройств с высокими требованиями к качеству электрической энергии в условиях отсутствия бытовой электросети. | | Внимание! При подборе электростанции необходимо учитывать пусковые токи устройства-потребителя электроэнергии. Внимание! Двигатель поставляется без масла! Рекомендуемое моторное масло - 10W-40. | | | | | Комплектация: | | + Электростанция; | + Рукоятка для переноски; | + Вилка 16 А, 220 В - 1 шт.; | + Свечной ключ; | + Руководство по эксплуатации;",,https://content.tools.by/images/products/cz-0660224250/V8q/V8qSoeYqbSvuN0JSoOYT7V7MYtiXzZxm4ZOUgjwS.jpg,https://tools.by/product/1690129
Нож для мотокосы 3 зуб. 255х1.4х25.4 мм ECO,GTP-24T,"19,00","Производитель: | ECO GROUP HONG KONG LIMITED. UNIT 617, 6/F, 131-132 CONNAUGHT ROAD WEST, SOLO WORKSHOPS, HONG KONG | | | Назначение: | | | | Страна изготовления: | Китай | | | Импортер/Продавец: | ООО ""ТД Комплект"", РБ, г.Минск, ул. Кнорина,д.50,к.302 А | | | Штрихкод: | | 6921210726402 | | | | | Габариты ДxШxВ, см: | 26.5 x 28.3 x 0.1 | | | Вес с упаковкой, кг: | 0.226 | | | | | | | | | | | | | | | | | | ECO | Садовая и силовая техника | | | | | | | | | Описание: | Высококачественный и прочный нож для мотокосы из стали. | Нож покрыт специальным антикоррозийным покрытием, благодаря которому можно косить влажную траву. Обладает небольшим весом и подходит как к профессиональному, так и бытовому оборудованию. | Предназначен для скашивания жесткой, свалявшейся травы и кустарника.",,https://content.tools.by/images/products/cb-3757578240/QB5/QB5MwWo8MXDeCVd6PnqGJb5cmmDzAIpa2DxkEwwZ.jpg,https://tools.by/product/914225
"Мотопомпа бензиновая ECO WP-1204C
                    (для слабозагрязненной воды, 4,9 кВт, 1200 л/мин, 3"")",EC2012-1,"1 188,00","Файлы | | | | | | | | | Производитель: | ECO GROUP HONG KONG LIMITED, UNIT 617, 6/F, 131-132 CONNAUGHT ROAD WEST, SOLO WORKSHOPS, HONG KONG | | | Назначение: | Для хозяйственных нужд | | | Страна изготовления: | Китай | | | Импортер/Продавец: | ООО ""ТД Комплект"", РБ, г.Минск, ул. Кнорина,д.50,к.302 А | | | Штрихкод: | | 8212107214613 | | | | | Габариты ДxШxВ, см: | 51 x 40 x 44 | | | Вес с упаковкой, кг: | 23 | | | | | | | | | | | | | | | | | | ECO | Садовая и силовая техника | | | | | | | | | Описание: | Мотопомпа обладает хорошей производительностью - 1200 л/мин. Она используется для перекачки и откачивания воды. Модель оснащена мощным 4-х тактным двигателем 6,5 л.с. с воздушным охлаждением. Прочная металлическая рама служит для защиты мотопомпы от повреждений и облегчает её транспортировку. Мотопомпа комплектуется патрубками для присоединения шлангов. | | | | | Комплектация: | | + Мотопомпа – 1 шт. | + Прокладка – 2 шт. | + Фланец всасывающего шланга – 1 шт. | + Фланец напорного шланга – 1 шт. | + Гайка фланца – 2 шт. | + Хомут – 3 шт. | + Фильтр грубой очистки – 1 шт. | + Свечной ключ – 1 шт. | + Упаковка – 1 шт. | + Руководство по эксплуатации – 1 шт.",,https://content.tools.by/images/products/cb-5659510824/LAu/LAum9MWLueRbxincdGCC3iLOiJvd73qAZxSpuG3C.jpg,https://tools.by/product/992680
"Камера для колеса тачки 4.00-8""",WB-P056,"4,50","Производитель: | ECO GROUP HONG KONG LIMITED, UNIT 617, 6/F, 131-132 CONNAUGHT ROAD WEST, SOLO WORKSHOPS, HONG KONG | | | Назначение: | Садово-парковое назначение | | | Страна изготовления: | Китай | | | Импортер/Продавец: | ООО ""ТД Комплект"", РБ, г.Минск, ул. Кнорина,д.50,к.302 А | | | Штрихкод: | | 6920904821300 | | | | | Габариты ДxШxВ, см: | 36 x 36 x 0.3 | | | Вес с упаковкой, кг: | 0.37 | | | | | | | | | | | | | | | | | | ECO | Садовая и силовая техника | | | | | | | | | Описание: | Подходит к тачкам: | WB6407; WB6418F; WB6404-2; WB6418-1; WB6418S-2; WB6820-1HD; WB6820-2HD; WB6418; WB300-1; WB300-2; WB350-2; WB301-1; WB351-2",,https://content.tools.by/images/products/cb-4503023252/Aw3/Aw3ah0d5aQphxXQQV2mcgTaaLkpg3aHs2bpyuBZ6.jpg,https://tools.by/product/914281
"Пневмошлифмашина прямая ECO ADG25-01 с набором шарошек
                    (25000 об/мин; 115 л/мин; Цанги:3 мм/6 мм; 10 шлифкамней; Чемодан)",DTG-2502,"58,50","Преимущества: | | ■ Два размера цанг | ■ 10 шлифовальных камней | ■ Алюминиевый корпус | ■ Чемодан для хранения | | | | | | | | | | | Файлы | | | | | | | | | Производитель: | ECO GROUP HONG KONG LIMITED, UNIT 617, 6/F, 131-132 CONNAUGHT ROAD WEST, SOLO WORKSHOPS, HONG KONG | | | Назначение: | Для бытовых ремонтных работ | | | Страна изготовления: | Китай | | | Импортер/Продавец: | ООО ""ТД Комплект"", РБ, г.Минск, ул. Кнорина,д.50,к.302 А | | | Штрихкод: | | 8213112891929 | | | | | Габариты ДxШxВ, см: | 23 x 20.5 x 5.5 | | | Вес с упаковкой, кг: | 1.071 | | | | | | | | | | | | | | | | | | ECO | Садовая и силовая техника | | | | | | | | | Комплектация: | | + Шлифмашина прямая; | + Цанга 3 мм; | + Цанга 6 мм; | + 5 шлифкамней с хвостовиком 3 мм; | + 5 шлифкамней с хвостовиком 6 мм; | + Ниппель; | + Ключ монтажный - 2 шт.; | + Пластмассовый чемодан; | + Инструкция;",,https://content.tools.by/images/products/cg-0023228928/yeB/yeBe93n3mCS60tO8bUYhHM1M9xyi2UoHQ2JaRbyr.jpg,https://tools.by/product/1583248
"Газонокосилка бензиновая ECO LG-745 E самоходная
                    (6 л.с., шир. 51 см, самоходная, электростарт, мульчир., стальн. корпус, травосборник 70 л)",LG-734,"1 148,40","Преимущества: | | ■ Мощный бензиновый двигатель; | ■ Электростартер, работающий от Li-ion аккумулятора; | ■ Аккумулятор и зарядное устройство в комплекте; | ■ Функция самоходного движения; | ■ 4 режима работы: сбор в травосборник, боковой и задний выброс, мульчирование; | ■ Центральная регулировка высоты скашивания в диапазоне 25-75 мм; | ■ Штуцер подключения шланга для легкой очистки деки после работы; | ■ Складная рукоятка - для удобства хранения и транспортировки; | | | | | | | | | | | Файлы | | | | | | | | | Производитель: | ECO GROUP HONG KONG LIMITED, UNIT 617, 6/F, 131-132 CONNAUGHT ROAD WEST, SOLO WORKSHOPS, HONG KONG | | | Назначение: | | | | Страна изготовления: | Китай | | | Импортер/Продавец: | ООО ""ТД Комплект"", РБ, г.Минск, ул. Кнорина,д.50,к.302 А | | | Штрихкод: | | 6978018610761 | | | | | Габариты ДxШxВ, см: | 89 x 58 x 50 | | | Вес с упаковкой, кг: | 44.4 | | | | | | | | | | | | | | | | | | ECO | Садовая и силовая техника | | | | | | | | | Комплектация: | | + Бензиновая газонокосилка | + Аккумулятор - 1 шт. | + Зарядное устройство | + Нож - 1 шт. (установлен на газонокосилку) | + Травосборник | + Свечной ключ | + Рукоятка | + Комплект быстрозажимных фиксаторов | + Кожух для бокового выброса | + Заглушка для мульчирования | + Инструкция по эксплуатации",,https://content.tools.by/images/products/cz-0064205668/ND7/ND7FkL6AMvp65Jhj6aVnBGZeCWgGtyzUSAjv5qk7.jpg,https://tools.by/product/1703175
"Краскораспылитель ECO SG-5000 (сопло ф 1.7 мм)
                    (HVLP, сопло ф 1.7 мм, нижн. бак 1000 мл)",EC1534-14,"64,80","Преимущества: | | ■ Высокий перенос материалов на окрашиваемую поверхность. | ■ Низкая чувствительность к перепадам давления. | ■ Увеличенное сопло для лучшего нанесения грунтов. | ■ Нижний бак имеет большие пределы вертикального поворота (например при распылении над головой). | ■ Регулировка формы факела. | ■ Регулировка подачи материала. | ■ Регулировка подачи воздуха. | ■ Резьбовое 1/4"" быстросъемное соединение | ■ | ■ Применение: | ■ Для нанесения грунтов. | | | | | | | | | | | Файлы | | | | | | | | | Производитель: | ECO GROUP HONG KONG LIMITED, UNIT 617, 6/F, 131-132 CONNAUGHT ROAD WEST, SOLO WORKSHOPS, HONG KONG | | | Назначение: | | | | Страна изготовления: | Китай | | | Импортер/Продавец: | ООО ""ТД Комплект"", РБ, г.Минск, ул. Кнорина,д.50,к.302 А | | | Штрихкод: | | 8213112892360 | | | | | Габариты ДxШxВ, см: | 18 x 11 x 30.5 | | | Вес с упаковкой, кг: | 1.22 | | | | | | | | | | | | | | | | | | ECO | Садовая и силовая техника",,https://content.tools.by/images/products/cd-0017170432/EHx/EHxUNAbpRrAcf39S7sKNTHAxzvIN4BOFxSOJR0ma.jpg,https://tools.by/product/1624503
"Пистолет для подкачки шин ECO TIG-50 с манометром
                    (поворотный манометр)",ASB-05C,"50,10","Преимущества: | | ■ Большой поворотный манометр ф 80 мм с противоударной накладкой. | | | | | | | | | | | | | Производитель: | ECO GROUP HONG KONG LIMITED, UNIT 617, 6/F, 131-132 CONNAUGHT ROAD WEST, SOLO WORKSHOPS, HONG KONG | | | Назначение: | | | | Страна изготовления: | Китай | | | Импортер/Продавец: | ООО ""ТД Комплект"", РБ, г.Минск, ул. Кнорина,д.50,к.302 А | | | Штрихкод: | | 6977125195291 | | | | | Габариты ДxШxВ, см: | 36.5 x 17.7 x 4 | | | Вес с упаковкой, кг: | 0.635 | | | | | | | | | | | | | | | | | | ECO | Садовая и силовая техника",,https://content.tools.by/images/products/cz-4959664264/eMz/eMzxFWRhNd34U9tQGzfeeexaIrFuHxqXaQZOltzF.jpg,https://tools.by/product/1707680
"Газонокосилка бензиновая ECO LG-533
                    (4.0 л.с., шир. 46 см, ручной привод, стальн. корпус, травосборник 60 л)",GU2412-8,"2 150,00","Преимущества: | | ■ Бензиновый двигатель 4.0 л.с MX150 | ■ Ручной привод | ■ Ширина кошения 46 см | ■ Ручной запуск | ■ Централизованная установка высоты (7 уровней) | ■ Мягкий травосборник 60 л | ■ Стальная дека | ■ Колеса с подшипниками | | | | | | | | | | | Файлы | | | | | | | | | Производитель: | ECO GROUP HONG KONG LIMITED, UNIT 617, 6/F, 131-132 CONNAUGHT ROAD WEST, SOLO WORKSHOPS, HONG KONG | | | Назначение: | Садово-парковое назначение | | | Страна изготовления: | Китай | | | Импортер/Продавец: | ООО ""ТД Комплект"", РБ, г.Минск, ул. Кнорина,д.50,к.302 А | | | Штрихкод: | | 8212107214873 | | | | | Габариты ДxШxВ, см: | 78 x 54.5 x 40.5 | | | Вес с упаковкой, кг: | 25.85 | | | | | | | | | | | | | | | | | | ECO | Садовая и силовая техника",,https://content.tools.by/images/products/cb-0630686160/QYA/QYAn0IF1IZLyCBc0uYBf56CQuOusKDMaxstjMR4C.jpg,https://tools.by/product/997728?slide=2
Карбюратор ECO ST361,CSP-HU137/142-014,"6,98","Производитель: | ECO GROUP HONG KONG LIMITED, UNIT 617, 6/F, 131-132 CONNAUGHT ROAD WEST, SOLO WORKSHOPS, HONG KONG | | | Назначение: | Запасные части | | | Страна изготовления: | Китай | | | Импортер/Продавец: | ООО ""ТД Комплект"", РБ, г.Минск, ул. Кнорина,д.50,к.302 А | | | Штрихкод: | | 8210803862602 | | | | | Габариты ДxШxВ, см: | 20 x 5 x 5 | | | Вес с упаковкой, кг: | 0.16 | | | | | | | | | | | | | | | | | | ECO | Садовая и силовая техника | | | | | | | | | Описание: | Совместимость: | для бензопил STIHL MS361 | | | | | Комплектация: | | + карбюратор - 1шт;",,https://content.tools.by/images/products/ce-0470232015/aVf/aVfJi8p3feIH2Xsxzk9kYHWED3IZpvLymaI1DGPT.jpg,https://tools.by/product/1647839
"Насос погружной для чистой воды ECO CP-405, 400 Вт
                    (400 Вт; 7200 л/ч; 6,3м)",AP02A03,"540,00","Преимущества: | | ■ Асинхронный двигатель с защитой от перегрузок. | ■ Рабочее колесо (крыльчатка) закрытого типа. | ■ Автоматическое включениевыключение при помощи поплавкового выключателя. | ■ Клапана деаэрации автоматически развоздушивает полость насоса. | ■ Съёмная ручка. | ■ В комплект входит: поворотное колено 90 градусов 1 шт., универсальный патрубок 1 шт. | | | | | | | | | | | Файлы | | | | | | | | | Производитель: | ECO GROUP HONG KONG LIMITED, UNIT 617, 6/F, 131-132 CONNAUGHT ROAD WEST, SOLO WORKSHOPS, HONG KONG | | | Назначение: | Для хозяйственных нужд | | | Страна изготовления: | Китай | | | Импортер/Продавец: | ООО ""ТД Комплект"", РБ, г.Минск, ул. Кнорина,д.50,к.302 А | | | Штрихкод: | | 8212107216235 | | | | | Габариты ДxШxВ, см: | 20 x 14 x 30.5 | | | Вес с упаковкой, кг: | 3.85 | | | | | | | | | | | | | | | | | | ECO | Садовая и силовая техника | | | | | | | | | Комплектация: | | + Насос погружной; | + Поворотное колено 90 градусов 1 шт; | + Универсальный патрубок 1 шт;",,https://content.tools.by/images/products/cb-1116236544/3AK/3AKER9bNB3AjCKe1FdeuOmNBqFM7ej7uaGxZRaw6.jpg,https://tools.by/product/1011050?slide=2
"Бур почвенный ф200х800x20мм ECO ED-200
                    (Однозаходный)",ED-152,"100,00","Производитель: | ECO GROUP HONG KONG LIMITED, UNIT 617, 6/F, 131-132 CONNAUGHT ROAD WEST, SOLO WORKSHOPS, HONG KONG | | | Назначение: | Садово-парковое назначение | | | Страна изготовления: | Китай | | | Импортер/Продавец: | ООО ""ТД Комплект"", РБ, г.Минск, ул. Кнорина,д.50,к.302 А | | | Штрихкод: | | 6920904821089 | | | | | Габариты ДxШxВ, см: | 80 x 20.5 x 20 | | | Вес с упаковкой, кг: | 3.84 | | | | | | | | | | | | | | | | | | ECO | Садовая и силовая техника",,https://content.tools.by/images/products/cb-3666512088/QuY/QuY9gJyiQytaFK4yNQdilM2pOmkL00P8ZCMdQDeO.jpg,https://tools.by/product/924350
"Головка триммерная ECO GTP-TC50 полуавт., блистер
                    (ф125 мм, лев. резьба М10х1.25 ""мама"", заправка лески без разбора)",GUX6010-3,"32,00","Преимущества: | | ■ Полуавтоматический выпуск лески (при ударе о землю в процессе работы) | ■ Легкая заправка лески (без разборки корпуса катушки) | ■ Высокопрочный пластиковый корпус | ■ Левая резьба 10*1,25 ""мама"" | ■ Триммерная леска 1,6-2,4 мм | | | | | | | | | | | | | Производитель: | ECO GROUP HONG KONG LIMITED. UNIT 617, 6/F, 131-132 CONNAUGHT ROAD WEST, SOLO WORKSHOPS, HONG KONG, CHINA | | | Назначение: | | | | Страна изготовления: | Китай | | | Импортер/Продавец: | ООО ""ТД Комплект"", РБ, г.Минск, ул. Кнорина,д.50,к.302 А | | | Штрихкод: | | 8210803861902 | | | | | Габариты ДxШxВ, см: | 13 x 13 x 6 | | | Вес с упаковкой, кг: | 0.557 | | | | | | | | | | | | | | | | | | ECO | Садовая и силовая техника | | | | | | | | | Описание: | Поставляется в блистерной упаковке | | Подходит для мотокос: | ЕСО GTP-90H, GTP-145H, GTP-185H, GTP-145C, GTP-185C; GTP-143F, GTP-145F, GTP-183F, GTP-185F, GTP-187F, GTP-189F, GTP-145B, GTP-185B, GTP-145N, GTP-185N, GTP-185R; GTP-215; GTP-251; GTP-255; | GUNTER MSG-190, MSG-191, MSG-192; | DGM BC-180, BC-210, BC-240, BC-241; | | Подходит на большинство мотокос китайского производства с прямой штангой и редуктором. Не подходит на мотокосы с изогнутым валом без редуктора. Для 100% совместимости необходимо убедиться в соответствии резьбы (На редукторе должна быть левая резьба М10х1.25).",,https://content.tools.by/images/products/cd-2999549133/9y5/9y538boAcOVb2XWXdscKwiqrtUkqkdgWHIsro9Qp.jpg,https://tools.by/product/1632342
"Пневмостеплер ECO ASL-40B
                    (Скобы 20GA; 4.8-7.5 бар; 0.8 л/удар;  длина скобы 6-22 мм; ширина скобы 11,2 мм, магазин 100 шт.)",ASL-X0011,"13,50","Преимущества: | | ■ Алюминиевый корпус | ■ Скобы типа 20GA длиной до 22 мм | ■ Предохранитель от случайного нажатия | ■ Нескользящая резиновая ручка | ■ Дефлектор отвода воздуха | ■ Регулировка глубины забивания | ■ Удобный чемодан для хранения и транспортировки | | | | | | | | | | | Файлы | | | | | | | | | Производитель: | ECO GROUP HONG KONG LIMITED, UNIT 617, 6/F, 131-132 CONNAUGHT ROAD WEST, SOLO WORKSHOPS, HONG KONG | | | Назначение: | | | | Страна изготовления: | Китай | | | Импортер/Продавец: | ООО ""ТД Комплект"", РБ, г.Минск, ул. Кнорина,д.50,к.302 А | | | Штрихкод: | | 8212107216075 | | | | | Габариты ДxШxВ, см: | 28 x 7.3 x 25.2 | | | Вес с упаковкой, кг: | 1.994 | | | | | | | | | | | | | | | | | | ECO | Садовая и силовая техника",,https://content.tools.by/images/products/cb-1895329078/6z9/6z9qNflv7PeKb6x5ugx8wiEZA6XID3t1YSXWRRTX.jpg,https://tools.by/product/998935
"Бетоносмеситель ECO CM-71
                    (объем 70/50 л, 380 Вт, 230 В, вес 26 кг)",EC3410-3,"738,00","Преимущества: | | ■ Компактность | ■ Малый вес | ■ Защитный кожух на ведущей шестерне | ■ Долговечная чугунная ведущая шестерня | ■ Надёжный асинхронный двигатель | ■ Прочная опорная рама | ■ Эффективное воздушное охлаждение двигателя | ■ Болтовое соединение барабана к подшипнику | ■ Электромагнитный выключатель с системой защиты от случайного включения. | | | | | | | | | | | Файлы | | | | | | | | | Производитель: | ECO GROUP HONG KONG LIMITED, UNIT 617, 6/F, 131-132 CONNAUGHT ROAD WEST, SOLO WORKSHOPS, HONG KONG | | | Назначение: | Для общестроительных работ | | | Страна изготовления: | Китай | | | Импортер/Продавец: | ООО ""ТД Комплект"", РБ, г.Минск, ул. Кнорина,д.50,к.302 А | | | Штрихкод: | | 6923112892599 | | | | | Габариты ДxШxВ, см: | 70 x 58 x 32 | | | Вес с упаковкой, кг: | 29.8 | | | | | | | | | | | | | | | | | | ECO | Садовая и силовая техника | | | | | | | | | Комплектация: | | + Бетоносмеситель | + Инструкция по эксплуатации | + Упаковка",,https://content.tools.by/images/products/cb-0775999968/yIz/yIzSmEpsNHoYG1Oo0jbuNvBW4GvopIjCzQ2neNPA.jpg,https://tools.by/product/1643934?slide=2
"Баллон резиновый для гидроаккумулятора 24л
                    (объём 25л, горловина 90мм)",,,"Производитель: | ECO GROUP HONG KONG LIMITED, UNIT 617, 6/F, 131-132 CONNAUGHT ROAD WEST, SOLO WORKSHOPS, HONG KONG | | | Назначение: | Для хозяйственных нужд | | | Страна изготовления: | Китай | | | Импортер/Продавец: | ООО ""ТД Комплект"", РБ, г.Минск, ул. Кнорина,д.50,к.302 А | | | Штрихкод: | | 6921501776314 | | | | | Габариты ДxШxВ, см: | 50 x 25 x 2 | | | Вес с упаковкой, кг: | 0.444 | | | | | | | | | | | | | | | | | | ECO | Садовая и силовая техника | | | | | | | | | Описание: | Изготовлен из экологически безопасного EPDM. | Баллон из EPDM имеет ресурс сжатия-растяжения на 30% больше, чем баллон из обычной резины. | Подходит для гидроаккумуляторов объёмом до 25л. | Диаметр горловины 90мм.",,https://content.tools.by/images/products/cb-2248668370/x9I/x9I52natnPYPivuSuf3V7aZDXeGqKO39SYxQpucP.jpg,https://tools.by/product/917554
"Шланг армированный на катушке ф 10/16 мм с быстросъемн. соед. ECO (длина 10 м) уцененный (03967078
                    (толщ.стенки: 3 мм)",,,"Производитель: | ECO GROUP HONG KONG LIMITED, UNIT 617, 6/F, 131-132 CONNAUGHT ROAD WEST, SOLO WORKSHOPS, HONG KONG | | | Назначение: | | | | Страна изготовления: | Китай | | | Импортер/Продавец: | ООО ""ТД Комплект"", РБ, г.Минск, ул. Кнорина,д.50,к.302 А | | | Габариты ДxШxВ, см: | 37 x 17.9 x 41.1 | | | Вес с упаковкой, кг: | 5.16 | | | | | | | | | | | | | | | | | | ECO | Садовая и силовая техника | | | | | | | | | Описание: | Механическое повреждение упаковки. | Присутствуют царапины, потертости.",,https://content.tools.by/images/products/cz-0396707850/9zY/9zYKFJoahZgewVlpU3VTOiVjN9MNVOdjKG7dtfYX.jpg,https://tools.by/product/1741052
"Бачок для краскораспылителя ECO PST-600
                    (внутр.резьба М16х1.5)",SG-1000H25U,"31,00","Производитель: | ECO GROUP HONG KONG LIMITED. UNIT 617, 6/F, 131-132 CONNAUGHT ROAD WEST, SOLO WORKSHOPS, HONG KONG, CHINA | | | Назначение: | Для бытовых ремонтных работ | | | Страна изготовления: | Китай | | | Импортер/Продавец: | ООО ""ТД Комплект"", РБ, г.Минск, ул. Кнорина,д.50,к.302 А | | | Штрихкод: | | 8212107216303 | | | | | Габариты ДxШxВ, см: | 18 x 11 x 11 | | | Вес с упаковкой, кг: | 0.164 | | | | | | | | | | | | | | | | | | ECO | Садовая и силовая техника | | | | | | | | | Описание: | Пластиковый бачок для пневматических краскораспылителей. | Совместим со всеми моделями, у которых посадочная резьба соответствует указанным в технических характеристиках. | | Совместимые модели ECO: | SG-3000L; SG-8000; SG-9000; SG-9500; SG-30L14; SG-88H14; SG-97H14; | Совместимые модели DGM: | Air Gun 300; Air Gun 850; Air Gun 950;",,https://content.tools.by/images/products/cb-5338816764/cJE/cJEG6zUSrfA6txkxHDeuhCi6IdLRz1DtncijNmRY.jpg,https://tools.by/product/1010611
"Шина 45 см 18"" 0.325"" 1.5 мм 10 зуб. MULTI SHARP ECO
                    (72 звена)",HD-C18666,"34,00","Производитель: | ECO GROUP HONG KONG LIMITED. UNIT 617, 6/F, 131-132 CONNAUGHT ROAD WEST, SOLO WORKSHOPS, HONG KONG, CHINA | | | Назначение: | Садово-парковое назначение | | | Страна изготовления: | Китай | | | Импортер/Продавец: | ООО ""ТД Комплект"", РБ, г.Минск, ул. Кнорина,д.50,к.302 А | | | Штрихкод: | | 8210803861117 | | | | | Габариты ДxШxВ, см: | 45 x 7 x 1 | | | Вес с упаковкой, кг: | 0.8 | | | | | | | | | | | | | | | | | | ECO | Садовая и силовая техника | | | | | | | | | Описание: | Совместимые пилы: | | ECO CSP-250, CSP-223, CSP-253, CSP-234, CSP-235, CSP-265; | | OLEO-MAC 938, 942, 941, 945, 950, 946, 950SUPER, 947, 956, 962, 950A, 951, E300 F,962, 956; | | MAKITA DCS430, DCS520, DCS4300I, DCS5200I, DCS431 , DCS520, DCS43001, DCS431, 45; | | HUSQVARNA 33, 36, 40, 41, 42, 44, 45, 49, 50, 51, 55, 57, 124, 133, 134, 234, 238, 240, 242XP, 246, 254XP, 257, 261, 262, 339XP, 340, 345, 346XP, 350, 351, 353, 357XP, 359, 360, 362XP, 435e, 440e, 444, 445e, 450e, 455e, 535FBX(Clearing saw), 545, 550XP, 555, 560XP, 133, 136, 137, 140, 141, 142, 154, 234, 238, 240, 242, 234, , 246, 254, 257, 261, 340, 345, 346, 350, 351, 357, 359, 360, 444, 450, 455, 235, 340, EL16, EL1400, EL1500, EL1600, 460, 55, 154, 254, 257, 261, 262, 357XP, 359, 362XP, 455e Rancher, 545, 550, 555, 560XP; | | DOLMAR PS-4605, 112, 113, 114, 116, ES-1800; | | ECKMAN PCS03; | | EFCO 142, 146, 151, 156, 162, 147, 152, 165; | | ЭНЕРГОМАШ Энергомаш ПТ99456, ПТ99458, ПТ99466, ПТ99468, ПТ99502; | | HOMELITE 250, 252, 290, 290C, 300, 340, 340C, 3850B, 415b, 4550b, HSC4040, 4545; | | | JONSERED EL14, 45, 49SP, 50, 51, 52, 370, 380, 410, 420, 425, 435, 450, 451, 452, 455, 490, 520, 525, 535, 590, 2012, 2014, 2015, 2036, 2040, 2041, 2045, 2050, 2051, 2054, 2055,2063, 2141, 2145, 2149, 2150, 2152, 2153, 2156, 2159, 2163, 2240, 2245, 2250, 2252, 2253, 2255, 2258, 2260, 2156, 2159, 2163, 2260; | | ПАРМА (ИНКАР) Парма-2М (Инкар); | | PARTNER 20X POWER, 365, 400, 410, 411, 450,460, 461, P461, P462, 465, 470, 495, 500, P500, P511, 510, 540,545, 12001400145015001650EL, P5000, P5300, P5500, MT51, MT56, MT62, 1200, 1400, 1450; | | SOLO 639, 641, 644, 650, 645, 647, 651, 654, 656; | | STRUM Sturm GC99456, GC99458, GC99466, GC99468, GC99502; | | ZENOAH G410AVS, G455AVS, G500AVS, G38, G46, G5000, G5300, G415AVS, G455AVS, G500AVS;",,https://content.tools.by/images/products/cv-0171823872/5Dr/5DrnGOBAF7Q7VsDx845h0FxSZq6lCT0q4o43a4HJ.jpg,https://tools.by/product/1035542
"Цепь 38 см 15"" 0.325"" 1.5 мм 64 зв. 325TA (в блистере) ECO",GS-321572,"14,40","Файлы | | | | | | | | | Производитель: | ECO GROUP HONG KONG LIMITED. UNIT 617, 6/F, 131-132 CONNAUGHT ROAD WEST, SOLO WORKSHOPS, HONG KONG | | | Назначение: | Садово-парковое назначение | | | Страна изготовления: | Китай | | | Импортер/Продавец: | ООО ""ТД Комплект"", РБ, г.Минск, ул. Кнорина,д.50,к.302 А | | | Штрихкод: | | 8212107216136 | | | | | Габариты ДxШxВ, см: | 16.8 x 9 x 2.5 | | | Вес с упаковкой, кг: | 0.273 | | | | | | | | | | | | | | | | | | ECO | Садовая и силовая техника | | | | | | | | | Описание: | Пильные цепи ECO Multli Sharp со слабой отдачей и специальной системой смазки Oilotec system для увеличения срока службы - оптимальный выбор режущей оснастки для Вашей бензопилы. Режущий зуб выполнен из качественной стали. | | аналог цепи OREGON - 21LPX064E. | Упаковка: блистер с подвесом",,https://content.tools.by/images/products/cb-0200820800/pQ3/pQ3dE3j9mQZ765JMydlQVudYLvkhsAJ9NIKvNJyg.jpg,https://tools.by/product/1001339
"Бетоносмеситель ECO CM-200 уцененный (8156919701)
                    (объём 200/148 л, 1100 Вт, 230 В, вес 52,9 кг)",DG1541-4-у,"683,96","Производитель: | ECO GROUP HONG KONG LIMITED, UNIT 617, 6/F, 131-132 CONNAUGHT ROAD WEST, SOLO WORKSHOPS, HONG KONG | | | Назначение: | Для общестроительных работ | | | Страна изготовления: | Китай | | | Импортер/Продавец: | ООО ""ТД Комплект"", РБ, г.Минск, ул. Кнорина,д.50,к.302 А | | | Габариты ДxШxВ, см: | 84 x 73 x 44 | | | Вес с упаковкой, кг: | 59 | | | | | | | | | | | | | | | | | | ECO | Садовая и силовая техника | | | | | | | | | Описание: | Отсутствует упаковка. | Диагностика в официальном сервисном центре. | Присутствуют царапины, потертости.",,https://tools.by/assets/images/no_photo.svg,https://tools.by/product/1759525
"Очиститель высокого давления ECO HPW-1723RS
                    (2.30 кВт; 165 бар; 490 л/ч; самовсасывание; барабан для хранения шланга)",HPW177000001,"549,00","Преимущества: | | ■ Алюминиевый корпус насоса высокого давления; | ■ Функция самовсасывания позволяет использовать очиститель без подключения к водопроводу; | ■ Веерная и грязевая форсунки в комплекте; | ■ Пеногенератор для распыления моющей пены; | ■ Барабан для хранения шланга высокого давления; | ■ Стандартная моющая щетка для механической очистки загрязнений; | ■ Вращающаяся щетка для механической очистки колесных дисков; | ■ Фильтр тонкой очистки в комплекте; | | | | | | | | | | | Файлы | | | | | | | | | Производитель: | ECO GROUP HONG KONG LIMITED, UNIT 617, 6/F, 131-132 CONNAUGHT ROAD WEST, SOLO WORKSHOPS, HONG KONG | | | Назначение: | Для удаления загрязнений | | | Страна изготовления: | Китай | | | Импортер/Продавец: | ООО ""ТД Комплект"", РБ, г.Минск, ул. Кнорина,д.50,к.302 А | | | Штрихкод: | | 8212107216051 | | | | | Габариты ДxШxВ, см: | 37 x 37 x 54 | | | Вес с упаковкой, кг: | 10.819 | | | | | | | | | | | | | | | | | | ECO | Садовая и силовая техника | | | | | | | | | Описание: | Очиститель высокого давления предназначен для очистки поверхностей водой под давлением при помощи различных насадок | | | | | Комплектация: | | + Очиститель высокого давления; | + Шланг высоконапорный - 8 м; | + Пистолет; | + Удлинительная насадка; | + Грязевая фреза; | + Плоская фреза; | + Пеногенератор; | + Щетка стандартная; | + Щетка вращающаяся; | + Фильтр тонкой очистки;",,https://content.tools.by/images/products/cb-0399218400/f4H/f4HXIzcdhW4w0XxlRJKbNQZ3i9JWmoByMkE6y4Ea.jpg,https://tools.by/product/998778
"Головка триммерная ECO Turbocut GTP-TC25 леска ф 2.4 мм полуавт., блистер
                    (ф 120 мм, лев. резьба ""мама"")",0318256,"9,00","Преимущества: | | ■ Высокопрочный пластиковый корпус | ■ Триммерная леска 1,6-3,0 мм | ■ Левая резьба 10*1,25 ""мама"" | ■ Максимальная частота вращения 12000 об/мин | | | | | | | | | | | | | Производитель: | ECO GROUP HONG KONG LIMITED. UNIT 617, 6/F, 131-132 CONNAUGHT ROAD WEST, SOLO WORKSHOPS, HONG KONG, CHINA | | | Назначение: | Садово-парковое назначение | | | Страна изготовления: | Китай | | | Импортер/Продавец: | ООО ""ТД Комплект"", РБ, г.Минск, ул. Кнорина,д.50,к.302 А | | | Штрихкод: | | 6920803861131 | | | | | Габариты ДxШxВ, см: | 16.5 x 23 x 6 | | | Вес с упаковкой, кг: | 0.406 | | | | | | | | | | | | | | | | | | ECO | Садовая и силовая техника | | | | | | | | | Описание: | Поставляется в блистерной упаковке . | | Усиленная косильная головка для мотокосы. | | Полуавтоматическая система упрощает подачу корда, для этого достаточно лишь слегка ударить расположенной по центру головки кнопкой о землю. | | Предназначена для скашивания молодого газона и сочной густой травы. | | Подходит для мотокос: | ЕСО GTP-90H, GTP-145H, GTP-185H, GTP-145C, GTP-185C; GTP-143F, GTP-145F, GTP-183F, GTP-185F, GTP-187F, GTP-189F, GTP-145B, GTP-185B, GTP-145N, GTP-185N, GTP-185R; | GUNTER MSG-190, MSG-191, MSG-192; | DGM BC-180, BC-210, BC-240, BC-241;",,https://content.tools.by/images/products/cb-0836870412/g5y/g5yzM14eoJ83dDRjU90Fas9eYfpa6taTOHzVql58.jpg,https://tools.by/product/961466
"Манометр для компрессора ЕСО, резьба 1/4""
                    (Резьба - 1/4"", металлический корпус, Давление - 0-12 бар)",AEF-122M,"12,00","Производитель: | ECO GROUP HONG KONG LIMITED, UNIT 617, 6/F, 131-132 CONNAUGHT ROAD WEST, SOLO WORKSHOPS, HONG KONG | | | Назначение: | Запасные части | | | Страна изготовления: | Китай | | | Импортер/Продавец: | ООО ""ТД Комплект"", РБ, г.Минск, ул. Кнорина,д.50,к.302 А | | | Штрихкод: | | 8212107214538 | | | | | Габариты ДxШxВ, см: | 5.8 x 5.8 x 4.6 | | | Вес с упаковкой, кг: | 0.075 | | | | | | | | | | | | | | | | | | ECO | Садовая и силовая техника",,https://content.tools.by/images/products/cb-4486854120/LqB/LqBVaHVN5kLgzviV0XQ1mORfNGPjINx0Ne1eEu4a.jpg,https://tools.by/product/991160
"Насос погружной для загрязненной воды ECO DP-753, 750Вт
                    (750 Вт, 13000 л/ч, 9 м)",EC4218-2,"255,00","Преимущества: | | ■ Асинхронный двигатель с защитой от перегрузок. | ■ Автоматическое включениевыключение при помощи поплавкового выключателя. | ■ Лопасти крыльчатки из технополимера разработаны специально для загрязненной воды. | ■ Клапана деаэрации автоматически развоздушивают полость насоса. | | | | | | | | | | | Файлы | | | | | | | | | Производитель: | ECO GROUP HONG KONG LIMITED, UNIT 617, 6/F, 131-132 CONNAUGHT ROAD WEST, SOLO WORKSHOPS, HONG KONG | | | Назначение: | Для хозяйственных нужд | | | Страна изготовления: | Китай | | | Импортер/Продавец: | ООО ""ТД Комплект"", РБ, г.Минск, ул. Кнорина,д.50,к.302 А | | | Штрихкод: | | 8212107214811 | | | | | Габариты ДxШxВ, см: | 22 x 16 x 34 | | | Вес с упаковкой, кг: | 4.965 | | | | | | | | | | | | | | | | | | ECO | Садовая и силовая техника | | | | | | | | | Описание: | В комплект входит универсальный патрубок с угловым коленом.",,https://content.tools.by/images/products/cb-0141396476/zBk/zBkyIoEmoJ0Ix9220pMJzyVfpc7VfjEwgLvjp4m5.jpg,https://tools.by/product/997481?slide=2
"Компрессор ECO AE-1005-B2 ременной
                    (380 л/мин, 8 атм, ременной, масляный, вертикальный ресив. 100 л, 220 В, 2.20 кВт)",EC2610-0,"1 638,00","Преимущества: | | ■ V-образное расположение поршней способствует улучшенному охлаждению | ■ Лопасти на маховике охлаждают гильзы цилиндров и масляный картер | ■ Увеличенный масляный картер, для лучшей смазки и отвода тепла от поршневой группы | ■ Ресивер расположен вертикально, для экономии места | ■ Тепловая защита двигателя | ■ Регулировка давления на выходе | ■ Два манометра | ■ Латунный обратный клапан. | ■ Чугунный коллектор. | ■ Компрессор поставляется заправленный маслом. | | | | | | | | | | | Файлы | | | | | | | | | Производитель: | ECO GROUP HONG KONG LIMITED, UNIT 617, 6/F, 131-132 CONNAUGHT ROAD WEST, SOLO WORKSHOPS, HONG KONG | | | Назначение: | Для компрессии воздуха | | | Страна изготовления: | Китай | | | Импортер/Продавец: | ООО ""ТД Комплект"", РБ, г.Минск, ул. Кнорина,д.50,к.302 А | | | Штрихкод: | | 6923112894418 | | | | | Габариты ДxШxВ, см: | 71 x 44 x 125 | | | Вес с упаковкой, кг: | 69.28 | | | | | | | | | | | | | | | | | | ECO | Садовая и силовая техника | | | | | | | | | Описание: | Компрессор поршневой клино-ременной, масляный, с вертикальным расположением ресивера занимает гораздо меньше места аналогичного компрессора с классическим горизонтальным расположением. | | | | | Комплектация: | | + Компрессор; | + Фильтр воздушный (2 шт); | + Колесо транспортировочное (2 шт); | + Опорная ножка (2 шт); | + Комплект крепежа.",,https://content.tools.by/images/products/cb-4292192055/NkW/NkWTZpQOefzuBf16YFWdYpbQhJdgaUQ0FBaRwtQj.jpg,https://tools.by/product/983764
"Станция водоснабжения автоматическая ECO GFI-904
                    (900 Вт, 3100 л/ч, 42 м, 4.8 атм макс, корпус насоса чугун, бак 24 л)",GFI-1203,"468,00","Преимущества: | | ■ Компактная и надежная система для водоснабжения загородных домов, коттеджей, участков. | ■ Автоматическое управление с помощью реле. | ■ Накопительный бак (гидроаккумулятор) обеспечивает отсутствие скачков давления в водопроводной магистрали. | ■ Асинхронный двигатель с защитой от перегрузок. | ■ Баллон гидроаккумулятора из экологически безопасного EPDM. | ■ Корпус насоса из чугуна. | ■ Защита от перегрузок. | | | | | | | | | | | Файлы | | | | | | | | | Производитель: | ECO GROUP HONG KONG LIMITED, UNIT 617, 6/F, 131-132 CONNAUGHT ROAD WEST, SOLO WORKSHOPS, HONG KONG | | | Назначение: | Для хозяйственных нужд | | | Страна изготовления: | Китай | | | Импортер/Продавец: | ООО ""ТД Комплект"", РБ, г.Минск, ул. Кнорина,д.50,к.302 А | | | Штрихкод: | | 6920401862400 | | | | | Габариты ДxШxВ, см: | 52.5 x 32.3 x 52 | | | Вес с упаковкой, кг: | 18.51 | | | | | | | | | | | | | | | | | | ECO | Садовая и силовая техника",,https://content.tools.by/images/products/cb-2373003200/ezY/ezYZlJzPPrpfanzk9fPANsDghfmRkey9ezfJKO3a.jpg,https://tools.by/product/1011032
"Компрессор автомобильный ECO AE-015-3
                    (12 В, 150 Вт, 40 л/мин, 10 бар (манометр 7 бар), сумка)",EC3010-2,"128,70","Преимущества: | | ■ Двигатель со 100% медной обмоткой обеспечивает гарантированно высокий ресурс устройства | ■ Стальной поршень с подшипником | ■ Высококачественный шланг в защитной оплетке длиной 1 м | ■ Длинный кабель 4 м | ■ Время накачивания колеса 195/65/R15 до давления 2 бар: 3-4 мин* | ■ Большой манометр с защитной накладкой градуирован до 7 бар | ■ Резьбовой коннектор с антикороззийным напылением | ■ Антивибрационные резиновые ножки. | ■ | ■ *время указано с запасом, на практике реальное время зависит от размера и степени накачки колеса, температуры и влажности воздуха. | | | | | | | | | | | Файлы | | | | | | | | | Производитель: | ECO GROUP HONG KONG LIMITED. UNIT 617, 6/F, 131-132 CONNAUGHT ROAD WEST, SOLO WORKSHOPS, HONG KONG, CHINA | | | Назначение: | Для компрессии воздуха | | | Страна изготовления: | Китай | | | Импортер/Продавец: | ООО ""ТД Комплект"", РБ, г.Минск, ул. Кнорина,д.50,к.302 А | | | Штрихкод: | | 8213112891301 | | | | | Габариты ДxШxВ, см: | 22 x 13 x 20 | | | Вес с упаковкой, кг: | 1.925 | | | | | | | | | | | | | | | | | | ECO | Садовая и силовая техника | | | | | | | | | Комплектация: | | + Компрессор; | + Чехол для хранения; | + 3 дополнительные насадки для накачивания мячей, матрасов и т.д.; | + Руководство по эксплуатации;",,https://content.tools.by/images/products/cv-6410765912/3OK/3OKS0CiP5m3yBeHf4Lgbt9I2aZmnlDhPgntY15SZ.jpg,https://tools.by/product/1037350
"Фильтр воздушный ECO с регулятором давления и маслораспылителем (1/2"") уцененный (0563537728)",UR-5524122-у,"44,03","Производитель: | ECO GROUP HONG KONG LIMITED, UNIT 617, 6/F, 131-132 CONNAUGHT ROAD WEST, SOLO WORKSHOPS, HONG KONG | | | Назначение: | Для обеспечения шланговых соединений | | | Страна изготовления: | Китай | | | Импортер/Продавец: | ООО ""ТД Комплект"", РБ, г.Минск, ул. Кнорина,д.50,к.302 А | | | Габариты ДxШxВ, см: | 16 x 8 x 25 | | | Вес с упаковкой, кг: | 1.1 | | | | | | | | | | | | | | | | | | ECO | Садовая и силовая техника | | | | | | | | | Описание: | Механические повреждения упаковки | Не рабоает манометр",,https://content.tools.by/images/products/cz-0563537728/M1S/M1SdRWivfLfPuEpUqumrVlDsdtah1aRtMhb5jzqp.jpg,https://tools.by/product/1741030
"Масло моторное 2-х тактное ECO 1 л
                    (JASO FC,  API TC, ISO-L-EGC;)",ASX5010-2,"4,00","Преимущества: | | ■ Высококачественное моторное масло для двухтактных двигателей. | ■ Надёжно защищает двигатель даже при экстремально тяжёлых условиях эксплуатации, включая резкие кратковременные нагрузки при максимальных оборотах двигателя. | ■ Подходит для двигателей с любыми типами бензина. | ■ Идеально подходит для использования в технике с двухтактными двигателями воздушного охлаждения: мотоблоки, бензопилы, мотокосы, газонокосилки, кусторезы, пылесосы, мотобуры и т.п. | ■ Обеспечивает идеальную смазку элементов двигателя, предохраняет от снижения мощности двигателя, залегания колец и образования нагара на поршнях. | ■ Специальные добавки минимизируют износ двигателя и максимально защищают от коррозии. | ■ Для приготовления топливной смеси рекомендуется соблюдать пропорцию, указанную заводом производителем двухтактной техники. | | | | | | | | | | | | | Производитель: | СП “Сканлинк”, Республика Беларусь, г. Минск, переулок Монтажников 4-й, 5-16 | | | Назначение: | Садово-парковое назначение | | | Страна изготовления: | Беларусь | | | Импортер/Продавец: | | | | Штрихкод: | | 4814519002808 | | | | | Габариты ДxШxВ, см: | 10.7 x 6.6 x 22.5 | | | Вес с упаковкой, кг: | 0.982 | | | | | | | | | | | | | | | | | | ECO | Садовая и силовая техника",,https://content.tools.by/images/products/cb-1055986845/e5u/e5ud7d6bmpRtMLCl0kkpT8oneH1WVVhzVjXN21TS.jpg,https://tools.by/product/1009946
"Электростанция (генератор инверторный бензиновый) ECO PE-1200RSI
                    (инверторный, 1.1 кВт, 230 В, бак 2.5 л, вес 11,5 кг)",PE-7001RS,"1 476,00","Преимущества: | | ■ Чистое синусоидальное напряжение на выходе | ■ Медная обмотка альтернатора | ■ ECO режим для экономии толива | ■ Низкий уровень шума | ■ Защита от низкого уровня масла | ■ Защита от перегрузки | ■ Чугунная гильза, увеличивающая моторесурс двигателя | ■ Компактность и удобство транспортировки. | | | | | | | | | | | Файлы | | | | | | | | | Производитель: | ECO GROUP HONG KONG LIMITED, UNIT 617, 6/F, 131-132 CONNAUGHT ROAD WEST, SOLO WORKSHOPS, HONG KONG | | | Назначение: | | | | Страна изготовления: | Китай | | | Импортер/Продавец: | ООО ""ТД Комплект"", РБ, г.Минск, ул. Кнорина,д.50,к.302 А | | | Штрихкод: | | 6979163403703 | | | | | Габариты ДxШxВ, см: | 36.5 x 30.6 x 34.5 | | | Вес с упаковкой, кг: | 13.7 | | | | | | | | | | | | | | | | | | ECO | Садовая и силовая техника | | | | | | | | | Описание: | Инверторный генератор ECO PE-1200RSI предназначен для автономного электроснабжения устройств с высокими требованиями к качеству электрической энергии в условиях отсутствия бытовой электросети. | | Внимание! При подборе электростанции необходимо учитывать пусковые токи устройства-потребителя электроэнергии. | Внимание! Двигатель поставляется без масла! Рекомендуемое моторное масло - 10W-40. | | | | | Комплектация: | | + Электростанция; | + Вилка 16 А, 220 В - 1 шт.; | + Комплект проводов с зажимами для АКБ; | + Свечной ключ; | + Воронка; | + Руководство по эксплуатации;",,https://content.tools.by/images/products/ci-9094311344/ELr/ELr13opfQjaswNmIxTmMhAOjablMxYng9yKz4gKT.jpg,https://tools.by/product/1742324
"Станция водоснабжения автоматическая ECO GFW-524
                    (500 Вт, 2200 л/ч, 38 м, 3,8 бар макс, корпус бака сталь, корпус насоса чугун, бак 24л.)",BP-1100,"378,00","Преимущества: | | ■ Компактная и надежная система для водоснабжения загородных домов, коттеджей, участков. | ■ Автоматическое управление с помощью реле. | ■ Накопительный бак(гидроаккумулятор) обеспечивает отсутствие скачков давления в водопроводной магистрали. | ■ Асинхронный двигатель с защитой от перегрузок. | ■ Баллон гидроаккумулятора из экологически безопасного EPDM. | ■ Корпус насоса чугун. | ■ Защита от перегрузок. | | | | | | | | | | | Файлы | | | | | | | | | Производитель: | ECO GROUP HONG KONG LIMITED, UNIT 617, 6/F, 131-132 CONNAUGHT ROAD WEST, SOLO WORKSHOPS, HONG KONG | | | Назначение: | | | | Страна изготовления: | Китай | | | Импортер/Продавец: | ООО ""ТД Комплект"", РБ, г.Минск, ул. Кнорина,д.50,к.302 А | | | Штрихкод: | | 6978018615797 | | | | | Габариты ДxШxВ, см: | 29 x 52 x 52 | | | Вес с упаковкой, кг: | 10.8 | | | | | | | | | | | | | | | | | | ECO | Садовая и силовая техника | | | | | | | | | Описание: | Насосная станция предназначена для работы с чистой водой, для ирригации и орошения, для подачи воды к дому или саду. | Подходит для водоснабжения дач, домов и частных домохозяйств из колодцев, скважин и других источников чистой воды с глубины не более 8 метров. | Кроме этого, данная насосная станция может использоваться для повышения давления уже существующих контуров водоснабжения. | | | | | Комплектация: | | + Электронасос с ресивером - 1 шт.; | + Транспортировочная рукоятка - 1 шт.; | + Руководство по эксплуатации - 1 шт.; | + Упаковка - 1 шт.",,https://content.tools.by/images/products/cz-5412451968/JAZ/JAZFkVZFU5YQKYGntEoQnAPVjBVBI1obwvhW1TtL.jpg,https://tools.by/product/1733388
Барабан сцепления ECO HU137/142,CSP-ST360-008,"14,40","Производитель: | ECO GROUP HONG KONG LIMITED, UNIT 617, 6/F, 131-132 CONNAUGHT ROAD WEST, SOLO WORKSHOPS, HONG KONG | | | Назначение: | Запасные части | | | Страна изготовления: | Китай | | | Импортер/Продавец: | ООО ""ТД Комплект"", РБ, г.Минск, ул. Кнорина,д.50,к.302 А | | | Штрихкод: | | 8210803862213 | | | | | Габариты ДxШxВ, см: | 5 x 5 x 3 | | | Вес с упаковкой, кг: | 0.132 | | | | | | | | | | | | | | | | | | ECO | Садовая и силовая техника | | | | | | | | | Описание: | Совместимость: | для бензопил Husqvarna 137142 | | | | | Комплектация: | | + барабан сцепления - 1шт, звёздочка - 1шт, игольчатый подшипник - 1шт ;",,https://content.tools.by/images/products/ce-3536936722/609/609noLqLginQakxEY9WFWMmCOORBTMKv1cBVTPaY.jpg,https://tools.by/product/1647877
Соединение быстросъем. ПАПА х елочка 10 мм (латунь) ECO,AB-MT12/E16,"10,34","Производитель: | ECO GROUP HONG KONG LIMITED, UNIT 617, 6/F, 131-132 CONNAUGHT ROAD WEST, SOLO WORKSHOPS, HONG KONG | | | Назначение: | Для обеспечения шланговых соединений | | | Страна изготовления: | Китай | | | Импортер/Продавец: | ООО ""ТД Комплект"", РБ, г.Минск, ул. Кнорина,д.50,к.302 А | | | Штрихкод: | | 5291501778023 | | | | | Габариты ДxШxВ, см: | 9.1 x 6.8 x 1.4 | | | Вес с упаковкой, кг: | 0.02 | | | | | | | | | | | | | | | | | | ECO | Садовая и силовая техника | | | | | | | | | Описание: | Быстросъемное соединение ПАПА наиболее распространенного Немецкого типа (Germany type). | Латунный корпус исключает возможность появления коррозии.",,https://content.tools.by/images/products/cb-1532227200/RCI/RCIF1eKtzZKdlBtxoYF80bSgi7QGAKhqMuXZmxPY.jpg,https://tools.by/product/911515
"Пневмошлифмашина эксцентриковая ECO ASP12-150V
                    (150 мм / 6""; Эксцентр.: 5 мм; 10 000 об/мин; 180 л/мин; вакуум.пылеотвод)",DTP-1252,"114,76","Преимущества: | | ■ Эргономичный дизайн | ■ Регулировка скорости вращения | ■ Система вакуумного отвода пыли (шлифтарелка с перфорацией, отводящий шланг и мешок-пылесборник) | | | | | | | | | | | Файлы | | | | | | | | | Производитель: | ECO GROUP HONG KONG LIMITED, UNIT 617, 6/F, 131-132 CONNAUGHT ROAD WEST, SOLO WORKSHOPS, HONG KONG | | | Назначение: | Для бытовых ремонтных работ | | | Страна изготовления: | Китай | | | Импортер/Продавец: | ООО ""ТД Комплект"", РБ, г.Минск, ул. Кнорина,д.50,к.302 А | | | Штрихкод: | | 8213112891806 | | | | | Габариты ДxШxВ, см: | 29.3 x 15 x 10.5 | | | Вес с упаковкой, кг: | 1.58 | | | | | | | | | | | | | | | | | | ECO | Садовая и силовая техника",,https://content.tools.by/images/products/cg-0406011991/f77/f77tJInpKo22Xk3wqpFnXJPBWI74yOjteAtUgN08.jpg,https://tools.by/product/1577786?slide=2
"Насос погружной 3-в-1 ECO DP-916i
                    (900 Вт, 17500 л/ч, 8,5 м)",AP02A05,"245,00","Преимущества: | | ■ Насос 3-в-1: перекачивает загрязненную воду, чистую воду, а также откачивает воду до минимального уровня | ■ Асинхронный двигатель с защитой от перегрузок | ■ Автоматическое включениевыключение с помощью поплавкового выключателя | ■ Лопасти крыльчатки из технополимера специально разработаны для работы с загрязненной водой | ■ Универсальный соединительный штуцер | ■ Удобная ручка для простоты погружения и поднятия насоса | | | | | | | | | | | Файлы | | | | | | | | | Производитель: | ECO GROUP HONG KONG LIMITED, UNIT 617, 6/F, 131-132 CONNAUGHT ROAD WEST, SOLO WORKSHOPS, HONG KONG | | | Назначение: | Для хозяйственных нужд | | | Страна изготовления: | Китай | | | Импортер/Продавец: | ООО ""ТД Комплект"", РБ, г.Минск, ул. Кнорина,д.50,к.302 А | | | Штрихкод: | | 6976215883612 | | | | | Габариты ДxШxВ, см: | 24 x 17 x 41.5 | | | Вес с упаковкой, кг: | 5.1 | | | | | | | | | | | | | | | | | | ECO | Садовая и силовая техника | | | | | | | | | Описание: | Многофункциональный погружной насос с возможностью установки сменных насадок, позволяющих использовать его в различных ситуациях. | | Использование насоса без насадок: насос откачивает воду до минимального уровня в 1 мм, режим предназначен для откачивания чистой воды из затопленных жилых и производственных помещений. | | Насадка для чистой воды: для откачивания чистой воды из небольших бассейнов, бочек. | | Насадка для загрязненной воды: для откачивания загрязненной воды из резервуаров, котлованов или подвалов. | | | | | Комплектация: | | + Насос 3-в-1; | + Универсальный соединительный штуцер с угловым коленом; | + Насадкой для перекачивания чистой воды; | + Насадкой для перекачивания загрязненной воды; | + Инструкция по эксплуатации; | + Коробка",,https://content.tools.by/images/products/ce-5975150328/uw9/uw9DACvpv9ZnTxKBnd0l59WYNmdtKo7BKKI6LeZi.jpg,https://tools.by/product/1661042
"Корпус сцепления в сборе ECO GTP-X018 (9 шлицов, ф 28 мм)",GTP-X001,"36,00","Производитель: | ECO GROUP HONG KONG LIMITED. UNIT 617, 6/F, 131-132 CONNAUGHT ROAD WEST, SOLO WORKSHOPS, HONG KONG | | | Назначение: | Садово-парковое назначение | | | Страна изготовления: | Китай | | | Импортер/Продавец: | ООО ""ТД Комплект"", РБ, г.Минск, ул. Кнорина,д.50,к.302 А | | | Штрихкод: | | 6923112893695 | | | | | Габариты ДxШxВ, см: | 15.5 x 3 x 15.5 | | | Вес с упаковкой, кг: | 0.4 | | | | | | | | | | | | | | | | | | ECO | Садовая и силовая техника | | | | | | | | | Описание: | | Совместимость: | | Для моделей ECO GTP-145B, GTP-145F, GTP-145N, GTP-145R, GTP-185B, GTP-185F, GTP-185K, GTP-185N, GTP-185R, GTP-187F, GTP-189F | | Подходит ко многим мотокосам с диаметром трубы 28мм и валом 9 шлицов: ECO, DGM, GUNTER, SKIPER, DARC, MIKKELI, PATRIOT, DENZEL, CRAFTOP, LIDER, NIKKEY, PROKRAFT, MATRIX, WATT, CATMANN, GARDEN LINE, ELAND KASEI, ZIGZAG, DOLFIN, SOLO, GRASSHOPER, EUROTEK, PARK, DEMON, STERN, EXTEL, BIZON, MEGA, PROLAND, DOLMAR, MAGNUM, SKIPER, STURM и др. | | | | | Комплектация: | | + Корпус сцепления в сборе с чашкой.",,https://content.tools.by/images/products/cb-0431846250/61Z/61ZK13FMkN0eY08t6eke54xZ3wHs5Mazi9czScmg.jpg,https://tools.by/product/967864
Пеногенератор активный для очистителя высокого давления ECO (HPW-X91125),ECX2010-2,"15,47","Производитель: | ECO GROUP HONG KONG LIMITED, UNIT 617, 6/F, 131-132 CONNAUGHT ROAD WEST, SOLO WORKSHOPS, HONG KONG | | | Назначение: | | | | Страна изготовления: | Китай | | | Импортер/Продавец: | ООО ""ТД Комплект"", РБ, г.Минск, ул. Кнорина,д.50,к.302 А | | | Штрихкод: | | 8213112891387 | | | | | Габариты ДxШxВ, см: | 12 x 10 x 6 | | | Вес с упаковкой, кг: | 0.244 | | | | | | | | | | | | | | | | | | ECO | Садовая и силовая техника | | | | | | | | | Описание: | Пеногенератор активный предназначен для очистителей высокого давления ECO. | Регулировка подачи количества пены. | Регулировка формы струи. | Номинальный объем 650 мл. | Совместим с пистолетами HPW-X10073 и 18250004.",,https://content.tools.by/images/products/cv-0043840353/cjH/cjHTzidlbN4IRSma1m4BNvrL9qX681WGlCPKOVpI.jpg,https://tools.by/product/1038924
"Аэратор/скарификатор бензиновый ECO SCG-400
                    (7.0 л.с., шир. 40 см,, 8 уровней, ручной привод, колеса 7"", травосборник 45 л)",1334455,"428,80","Преимущества: | | ■ Два сменных инструмента: для скарификации и аэрации | ■ Бензиновый двигатель 7.0 л.с. ECO RX210 | ■ Стальная дека | ■ Установка глубинывысоты обработки 8 уровней | ■ Колеса 7"" с подшипниками | ■ Травосборник 45 л | | | | | | | | | | | Файлы | | | | | | | | | Производитель: | ECO GROUP HONG KONG LIMITED. UNIT 617, 6/F, 131-132 CONNAUGHT ROAD WEST, SOLO WORKSHOPS, HONG KONG, CHINA | | | Назначение: | Садово-парковое назначение | | | Страна изготовления: | Китай | | | Импортер/Продавец: | ООО ""ТД Комплект"", РБ, г.Минск, ул. Кнорина,д.50,к.302 А | | | Штрихкод: | | 8213112892490 | | | | | Габариты ДxШxВ, см: | 62 x 58 x 66 | | | Вес с упаковкой, кг: | 39.6 | | | | | | | | | | | | | | | | | | ECO | Садовая и силовая техника | | | | | | | | | Комплектация: | | + Аэратор/скарификатор бензиновый; | + - Свечной ключ; | + - Вал для скарификации; | + - Вал для аэрации; | + - Руководство по эксплуатации;",,https://content.tools.by/images/products/cd-0020346568/eSv/eSvZx0UMbclgeizLj7uMSGGKeiXCd2N69j5tzsT1.jpg,https://tools.by/product/1635883
"Станция водоснабжения автоматическая ECO GFI-904
                    (900 Вт, 3100 л/ч, 42 м, 4.8 атм макс, корпус насоса чугун, бак 24 л)",PF1110,"435,06","Преимущества: | | ■ Компактная и надежная система для водоснабжения загородных домов, коттеджей, участков. | ■ Автоматическое управление с помощью реле. | ■ Накопительный бак (гидроаккумулятор) обеспечивает отсутствие скачков давления в водопроводной магистрали. | ■ Асинхронный двигатель с защитой от перегрузок. | ■ Баллон гидроаккумулятора из экологически безопасного EPDM. | ■ Корпус насоса из чугуна. | ■ Защита от перегрузок. | | | | | | | | | | | Файлы | | | | | | | | | Производитель: | ECO GROUP HONG KONG LIMITED, UNIT 617, 6/F, 131-132 CONNAUGHT ROAD WEST, SOLO WORKSHOPS, HONG KONG | | | Назначение: | Для хозяйственных нужд | | | Страна изготовления: | Китай | | | Импортер/Продавец: | ООО ""ТД Комплект"", РБ, г.Минск, ул. Кнорина,д.50,к.302 А | | | Штрихкод: | | 6920401862400 | | | | | Габариты ДxШxВ, см: | 52.5 x 32.3 x 52 | | | Вес с упаковкой, кг: | 18.51 | | | | | | | | | | | | | | | | | | ECO | Садовая и силовая техника",,https://content.tools.by/images/products/cb-2373003200/ezY/ezYZlJzPPrpfanzk9fPANsDghfmRkey9ezfJKO3a.jpg,https://tools.by/product/938573?slide=2
Вал приводной 9 шлиц. 1530 мм ECO GTP-X039,GTP-X025,"46,80","Производитель: | ECO GROUP HONG KONG LIMITED. UNIT 617, 6/F, 131-132 CONNAUGHT ROAD WEST, SOLO WORKSHOPS, HONG KONG | | | Назначение: | | | | Страна изготовления: | Китай | | | Импортер/Продавец: | ООО ""ТД Комплект"", РБ, г.Минск, ул. Кнорина,д.50,к.302 А | | | Штрихкод: | | 8210803861636 | | | | | Габариты ДxШxВ, см: | 155 x 1 x 1 | | | Вес с упаковкой, кг: | 0.609 | | | | | | | | | | | | | | | | | | ECO | Садовая и силовая техника | | | | | | | | | Описание: | Приводной вал в штангу мотокос. | | Совместимость: | | Для моделей ECO GTP-145B, GTP-145F, GTP-145N, GTP-145R, GTP-185B, GTP-185F, GTP-185K, GTP-185N, GTP-185R, GTP-187F, GTP-189F, GTP-215, GTP-250, GTP-251 | Для моделей DGM BC-210, BC-240, BC-241 | | Подходит ко многим мотокосам: ECO, DGM, GUNTER, SKIPER, DARC, MIKKELI, PATRIOT, DENZEL, CRAFTOP, LIDER, NIKKEY, PROKRAFT, MATRIX, WATT, CATMANN, GARDEN LINE, ELAND KASEI, ZIGZAG, DOLFIN, SOLO, GRASSHOPER, EUROTEK, PARK, DEMON, STERN, EXTEL, BIZON, MEGA, PROLAND, DOLMAR, MAGNUM, SKIPER, STURM и др. | | | | | Комплектация: | | + Вал;",,https://content.tools.by/images/products/cv-1570075812/Qyf/QyfR8C6vyQrgqwd18YryJhJj92IooWOl2NEceyQW.jpg,https://tools.by/product/1559179
"Цепь 0.325"" 1.5 мм 1840 зв. 325TA (бухта 30.4 м) ECO",CSP-38TA6-B,"600,00","Файлы | | | | | | | | | Производитель: | ECO GROUP HONG KONG LIMITED, UNIT 617, 6/F, 131-132 CONNAUGHT ROAD WEST, SOLO WORKSHOPS, HONG KONG | | | Назначение: | Садово-парковое назначение | | | Страна изготовления: | Китай | | | Импортер/Продавец: | ООО ""ТД Комплект"", РБ, г.Минск, ул. Кнорина,д.50,к.302 А | | | Штрихкод: | | 8212107216211 | | | | | Габариты ДxШxВ, см: | 22 x 22 x 22 | | | Вес с упаковкой, кг: | 8.1 | | | | | | | | | | | | | | | | | | ECO | Садовая и силовая техника | | | | | | | | | Описание: | Пильные цепи ECO Multli Sharp со слабой отдачей и специальной системой смазки Oilotec system для увеличения срока службы - оптимальный выбор режущей оснастки для Вашей бензопилы. Режущий зуб выполнен из качественной стали. | | В комплекте с бухтой идет набор звеньев для расклепки и набор пакетов для индивидуальной упаковки. | | аналог цепи OREGON - 21LPX100R. | | Упаковка: картонная коробка",,https://content.tools.by/images/products/cb-0905036480/UVy/UVyCnXeIGlq7b0z4cNhgTA1lnyr83Y3WlRerU03N.jpg,https://tools.by/product/1001334
"Опрыскиватель ранцевый бензиновый ECO PS-371
                    (2Т двигатель 2,8л.с.; бак 14 л; произв-сть воздушной смеси 1130м3/ч; расход жидкости до 1,8 л/мин)",UB1103,"214,92","Файлы | | | | | | | | | Производитель: | ECO GROUP HONG KONG LIMITED, UNIT 617, 6/F, 131-132 CONNAUGHT ROAD WEST, SOLO WORKSHOPS, HONG KONG | | | Назначение: | | | | Страна изготовления: | Китай | | | Импортер/Продавец: | ООО ""ТД Комплект"", РБ, г.Минск, ул. Кнорина,д.50,к.302 А | | | Штрихкод: | | 8210803863234 | | | | | Габариты ДxШxВ, см: | 48.7 x 41 x 73 | | | Вес с упаковкой, кг: | 12.75 | | | | | | | | | | | | | | | | | | ECO | Садовая и силовая техника | | | | | | | | | Описание: | Ранцевый бензиновый опрыскиватель используется в домашнем хозяйстве для ухода за растениями, подкормки растений и уничтожения насекомых. Также может использоваться для рассеивания семян, порошковых, гранулированных химикатов и как воздуходувное устройство. | Устройство оснащено мощным бензиновым двигателем 2.1 кВт, поэтому обеспечивает мобильность, с ним можно работать в поле и саду, не привязываясь к наличию розетки и электросети. | Ранцевая система позволяет перемещать опрыскиватель на спине во время его использования и равномерно распределять нагрузку, все элементы управления расположены на рукоятке. | | Особенности: | - опрыскиватель ранцевого типа; | - комплект для работы с сухими и сыпущими веществами в комплекте; | - двухтактный бензиновый двигатель; | - регулируемый расход жидкости 0,12 - 1,8 лмин; | - антивибрационные подушки двигателя; | - бак для жидкости 14 литров для продолжительной работы; | - большая заливная горловина с фильтром; | - сливная пробка на баке; | Комплект: | Мотоопрыскиватель в сборе; | Напорная труба; | Комплект для работы с сухими веществами; | Шланг гибкий;",,https://content.tools.by/images/products/ce-1820313200/isw/isw01xGdeEGwPTg0tM9RIkAbGZjFw7VNwWH2TrAe.jpg,https://tools.by/product/1638292
Бак топливный в сборе ECO ST120/200/250,GTP-X036,"28,80","Производитель: | ECO GROUP HONG KONG LIMITED, UNIT 617, 6/F, 131-132 CONNAUGHT ROAD WEST, SOLO WORKSHOPS, HONG KONG | | | Назначение: | Запасные части | | | Страна изготовления: | Китай | | | Импортер/Продавец: | ООО ""ТД Комплект"", РБ, г.Минск, ул. Кнорина,д.50,к.302 А | | | Штрихкод: | | 8210803863197 | | | | | Габариты ДxШxВ, см: | 13.5 x 4 x 13 | | | Вес с упаковкой, кг: | 0.312 | | | | | | | | | | | | | | | | | | ECO | Садовая и силовая техника | | | | | | | | | Описание: | Совместимость: | для мотокос STIHL FS120200250 | | | | | Комплектация: | | + топливный бак - 1шт;",,https://content.tools.by/images/products/ce-0207181800/tWj/tWjAvOSQksxWUgAwoKhLckudf2B7a44ZbwFrwuOO.jpg,https://tools.by/product/1647886
Ударник для пневмостеплера ECO ASL-50N,ASL-40B,"115,90","Производитель: | ECO GROUP HONG KONG LIMITED. UNIT 617, 6/F, 131-132 CONNAUGHT ROAD WEST, SOLO WORKSHOPS, HONG KONG, CHINA | | | Назначение: | | | | Страна изготовления: | Китай | | | Импортер/Продавец: | ООО ""ТД Комплект"", РБ, г.Минск, ул. Кнорина,д.50,к.302 А | | | Штрихкод: | | 8213112892179 | | | | | Габариты ДxШxВ, см: | 13 x 3 x 3 | | | Вес с упаковкой, кг: | 0.029 | | | | | | | | | | | | | | | | | | ECO | Садовая и силовая техника | | | | | | | | | Описание: | Запасная часть для пневмостеплера ECO ASL-50N",,https://content.tools.by/images/products/cg-3450951088/OHU/OHU2eCU4zslXkh7xP5hmS6LOJWz4odenQ9tIyX2v.jpg,https://tools.by/product/1602165
"Насос садовый ECO GFI-07P
                    (900 Вт, 3100 л/ч, до 42 м, корпус насоса чугун)",EC4218-2,"255,00","Преимущества: | | ■ Асинхронный двигатель с защитой от перегрузок. | ■ Корпус насоса из чугуна. | | | | | | | | | | | Файлы | | | | | | | | | Производитель: | ECO GROUP HONG KONG LIMITED, UNIT 617, 6/F, 131-132 CONNAUGHT ROAD WEST, SOLO WORKSHOPS, HONG KONG | | | Назначение: | Для хозяйственных нужд | | | Страна изготовления: | Китай | | | Импортер/Продавец: | ООО ""ТД Комплект"", РБ, г.Минск, ул. Кнорина,д.50,к.302 А | | | Штрихкод: | | 6923112893770 | | | | | Габариты ДxШxВ, см: | 44 x 20 x 23 | | | Вес с упаковкой, кг: | 12.89 | | | | | | | | | | | | | | | | | | ECO | Садовая и силовая техника | | | | | | | | | Описание: | Насос бытовой садовый центробежный предназначен для перекачки пресной воды из колодцев, скважин, резервуаров а также открытых водоемов, для полива садов, огородов, приусадебных участков. Можно использовать в составе системы водоснабжения, оборудовав специальными аксессуарами (гидробак, система автоматики, система защиты от сухого хода и т.д.)",,https://content.tools.by/images/products/cb-0129967992/lfC/lfCMSWUhz7k9zcLoqPK3F6BxkCRDGvipNhMp0zRR.jpg,https://tools.by/product/967125
"Нож для газонокосилки 42 см ECO
                    (в блистере; для LG-434)",LG-X2008,"37,13","Производитель: | ECO GROUP HONG KONG LIMITED, UNIT 617, 6/F, 131-132 CONNAUGHT ROAD WEST, SOLO WORKSHOPS, HONG KONG | | | Назначение: | Садово-парковое назначение | | | Страна изготовления: | Китай | | | Импортер/Продавец: | ООО ""ТД Комплект"", РБ, г.Минск, ул. Кнорина,д.50,к.302 А | | | Штрихкод: | | 8213112891738 | | | | | Габариты ДxШxВ, см: | 60 x 9.5 x 3 | | | Вес с упаковкой, кг: | 0.56 | | | | | | | | | | | | | | | | | | ECO | Садовая и силовая техника | | | | | | | | | Описание: | Сменный нож-лезвие для колесных газонокосилок ECO. | Упакован в блистер с подвесом. | Технические параметры: | Длина: 42 см;",,https://content.tools.by/images/products/cv-0003364443/yOo/yOowiRx10EFCOLsoUTd77tbnR5pgnzlIvGYcM7pS.jpg,https://tools.by/product/1562560
"Насос вибрационный ECO CPV-331 (15м, верхний забор)
                    (330Вт, 1300 л/ч, пров. 15м 3х0,75 мм2, аналог насоса Ручеек)",BP-1100,"378,00","Преимущества: | | ■ Защита от захвата грязи со дна резервуара или колодца благодаря верхнему забору воды | ■ Термозащита электропривода | ■ Прочный и эластичный электрический кабель сечением 0,75 мм2 | ■ Алюминиевый корпус не подвержен коррозии | ■ Капроновый шнур в комплекте для подвеса насоса | ■ Выходной штуцер ""елочка"" диаметром 3/4"" | | | | | | | | | | | Файлы | | | | | | | | | Производитель: | ECO GROUP HONG KONG LIMITED, UNIT 617, 6/F, 131-132 CONNAUGHT ROAD WEST, SOLO WORKSHOPS, HONG KONG | | | Назначение: | | | | Страна изготовления: | Китай | | | Импортер/Продавец: | ООО ""ТД Комплект"", РБ, г.Минск, ул. Кнорина,д.50,к.302 А | | | Штрихкод: | | 6977125196267 | | | | | Габариты ДxШxВ, см: | 16.5 x 12.5 x 29.5 | | | Вес с упаковкой, кг: | 4.238 | | | | | | | | | | | | | | | | | | ECO | Садовая и силовая техника | | | | | | | | | Комплектация: | | + Насос; | + Капроновый шнур; | + Хомут червячный; | + Инструкция по эксплуатации; | + Коробка",,https://content.tools.by/images/products/cz-0018190200/WXi/WXirOXyqwIP2LRaDRaDFdTXjUktKcqLJAi3je7em.jpg,https://tools.by/product/1687281
"Насос вибрационный ECO CPV-332 (25м, верхний забор)
                    (330Вт, 1300 л/ч, пров. 25м 3х0,75 мм2, аналог насоса Ручеек)",CP-405,"122,00","Преимущества: | | ■ Защита от захвата грязи со дна резервуара или колодца благодаря верхнему забору воды | ■ Термозащита электропривода | ■ Прочный и эластичный электрический кабель сечением 0,75 мм2 | ■ Алюминиевый корпус не подвержен коррозии | ■ Капроновый шнур в комплекте для подвеса насоса | ■ Выходной штуцер ""елочка"" диаметром 3/4"" | | | | | | | | | | | Файлы | | | | | | | | | Производитель: | ECO GROUP HONG KONG LIMITED, UNIT 617, 6/F, 131-132 CONNAUGHT ROAD WEST, SOLO WORKSHOPS, HONG KONG | | | Назначение: | | | | Страна изготовления: | Китай | | | Импортер/Продавец: | ООО ""ТД Комплект"", РБ, г.Минск, ул. Кнорина,д.50,к.302 А | | | Штрихкод: | | 6977125196274 | | | | | Габариты ДxШxВ, см: | 19 x 13 x 30.5 | | | Вес с упаковкой, кг: | 5.1 | | | | | | | | | | | | | | | | | | ECO | Садовая и силовая техника | | | | | | | | | Комплектация: | | + Насос; | + Капроновый шнур; | + Хомут червячный; | + Инструкция по эксплуатации; | + Коробка",,https://content.tools.by/images/products/cz-0060368144/pxh/pxhzfvjrSGHlsIIvl8kTBVAYNcbMaay0VShqx1h1.jpg,https://tools.by/product/1687282
"Газонокосилка бензиновая ECO LG-820 (травокосилка)
                    (5.0 л.с., шир. 56 см,, ручной привод, колеса 14"", без травосборника)",LG-734,"1 148,40","Преимущества: | | ■ Ширина кошения 56 см | ■ Не боится камней и неровностей (рабочий инструмент леска 4 мм): установлен горизонтально расположенный металлический диск, на внешний край которой крепится отрезок лески. | ■ Косит высокую траву | ■ Валит бурьян | ■ Идеально для заготовки сена | ■ Бензиновый двигатель 5.0 л.с. ECO MX160 | ■ Большие колеса 14 с подшипниками | ■ Прочный стальной корпус | ■ Бесступенчатая установка высоты кошения | | | | | | | | | | | Файлы | | | | | | | | | Производитель: | ECO GROUP HONG KONG LIMITED, UNIT 617, 6/F, 131-132 CONNAUGHT ROAD WEST, SOLO WORKSHOPS, HONG KONG | | | Назначение: | Садово-парковое назначение | | | Страна изготовления: | Китай | | | Импортер/Продавец: | ООО ""ТД Комплект"", РБ, г.Минск, ул. Кнорина,д.50,к.302 А | | | Штрихкод: | | 8213112892483 | | | | | Габариты ДxШxВ, см: | 77 x 49 x 54.2 | | | Вес с упаковкой, кг: | 30.8 | | | | | | | | | | | | | | | | | | ECO | Садовая и силовая техника | | | | | | | | | Комплектация: | | + Газонокосилка бензиновая; | + Свечной ключ; | + Запасная триммерная леска; | + Чехол для триммерной лески; | + Руководство по эксплуатации",,https://content.tools.by/images/products/cd-0606220288/5NN/5NNMsCjxMS7j53VVuZfDw6t0X3cfIrVv6hmMPrwa.jpg,https://tools.by/product/1635881
"Набор пневмоинструмента ECO SGK-5 (5 предметов,верх. бак)",SGK-51,"68,00","Файлы | | | | | | | | | Производитель: | ECO GROUP HONG KONG LIMITED, UNIT 617, 6/F, 131-132 CONNAUGHT ROAD WEST, SOLO WORKSHOPS, HONG KONG | | | Назначение: | Для бытовых ремонтных работ | | | Страна изготовления: | Китай | | | Импортер/Продавец: | ООО ""ТД Комплект"", РБ, г.Минск, ул. Кнорина,д.50,к.302 А | | | Штрихкод: | | 5291501776524 | | | | | Габариты ДxШxВ, см: | 30 x 12 x 13 | | | Вес с упаковкой, кг: | 1.71 | | | | | | | | | | | | | | | | | | ECO | Садовая и силовая техника | | | | | | | | | Описание: | Базовый набор пневмоинструментов, состоящий из популярных компонентов, которые пригодятся начинающему пользователю воздушного компрессора. В набор входит краскораспылитель типа HVLP, пистолет моечный для мойки поверхностей моющими составами, пистолет для подкачки шин с манометром, продувочный пистолет для очистки поверхностей от пыли и сухой грязи и спиральный пневматический шланг для подключения аксессуаров к компрессору. | Поставляется в картонной коробке. | | | | | Комплектация: | | + Краскораспылитель HVLP; | + Пластиковый бачок краскораспылителя; | + Пистолет моечный; | + Пистолет для подкачки шин с манометром; | + Пистолет продувочный; | + Шланг спиральный; | + Картонная коробка.",,https://content.tools.by/images/products/cb-0000707827/NXd/NXdKjx87b9mscct3JF9SLKtkZDExF0NSPBTJgqtn.jpg,https://tools.by/product/57027?slide=2
"Насос скважинный винтовой ECO DWS-55
                    (550 Вт, 2,1 м3/ч, 91 м, винтовой, 3""/ 7,62 см)",BP-1100,"378,00","Преимущества: | | ■ Насос имеет малые габариты и может быть использован в скважинах от 100 мм. | ■ Асинхронный маслозаполненный двигатель с медной обмоткой имеет высокий ресурс и не требует технического обслуживания на протяжении всего срока службы. | ■ Винтовой тип насоса обеспечивает высокий напор. | ■ Корпус насоса изготовлен из нержавеющей стали, а напорный фланец и соединительный элемент из чугуна, что позволяет полностью исключить появление коррозии. | | | | | | | | | | | | | Производитель: | ECO GROUP HONG KONG LIMITED, UNIT 617, 6/F, 131-132 CONNAUGHT ROAD WEST, SOLO WORKSHOPS, HONG KONG | | | Назначение: | Для хозяйственных нужд | | | Страна изготовления: | Китай | | | Импортер/Продавец: | ООО ""ТД Комплект"", РБ, г.Минск, ул. Кнорина,д.50,к.302 А | | | Штрихкод: | | 6979163401778 | | | | | Габариты ДxШxВ, см: | 60 x 7.6 x 7.6 | | | Вес с упаковкой, кг: | 8.4 | | | | | | | | | | | | | | | | | | ECO | Садовая и силовая техника | | | | | | | | | Описание: | Скважинный насос ECO серии DWS предназначен для бытового использования. Он применяется для подачи чистой пресной воды из скважин диаметром не менее 100 мм, глубоких колодцев и резервуаров. | | | | | Комплектация: | | + Электронасос - 1 шт.; | + Руководство по эксплуатации - 1 шт.; | + Упаковка",,https://content.tools.by/images/products/ci-3481617060/7i5/7i5NK3WFCpq3sMq2K50AoG5E9Yix08p1eIKQ8cgS.jpg,https://tools.by/product/1735787
"Корпус сцепления в сборе ECO GTP-X017 (9 шлицов, ф 26 мм)",GTP-ST400-001,"123,48","Производитель: | ECO GROUP HONG KONG LIMITED. UNIT 617, 6/F, 131-132 CONNAUGHT ROAD WEST, SOLO WORKSHOPS, HONG KONG | | | Назначение: | Садово-парковое назначение | | | Страна изготовления: | Китай | | | Импортер/Продавец: | ООО ""ТД Комплект"", РБ, г.Минск, ул. Кнорина,д.50,к.302 А | | | Штрихкод: | | 6923112893688 | | | | | Габариты ДxШxВ, см: | 15.5 x 3 x 15.5 | | | Вес с упаковкой, кг: | 0.575 | | | | | | | | | | | | | | | | | | ECO | Садовая и силовая техника | | | | | | | | | Описание: | Совместимость: | | Для моделей DGM BC-210, BC-240, BC-241 | | Подходит ко многим мотокосам с диаметром трубы 26мм и валом 9 шлицов: CRAFTOP, LIDER, NIKKEY, PROKRAFT, MATRIX, WATT, CATMANN, GARDEN LINE, ELAND KASEI, ZIGZAG, DOLFIN, SOLO, GRASSHOPER, EUROTEK, PARK, DEMON, STERN, EXTEL, BIZON, MEGA, PROLAND, DOLMAR, MAGNUM, SKIPER, STURM ECO и др. | | | | | Комплектация: | | + Корпус сцепления в сборе с чашкой.);",,https://content.tools.by/images/products/cb-7554330000/zF2/zF2EskWpP7QD8ajvGpfYaxa9C1VNgL6e42y1rx6x.jpg,https://tools.by/product/967863
"Бак топливный в сборе ECO GTP-X019
                    (крепление под 2 винта; пробка на углу)",GTP-X011,"13,50","Производитель: | ECO GROUP HONG KONG LIMITED. UNIT 617, 6/F, 131-132 CONNAUGHT ROAD WEST, SOLO WORKSHOPS, HONG KONG | | | Назначение: | Садово-парковое назначение | | | Страна изготовления: | Китай | | | Импортер/Продавец: | ООО ""ТД Комплект"", РБ, г.Минск, ул. Кнорина,д.50,к.302 А | | | Штрихкод: | | 6923112893701 | | | | | Габариты ДxШxВ, см: | 15.5 x 3 x 15.5 | | | Вес с упаковкой, кг: | 0.24 | | | | | | | | | | | | | | | | | | ECO | Садовая и силовая техника | | | | | | | | | Описание: | Совместимость: | | Для моделей DGM BC-210, BC-241 | | Подходит ко многим мотокосам: ECO, CRAFTOP, LIDER, NIKKEY, PROKRAFT, MATRIX, WATT, CATMANN, GARDEN LINE, ELAND KASEI, ZIGZAG, DOLFIN, SOLO, GRASSHOPER, EUROTEK, PARK, DEMON, STERN, EXTEL, BIZON, MEGA, PROLAND, DOLMAR, MAGNUM, SKIPER, STURM и др. | | | | | Комплектация: | | + Топливный бак в сборе (с топливными шлангами);",,https://content.tools.by/images/products/cb-3046895992/16s/16sJmYR4ahOcZK1fdGxjbenUJm8ibUZ8yGG1s9Cb.jpg,https://tools.by/product/967857
"Нож для мотокос и триммеров 255x1.5x25.4 мм WORTEX
                    (255x1,5x25,4 мм, для электрических/аккумуляторных триммеров и мотокос)",1916C9-1,"28,56","Файлы | | | | | | | | | Производитель: | “SKIPFIRE LIMITED” Romanou, 2, TLAIS TOWER, 6th floor, flat/office 601, P.C.1070, Nicosia,Кипр | | | Назначение: | Садово-парковое назначение | | | Страна изготовления: | Китай | | | Импортер/Продавец: | ООО ""ТД Комплект"", РБ, г.Минск, ул. Кнорина,д.50,к.302 А | | | Штрихкод: | | 6900602862645 | | | | | Габариты ДxШxВ, см: | 23 x 11 x 1 | | | Вес с упаковкой, кг: | 0.554 | | | | | | | | | | | | | | | | | | WORTEX | Электроинструмент | | | | | | | | | Описание: | Предназначен для скашивания плотной жесткой травы. | Стальной, трёхлопастной нож для триммеров и мотокос с посадочным диметром 25.4 мм.",,https://content.tools.by/images/products/cd-2170052612/5gW/5gW8NKyZ0ajLdh3AwhnzJdo8LBioS8kpghZ9l6f5.jpg,https://tools.by/product/1637037
"Компрессор ECO AE-501-4 коаксиальный
                    (260 л/мин, 8 атм, коаксиальный, масляный, ресив. 50 л, 220 В, 1.80 кВт)",AC-2101,"930,71","Преимущества: | | ■ Регулятор давления | ■ 2 выхода ( быстросъем и кран с переходником ) - | ■ Воздушный фильтр с поролоновым фильтроэлементом | ■ Манометры с пластиковым корпусом | ■ Колеса с резиновыми накладками | | | | | | | | | | | Файлы | | | | | | | | | Производитель: | ECO GROUP HONG KONG LIMITED, UNIT 617, 6/F, 131-132 CONNAUGHT ROAD WEST, SOLO WORKSHOPS, HONG KONG | | | Назначение: | Для компрессии воздуха | | | Страна изготовления: | Китай | | | Импортер/Продавец: | ООО ""ТД Комплект"", РБ, г.Минск, ул. Кнорина,д.50,к.302 А | | | Штрихкод: | | 8212107216266 | | | | | Габариты ДxШxВ, см: | 75.5 x 32 x 63 | | | Вес с упаковкой, кг: | 28.6 | | | | | | | | | | | | | | | | | | ECO | Садовая и силовая техника | | | | | | | | | Описание: | ВНИМАНИЕ!!! | Уровень масла должен быть немного выше верхней границы красной точки на глазке! | Компрессор поставляется с компрессорным маслом необходимого объема для стартового запуска компрессора. Масло может быть заправлено в картер компрессорной головы компрессора, либо перелито в отдельную | герметичную емкость для целей транспортировки во избежание утечки из | картера в зависимости от условий транспортировки изделия. | | Внимание! В картере могут находиться остатки масла. Это связано с тем, что 100% устройств запускается на производстве после сборки для проверки на работоспособность. | | | | | Комплектация: | | + Компрессор; | + Фильтр воздушный; | + Колесо транспортировочное (2 шт); | + Опорная ножка (2 шт); | + Комплект крепежа; | + Сапун.",,https://content.tools.by/images/products/cb-0822614500/g1u/g1uzWcEkkbI25lRl85KgK3Q5qnxXalBBnbBCeJgz.jpg,https://tools.by/product/1009820?slide=2
"Мотопомпа бензиновая ECO WP-153C
                    (для слабозагрязненной воды, 1,8кВт, 150 л/мин, 2-х такт, 1"")",WP-1404D,"943,00","Файлы | | | | | | | | | Производитель: | ECO GROUP HONG KONG LIMITED, UNIT 617, 6/F, 131-132 CONNAUGHT ROAD WEST, SOLO WORKSHOPS, HONG KONG | | | Назначение: | Для хозяйственных нужд | | | Страна изготовления: | Китай | | | Импортер/Продавец: | ООО ""ТД Комплект"", РБ, г.Минск, ул. Кнорина,д.50,к.302 А | | | Штрихкод: | | 8210803861094 | | | | | Габариты ДxШxВ, см: | 38 x 29 x 36.5 | | | Вес с упаковкой, кг: | 8.8 | | | | | | | | | | | | | | | | | | ECO | Садовая и силовая техника | | | | | | | | | Описание: | Лёгкая и компактная бензиновая мотопомпа мощностью 1800 Вт применяется в различных отраслях хозяйства (быстро заполнит водой небольшой бассейн, осушит погреб или колодец, подойдет для орошения дачного участка). Оснащена 2-х тактным двигателем, который обеспечивает производительность до 150 л/мин. Имеет ручку для удобства транспортировки, ножки для устойчивости на любой поверхности. | Подходят свечи BRISK: PR17YC; PR17Y; PR15Y | | | | | Комплектация: | | + Фильтр для воды - 1 шт. | + - Ёмкость для подготовки топливной смеси - 1 шт. | + - Хомут - 3 шт. | + - Набор штуцеров - 2 шт. | + - Прокладки - 3 шт. | + - Набор рожковых ключей - 2 шт. | + - Набор шестигранных ключей - 2 шт. | + - Отвёртка комбинированная - 1 шт. | + - Свечной ключ - 1 шт. | + - Инструкция по эксплуатации - 1 шт. | + - Упаковка - 1 шт.",,https://content.tools.by/images/products/cv-5305260400/kL2/kL2WOm6zh2KOhYMNRG9XJxLKyhJZmvogLOEeQcY9.jpg,https://tools.by/product/1035534
Ремкомплект для вибрационных насосов ECO,GFI-0086,"31,27","Производитель: | ECO GROUP HONG KONG LIMITED, UNIT 617, 6/F, 131-132 CONNAUGHT ROAD WEST, SOLO WORKSHOPS, HONG KONG | | | Назначение: | | | | Страна изготовления: | Китай | | | Импортер/Продавец: | ООО ""ТД Комплект"", РБ, г.Минск, ул. Кнорина,д.50,к.302 А | | | Штрихкод: | | 6977125196298 | | | | | Габариты ДxШxВ, см: | 10 x 6 x 1 | | | Вес с упаковкой, кг: | 0.146 | | | | | | | | | | | | | | | | | | ECO | Садовая и силовая техника | | | | | | | | | Описание: | Ремкомплект подходит для вибрационных насосов ECO CPV-307/CPV-308/CPV-309/CPV-330/CPV-331/CPV-332/CPV-333 | и прочих аналогичных моделей | | | | | Комплектация: | | + Мембрана (Поршень) - 1шт.; | + Клапан - 1 шт.; | + Винт М6 - 1 шт.; | + Шайба М6 - 2 шт.; | + Пружинная шайба М6 -1 шт.; | + Гайка М6 - 1 шт.; | + Гайка М8 - 5 шт.; | + Винт М8 - 4 шт.; | + Шайба М8 - 1 шт.;",,https://content.tools.by/images/products/cz-0036368976/Nnc/NnctWmYvR0S7Jqmck5fRnmIszvQ95gMswj0KpRgU.jpg,https://tools.by/product/1733387
"Опрыскиватель ранцевый бензиновый ECO PS-471
                    (2Т двигатель 3,5л.с.; бак 14 л; произв-сть воздушной смеси 1260м3/ч; расход жидкости до 3,0 л/мин)",57020-10,"13,07","Файлы | | | | | | | | | Производитель: | ECO GROUP HONG KONG LIMITED, UNIT 617, 6/F, 131-132 CONNAUGHT ROAD WEST, SOLO WORKSHOPS, HONG KONG | | | Назначение: | | | | Страна изготовления: | Китай | | | Импортер/Продавец: | ООО ""ТД Комплект"", РБ, г.Минск, ул. Кнорина,д.50,к.302 А | | | Штрихкод: | | 8210803863241 | | | | | Габариты ДxШxВ, см: | 50 x 33.5 x 69 | | | Вес с упаковкой, кг: | 12.5 | | | | | | | | | | | | | | | | | | ECO | Садовая и силовая техника | | | | | | | | | Описание: | Ранцевый бензиновый опрыскиватель используется в домашнем хозяйстве для ухода за растениями, подкормки растений и уничтожения насекомых. Также может использоваться для рассеивания семян, порошковых, гранулированных химикатов и как воздуходувное устройство. | Устройство оснащено мощным бензиновым двигателем 2.6 кВт, поэтому обеспечивает мобильность, с ним можно работать в поле и саду, не привязываясь к наличию розетки и электросети. | Ранцевая система позволяет перемещать опрыскиватель на спине во время его использования и равномерно распределять нагрузку, все элементы управления расположены на рукоятке. | | Особенности: | - опрыскиватель ранцевого типа; | - комплект для работы с сухими и сыпущими веществами в комплекте; | - двухтактный бензиновый двигатель; | - регулируемый расход жидкости 0,14 - 3,0 лмин; | - антивибрационные подушки двигателя; | - бак для жидкости 14 литров для продолжительной работы; | - большая заливная горловина с фильтром; | - сливная пробка на баке; | | Комплект: | Мотоопрыскиватель в сборе; | Напорная труба; | Комплект для работы с сухими веществами; | Шланг гибкий;",,https://content.tools.by/images/products/ce-2934458028/rdo/rdoK3nJHZLmOnl0mQctBUdAVgj2xRPRjB7yHTJ42.jpg,https://tools.by/product/1638295
"Компрессор ECO AE-1005-3 коаксиальный
                    (440 л/мин, 8 атм, коаксиальный, масляный, ресив. 100 л, 220 В, 2.20 кВт)",AE-251-4,"450,00","Преимущества: | | ■ Простая и надежная конструкция компрессора позволяет широко использовать его в бытовых целях | ■ Увеличенный масляный картер, для лучшей смазки и отвода тепла от поршневой группы | ■ Конденсатор увеличенной емкости для работы на пониженном напряжении | ■ Тепловая защита двигателя | ■ Латунный обратный клапан | ■ Регулировка давления на выходе | ■ Два манометра | ■ Два быстросъема с латунным клапаном. | | | | | | | | | | | Файлы | | | | | | | | | Производитель: | ECO GROUP HONG KONG LIMITED, UNIT 617, 6/F, 131-132 CONNAUGHT ROAD WEST, SOLO WORKSHOPS, HONG KONG | | | Назначение: | Для компрессии воздуха | | | Страна изготовления: | Китай | | | Импортер/Продавец: | ООО ""ТД Комплект"", РБ, г.Минск, ул. Кнорина,д.50,к.302 А | | | Штрихкод: | | 8212107216242 | | | | | Габариты ДxШxВ, см: | 105 x 37 x 76 | | | Вес с упаковкой, кг: | 56.85 | | | | | | | | | | | | | | | | | | ECO | Садовая и силовая техника | | | | | | | | | Описание: | Поршневой масляный компрессор с прямым приводом. | Компрессор поставляется с компрессорным маслом необходимого объема для стартового запуска компрессора. Масло может быть заправлено в картер компрессорной головы компрессора, либо перелито в отдельную | герметичную емкость для целей транспортировки во избежание утечки из | картера в зависимости от условий транспортировки изделия. | | Внимание! В картере могут находиться остатки масла. Это связано с тем, что 100% устройств запускается на производстве после сборки для проверки на работоспособность. | | | | | Комплектация: | | + Компрессор; | + Фильтр воздушный (2 шт); | + Колесо транспортировочное (2 шт); | + Опорная ножка (2 шт); | + Комплект крепежа.",,https://content.tools.by/images/products/cb-2811062268/1rN/1rNzvnaz1pDHgYuzdhuP4jklA3EoPGDuKPc3JKXL.jpg,https://tools.by/product/1009822?slide=2
"Колесо полиурет. 4.00-8"" (подшипн. усил. ф35x20 мм, для оси 20x90мм)
                    (Подходит к тачкам: WB350-2; WB351-2; WB352-2; HDC HD-W402)",WB-P207,"34,20","Производитель: | ECO GROUP HONG KONG LIMITED, UNIT 617, 6/F, 131-132 CONNAUGHT ROAD WEST, SOLO WORKSHOPS, HONG KONG | | | Назначение: | | | | Страна изготовления: | Китай | | | Импортер/Продавец: | ООО ""ТД Комплект"", РБ, г.Минск, ул. Кнорина,д.50,к.302 А | | | Штрихкод: | | 6977125197721 | | | | | Габариты ДxШxВ, см: | 34 x 7.2 x 34 | | | Вес с упаковкой, кг: | 2.3 | | | | | | | | | | | | | | | | | | ECO | Садовая и силовая техника",,https://content.tools.by/images/products/cz-1040942280/Rie/RieK6oNeWOrjxebQvyU54TgXpFrQiyaJ9Lb0OPFG.jpg,https://tools.by/product/1691749
"Электростанция (генератор бензиновый) ECO PE-4001RS
                    (2.8 кВт, 230 В, бак 15.0 л, вес 38 кг)",PE-9001E3FP,"2 268,00","Преимущества: | | ■ Блок AVR для стабильного напряжения | ■ Защита от низкого уровня масла | ■ Защита от перегрузки | ■ Чугунная гильза, увеличивающая моторесурс двигателя | ■ Жёсткая рама | ■ Низкий уровень шума | ■ Цифровой вольтметр 3-в-1. | | | | | | | | | | | Файлы | | | | | | | | | Производитель: | ECO GROUP HONG KONG LIMITED, UNIT 617, 6/F, 131-132 CONNAUGHT ROAD WEST, SOLO WORKSHOPS, HONG KONG | | | Назначение: | Для хозяйственных нужд | | | Страна изготовления: | Китай | | | Импортер/Продавец: | ООО ""ТД Комплект"", РБ, г.Минск, ул. Кнорина,д.50,к.302 А | | | Штрихкод: | | 6923112893947 | | | | | Габариты ДxШxВ, см: | 62.1 x 46 x 46 | | | Вес с упаковкой, кг: | 41.334 | | | | | | | | | | | | | | | | | | ECO | Садовая и силовая техника | | | | | | | | | Описание: | Надежная и экономичная переносная электростанция предназначена для питания электроприборов средней и большой мощности, домов, дач, складов, малых предприятий. Блок AVR обеспечивает более стабильное и чистое напряжение на выходе. | Внимание! При подборе электростанции необходимо учитывать пусковые токи устройства-потребителя электроэнергии. | Внимание! Двигатель поставляется без масла! Рекомендуемое моторное масло - 10W-40. | | | | | Комплектация: | | + Электростанция; | + Вилка 16 А, 220 В - 2 шт.; | + Комплект проводов с зажимами для АКБ; | + Свечной ключ; | + Руководство по эксплуатации;",,https://content.tools.by/images/products/cb-0225398943/CuR/CuRjWVoXFF9dPQjFb4NdJN2yDhsANBzEbzVsIabp.jpg,https://tools.by/product/973609
"Бетоносмеситель ECO CM-200
                    (объём 200/148 л, 1100 Вт, 230 В, вес 52,9 кг)",CM-71,"696,40","Преимущества: | | ■ Долговечный чугунный зубчатый венец и чугунная ведущая шестерня | ■ Защитный кожух на ведущей шестерне | ■ Барабан крепится к подшипнику с помощью болтового соединения | ■ Надёжный асинхронный двигатель с защитой от перегрева | ■ Эффективное воздушное охлаждение двигателя | ■ Высокопрочный приводной ремень ручейкового типа, усиленный синтетическим армирующим кордом | ■ Электромагнитный выключатель с системой защиты от случайного включения | ■ Прочная опорная рама | ■ Опрокидывание барабана с помощью педали | ■ Ручка для удобства перемещения устройства по строительному участку | | | | | | | | | | | Файлы | | | | | | | | | Производитель: | ECO GROUP HONG KONG LIMITED, UNIT 617, 6/F, 131-132 CONNAUGHT ROAD WEST, SOLO WORKSHOPS, HONG KONG | | | Назначение: | Для общестроительных работ | | | Страна изготовления: | Китай | | | Импортер/Продавец: | ООО ""ТД Комплект"", РБ, г.Минск, ул. Кнорина,д.50,к.302 А | | | Штрихкод: | | 6976215883582 | | | | | Габариты ДxШxВ, см: | 84 x 73 x 44 | | | Вес с упаковкой, кг: | 59 | | | | | | | | | | | | | | | | | | ECO | Садовая и силовая техника | | | | | | | | | Комплектация: | | + Бетоносмеситель | + Комплект крепежа | + Инструкция по эксплуатации | + Коробка",,https://content.tools.by/images/products/ce-0049510400/JF7/JF7X3R7knlP8lAyglONYPRZYkZbggU3snCIPJX1i.jpg,https://tools.by/product/1661999
"Насос погружной для загрязненной воды ECO DP-601, 600 Вт
                    (600 Вт, 10500 л/ч, 7 м)",AP02A08,"1 440,00","Преимущества: | | ■ Асинхронный двигатель с защитой от перегрузок. | ■ Автоматическое включениевыключение при помощи поплавкового выключателя. | ■ Лопасти крыльчатки из технополимера разработаны специально для загрязненной воды. | ■ Клапана деаэрации автоматически развоздушивают полость насоса. | | | | | | | | | | | Файлы | | | | | | | | | Производитель: | ECO GROUP HONG KONG LIMITED, UNIT 617, 6/F, 131-132 CONNAUGHT ROAD WEST, SOLO WORKSHOPS, HONG KONG | | | Назначение: | Для хозяйственных нужд | | | Страна изготовления: | Китай | | | Импортер/Продавец: | ООО ""ТД Комплект"", РБ, г.Минск, ул. Кнорина,д.50,к.302 А | | | Штрихкод: | | 8212107214804 | | | | | Габариты ДxШxВ, см: | 22 x 16 x 34 | | | Вес с упаковкой, кг: | 4.41 | | | | | | | | | | | | | | | | | | ECO | Садовая и силовая техника | | | | | | | | | Описание: | В комплект входит универсальный патрубок с угловым коленом.",,https://content.tools.by/images/products/cb-0057396834/Q8k/Q8kzfETwavJjqMEcCDe6jI4bIbOVMyTd3Np9fT74.jpg,https://tools.by/product/1011041
"Бачок для краскораспылителя ECO PST-600M
                    (наружн. резьба M14x1.25)",DG4016-3,"47,74","Производитель: | ECO GROUP HONG KONG LIMITED, UNIT 617, 6/F, 131-132 CONNAUGHT ROAD WEST, SOLO WORKSHOPS, HONG KONG | | | Назначение: | | | | Страна изготовления: | Китай | | | Импортер/Продавец: | ООО ""ТД Комплект"", РБ, г.Минск, ул. Кнорина,д.50,к.302 А | | | Штрихкод: | | 6977125195796 | | | | | Габариты ДxШxВ, см: | 18.7 x 11.2 x 11 | | | Вес с упаковкой, кг: | 0.16 | | | | | | | | | | | | | | | | | | ECO | Садовая и силовая техника | | | | | | | | | Описание: | Пластиковый бачок для пневматических краскораспылителей. | Совместим со всеми моделями, у которых посадочная резьба соответствует указанным в технических характеристиках.",,https://content.tools.by/images/products/cz-0328490424/owb/owbftaescfCcqaxT6jSaE38jkJtO1B4oT4LFvnSh.jpg,https://tools.by/product/1707686
"Цепь 35 см 14"" 3/8"" LP 1.3 мм 50 зв. 38LTA (в блистере) ECO",K1L-064E(К),"39,30","Файлы | | | | | | | | | Производитель: | ECO GROUP HONG KONG LIMITED. UNIT 617, 6/F, 131-132 CONNAUGHT ROAD WEST, SOLO WORKSHOPS, HONG KONG | | | Назначение: | Садово-парковое назначение | | | Страна изготовления: | Китай | | | Импортер/Продавец: | ООО ""ТД Комплект"", РБ, г.Минск, ул. Кнорина,д.50,к.302 А | | | Штрихкод: | | 8212107216167 | | | | | Габариты ДxШxВ, см: | 16.8 x 9 x 2.5 | | | Вес с упаковкой, кг: | 0.191 | | | | | | | | | | | | | | | | | | ECO | Садовая и силовая техника | | | | | | | | | Описание: | Пильные цепи ECO Multli Sharp со слабой отдачей и специальной системой смазки Oilotec system для увеличения срока службы - оптимальный выбор режущей оснастки для Вашей бензопилы. Режущий зуб выполнен из качественной стали. | | аналог цепи OREGON - 91VXL050E. | | Упаковка: блистер с подвесом",,https://content.tools.by/images/products/cb-0165361625/AiP/AiPbIbxbgrVg1wPO2aoehVHmSowe3ROSyyEQKD6o.jpg,https://tools.by/product/1001336
"Компрессор ECO AE-1005-B1 ременной
                    (380 л/мин, 8 атм, ременной, масляный, ресив. 100 л, 220 В, 2.20 кВт)",EC2610-0,"1 638,00","Преимущества: | | ■ V-образное расположение поршней способствует улучшенному охлаждению | ■ Лопасти на маховике охлаждают гильзы цилиндров и масляный картер | ■ Увеличенный масляный картер, для лучшей смазки и отвода тепла от поршневой группы | ■ Тепловая защита двигателя | ■ Регулировка давления на выходе | ■ Два манометра | ■ Латунный обратный клапан. | ■ Чугунный коллектор. | ■ Компрессор поставляется заправленный маслом. | | | | | | | | | | | Файлы | | | | | | | | | Производитель: | ECO GROUP HONG KONG LIMITED, UNIT 617, 6/F, 131-132 CONNAUGHT ROAD WEST, SOLO WORKSHOPS, HONG KONG | | | Назначение: | Для компрессии воздуха | | | Страна изготовления: | Китай | | | Импортер/Продавец: | ООО ""ТД Комплект"", РБ, г.Минск, ул. Кнорина,д.50,к.302 А | | | Штрихкод: | | 6923112894258 | | | | | Габариты ДxШxВ, см: | 102.5 x 41 x 79.5 | | | Вес с упаковкой, кг: | 67 | | | | | | | | | | | | | | | | | | ECO | Садовая и силовая техника | | | | | | | | | Описание: | Компрессор поршневой клино-ременной, масляный, с 2-цилиндровой V-образной помпой. | | | | | Комплектация: | | + Компрессор; | + Фильтр воздушный (2 шт); | + Колесо транспортировочное (4 шт); | + Комплект крепежа.",,https://content.tools.by/images/products/cb-0086558706/9SM/9SMoeD7tdTrvR199xGiozeE95Az2NcyMC5qoNLOB.jpg,https://tools.by/product/981911
"Соединение быстросъем. МАМА х внутр. резьба 3/8"" (сталь) ECO",AS-F/FT14,"12,04","Производитель: | ECO GROUP HONG KONG LIMITED, UNIT 617, 6/F, 131-132 CONNAUGHT ROAD WEST, SOLO WORKSHOPS, HONG KONG | | | Назначение: | Для обеспечения шланговых соединений | | | Страна изготовления: | Китай | | | Импортер/Продавец: | ООО ""ТД Комплект"", РБ, г.Минск, ул. Кнорина,д.50,к.302 А | | | Штрихкод: | | 5291501778122 | | | | | Габариты ДxШxВ, см: | 8.1 x 10.9 x 2.4 | | | Вес с упаковкой, кг: | 0.078 | | | | | | | | | | | | | | | | | | ECO | Садовая и силовая техника | | | | | | | | | Описание: | Соединение МАМА Европейского универсального типа (Euro universal type), подходит для быстросъемных соединений ПАПА следующих типов: США тип (USA type), Немецкий тип (Germany type), Орион тип (Orion type), Итальянский тип (Italian type). | Механизм замка - 6-ти шариковый | Никелевое покрытие стали для защиты от коррозии.",,https://content.tools.by/images/products/cb-0018537292/Jtw/JtwtjG6yUkYDu8HLLLYg1P14a4PU63DCC7VfoMB8.jpg,https://tools.by/product/911522
"Мотокоса ECO GTP-250S Power с разборной штангой
                    (2.5 кВт, 3.4 л.с., 52.0 см3, лёгкий запуск, разборная штанга, нож 3Т, ремень двухлямочный, вес 7.8 к)",EC1514-2,"318,50","Преимущества: | | ■ Разборная штанга диаметр 26 мм (состоит из двух частей) | ■ Надёжное соединение штанги (литая конструкция) | ■ Многофункциональная и эргономичная рукоятка велосипедного типа | ■ Эффективная антивибрационная система | ■ Использование улучшенного (усиленного) ручного стартера с системой лёгкий запуск | ■ Цельнометаллический приводной вал | ■ Редуктор повышенной прочности | ■ Топливный бак с полупрозрачными стенками | ■ Праймер (система лёгкого запуска) | ■ Ударопрочный корпус двигателя | ■ Комбинированный защитный кожух из прочного пластика | ■ Усиленная полуавтоматическая косильная катушка с леской | ■ Прочный трехлопастной нож | ■ Двухплечный ремень для большего комфорта при работе | ■ Два поршневых кольца для высокой компрессии. | | | | | | | | | | | Файлы | | | | | | | | | Производитель: | “SKIPFIRE LIMITED” Romanou, 2, TLAIS TOWER, 6th floor, flat/office 601, P.C.1070, Nicosia,Кипр | | | Назначение: | Садово-парковое назначение | | | Страна изготовления: | Китай | | | Импортер/Продавец: | ООО ""ТД Комплект"", РБ, г.Минск, ул. Кнорина,д.50,к.302 А | | | Штрихкод: | | 8210803861773 | | | | | Габариты ДxШxВ, см: | 95 x 30 x 25.5 | | | Вес с упаковкой, кг: | 9.05 | | | | | | | | | | | | | | | | | | ECO | Садовая и силовая техника | | | | | | | | | Описание: | Мощная модель для продвинутых пользователей, которые по достоинству оценят внушительный потенциал мотокосы. | Удобная и эргономичная рукоятка триммера изготовлена в виде велосипедного руля и может устанавливаться в различных положениях, это обеспечивает максимальную управляемость и уменьшает нагрузку на опорно-двигательный аппарат оператора. Блок управления находится на одной ручке, кнопки доступны и располагаются точно под пальцами оператора. | Разборная штанга изготовлена из легкого алюминия, что повышает прочность конструкции, снижая её вес. Штанга оснащена антивибрационными демпферами, поглощающими вибрацию и уменьшающими нагрузку на кисти и предплечья. | Жесткий приводной вал дает возможность использовать в работе нож или диск. | Конический редуктор имеет избыточный запас прочности и способен выдерживать большие нагрузки. При этом редуктор легко отсоединяется, что позволяет использовать двигатель мотокосы в качестве силового агрегата. | Топливный бак имеет полупрозрачные стенки для удобства контроля за уровнем топлива. | Мотокоса снабжена праймером для предварительной подкачки топлива, который облегчит запуск мотора. | Корпус двигателя выполнен из специального ударопрочного пластика и защищает от внешних механических воздействий. | Широкий защитный кожух защищает оператора от выброса травы, камней и других вылетающих из-под режущего инструмента предметов. | Надёжная полуавтоматическая катушка обеспечивает лёгкую подачу корда. | Прочный трёхлопасной нож с лёгкостью справится с дикорастущей травой и кустарником. | Два поршневых кольца создают стабильную компрессию, увеличивают срок службы цилиндро-поршневой группы. | | | | | Комплектация: | | + Двигатель двухтактный бензиновый - 1 шт; | + - Вал мотокосы в сборе - 1 шт; | + - Триммерная катушка - 1 шт; | + - Нож трёхлопастной - 1 шт; | + - Кожух защитный с винтами крепления - 1 шт; | + - Ремень плечевой - 1 шт. (двухплечный); | + - Комплект регулировочных инструментов и принадлежностей - 1 компл; | + - Дозатор топливной смеси - 1 шт; | + - Ручка левая - 1 шт; | + - Ручка правая - 1 шт; | + - Упаковка - 1 шт; | + - Упаковка вала - 1 шт; | + - Руководство пользователя - 1 шт;",,https://content.tools.by/images/products/cg-0031452092/IoJ/IoJOdAToFcEt2iyKygAhGde4YBG5kORvLiQffxZ0.jpg,https://tools.by/product/1600219
"Цепь 40 см 16"" 3/8"" LP 1.3 мм 57 зв. 38LTA (в блистере) ECO",HD-C38L350,"17,80","Файлы | | | | | | | | | Производитель: | ECO GROUP HONG KONG LIMITED. UNIT 617, 6/F, 131-132 CONNAUGHT ROAD WEST, SOLO WORKSHOPS, HONG KONG | | | Назначение: | Садово-парковое назначение | | | Страна изготовления: | Китай | | | Импортер/Продавец: | ООО ""ТД Комплект"", РБ, г.Минск, ул. Кнорина,д.50,к.302 А | | | Штрихкод: | | 8212107216198 | | | | | Габариты ДxШxВ, см: | 16.8 x 9 x 2.5 | | | Вес с упаковкой, кг: | 0.229 | | | | | | | | | | | | | | | | | | ECO | Садовая и силовая техника | | | | | | | | | Описание: | Пильные цепи ECO Multli Sharp со слабой отдачей и специальной системой смазки Oilotec system для увеличения срока службы - оптимальный выбор режущей оснастки для Вашей бензопилы. Режущий зуб выполнен из качественной стали. | | аналог цепи OREGON - 91VXL057E. | Упаковка: блистер с подвесом",,https://content.tools.by/images/products/cb-3195011664/UJn/UJnArIk0ilaboCkcvaYKPcp5ZX0PIWPmYtalWoVD.jpg,https://tools.by/product/1001341
"Бензопила ECO CSP-265 шина 50 см (20""), 0.325"", 1.5 мм, 76 зв
                    (2.60 кВт, 3.5 л.с., 52 см3, вес 6.8 кг)",EC1560-6,"277,00","Преимущества: | | ■ Шина 20"" (50 см) | ■ Система запуска Easy Start (Легкий запуск) | ■ Антивибрационная система | ■ Удобная рукоятка | ■ Нейлоновый воздушный фильтр | ■ Регулировка натяжения цепи | ■ Регулировка интенсивности подачи масла | | | | | | | | | | | Файлы | | | | | | | | | Производитель: | ECO GROUP HONG KONG LIMITED, UNIT 617, 6/F, 131-132 CONNAUGHT ROAD WEST, SOLO WORKSHOPS, HONG KONG | | | Назначение: | | | | Страна изготовления: | Китай | | | Импортер/Продавец: | ООО ""ТД Комплект"", РБ, г.Минск, ул. Кнорина,д.50,к.302 А | | | Штрихкод: | | 8212107216815 | | | | | Габариты ДxШxВ, см: | 41 x 34 x 32 | | | Вес с упаковкой, кг: | 6.8 | | | | | | | | | | | | | | | | | | ECO | Садовая и силовая техника | | | | | | | | | Описание: | Мощная бензопила с шиной 50 см для пиления и валки деревьев, заготовки дров с оптимальными характеристиками. | | | | | Комплектация: | | + Цепь, шина, пластиковый кожух, cвечной ключ, емкость для смешивания топливной смеси, отвертка, напильник.",,https://content.tools.by/images/products/cv-4904155872/Qe9/Qe9kQJFSHd2Hac9MxuvFmvBNBzyoKWMuHeLPUZ7E.jpg,https://tools.by/product/1027775
"Компрессор ECO AE-25-OF1 безмасляный
                    (140 л/мин, 8 атм, коаксиальный, безмасляный, ресив. 24 л, 220 В, 0,8 кВт)",DG2720-4,"432,00","Преимущества: | | ■ Для использования не требуется заливка масла | ■ Низкий уровень шума | ■ 2-цилиндровый | ■ Регулятор давления | ■ Электромагнитный клапан | ■ Манометры с металлическим корпусом | ■ Дополнительная воздушная трубка для уменьшения уровня шума | ■ Воздушный фильтр с бумажным фильтроэлементом | | | | | | | | | | | Файлы | | | | | | | | | Производитель: | ECO GROUP HONG KONG LIMITED, UNIT 617, 6/F, 131-132 CONNAUGHT ROAD WEST, SOLO WORKSHOPS, HONG KONG | | | Назначение: | Для компрессии воздуха | | | Страна изготовления: | Китай | | | Импортер/Продавец: | ООО ""ТД Комплект"", РБ, г.Минск, ул. Кнорина,д.50,к.302 А | | | Штрихкод: | | 8212107216273 | | | | | Габариты ДxШxВ, см: | 58.5 x 28 x 58 | | | Вес с упаковкой, кг: | 21.3 | | | | | | | | | | | | | | | | | | ECO | Садовая и силовая техника | | | | | | | | | Комплектация: | | + Компрессор; | + Фильтр воздушный (1 шт); | + Воздушная трубка (1шт); | + Колесо транспортировочное (2 шт); | + Опорная ножка (1 шт); | + Комплект крепежа,",,https://content.tools.by/images/products/cb-0015575040/QEI/QEIAjkMvMOptUv8GwSU34j17BarCegkr107Okq34.jpg,https://tools.by/product/1009821?slide=2
"Фильтр воздушный для компрессора ECO
                    (3/8"", бумажн. фильтроэлемент, металл. корпус)",AEF-002M,"6,00","Производитель: | ECO GROUP HONG KONG LIMITED, UNIT 617, 6/F, 131-132 CONNAUGHT ROAD WEST, SOLO WORKSHOPS, HONG KONG | | | Назначение: | Запасные части | | | Страна изготовления: | Китай | | | Импортер/Продавец: | ООО ""ТД Комплект"", РБ, г.Минск, ул. Кнорина,д.50,к.302 А | | | Штрихкод: | | 8213112891431 | | | | | Габариты ДxШxВ, см: | 7 x 7 x 8.3 | | | Вес с упаковкой, кг: | 0.13 | | | | | | | | | | | | | | | | | | ECO | Садовая и силовая техника | | | | | | | | | Описание: | Фильтр воздушный с металлическим корпусом фильтра и бумажным фильтроэлементом. Присоединительная резьба — 3/8"". | | Подходит к компрессорам с прямым приводом: | ECO AE-251-3 | DGM AC-127 | DGM AC-153 | DGM AC-254 | DGM AC-2101",,https://content.tools.by/images/products/cv-2390482368/OJc/OJcX68IaW2Vd4MrILHTTWKwAsiCzfXYmHthO5d3Q.jpg,https://tools.by/product/1046507
"Шланг для пистолета подкачки шин 400 мм 1/4"" ECO",ASB-06S,"92,00","Производитель: | ECO GROUP HONG KONG LIMITED, UNIT 617, 6/F, 131-132 CONNAUGHT ROAD WEST, SOLO WORKSHOPS, HONG KONG | | | Назначение: | | | | Страна изготовления: | Китай | | | Импортер/Продавец: | ООО ""ТД Комплект"", РБ, г.Минск, ул. Кнорина,д.50,к.302 А | | | Штрихкод: | | 6977125195307 | | | | | Габариты ДxШxВ, см: | 17.4 x 10.2 x 3.1 | | | Вес с упаковкой, кг: | 0.092 | | | | | | | | | | | | | | | | | | ECO | Садовая и силовая техника | | | | | | | | | Описание: | Шланг для замены поврежденного штатного шланга для пистолетов для подкачки шин. Подходит для большинства пистолетов с посадочной резьбой 1/4"".",,https://content.tools.by/images/products/cz-0010802880/HtS/HtSMHbNz2PrKQQsGBJ8FUmVaVSSgQ1wY6gm3FBEq.jpg,https://tools.by/product/1707684
"Компрессор ECO AE-251-4 коаксиальный
                    (260 л/мин, 8 атм, коаксиальный, масляный, ресив. 24 л, 220 В, 1.80 кВт)",AS2840-0,"340,00","Файлы | | | | | | | | | Производитель: | ECO GROUP HONG KONG LIMITED, UNIT 617, 6/F, 131-132 CONNAUGHT ROAD WEST, SOLO WORKSHOPS, HONG KONG | | | Назначение: | Для компрессии воздуха | | | Страна изготовления: | Китай | | | Импортер/Продавец: | ООО ""ТД Комплект"", РБ, г.Минск, ул. Кнорина,д.50,к.302 А | | | Штрихкод: | | 6923112894388 | | | | | Габариты ДxШxВ, см: | 58 x 28.5 x 58.5 | | | Вес с упаковкой, кг: | 23.3 | | | | | | | | | | | | | | | | | | ECO | Садовая и силовая техника | | | | | | | | | Описание: | ВНИМАНИЕ!!! | Уровень масла должен быть немного выше верхней границы красной точки на глазке! | Комплектация; | Компрессор; | Фильтр воздушный; | Колесо транспортировочное (2 шт); | Опорная ножка; | Комплект крепежа. | Компрессор поставляется с компрессорным маслом необходимого объема для стартового запуска компрессора. Масло может быть заправлено в картер компрессорной головы компрессора, либо перелито в отдельную | герметичную емкость для целей транспортировки во избежание утечки из | картера в зависимости от условий транспортировки изделия. | | Внимание! В картере могут находиться остатки масла. Это связано с тем, что 100% устройств запускается на производстве после сборки для проверки на работоспособность.",,https://content.tools.by/images/products/cb-6096874275/pVY/pVYpE40JPJ0EnUBOqEQDU46KJUh28aNi4gfdsVaJ.jpg,https://tools.by/product/983761
"Насос погружной для загрязненной воды ECO DP-753, 750Вт
                    (750 Вт, 13000 л/ч, 9 м)",AS4410-2,"311,30","Преимущества: | | ■ Асинхронный двигатель с защитой от перегрузок. | ■ Автоматическое включениевыключение при помощи поплавкового выключателя. | ■ Лопасти крыльчатки из технополимера разработаны специально для загрязненной воды. | ■ Клапана деаэрации автоматически развоздушивают полость насоса. | | | | | | | | | | | Файлы | | | | | | | | | Производитель: | ECO GROUP HONG KONG LIMITED, UNIT 617, 6/F, 131-132 CONNAUGHT ROAD WEST, SOLO WORKSHOPS, HONG KONG | | | Назначение: | Для хозяйственных нужд | | | Страна изготовления: | Китай | | | Импортер/Продавец: | ООО ""ТД Комплект"", РБ, г.Минск, ул. Кнорина,д.50,к.302 А | | | Штрихкод: | | 8212107214811 | | | | | Габариты ДxШxВ, см: | 22 x 16 x 34 | | | Вес с упаковкой, кг: | 4.965 | | | | | | | | | | | | | | | | | | ECO | Садовая и силовая техника | | | | | | | | | Описание: | В комплект входит универсальный патрубок с угловым коленом.",,https://content.tools.by/images/products/cb-0141396476/zBk/zBkyIoEmoJ0Ix9220pMJzyVfpc7VfjEwgLvjp4m5.jpg,https://tools.by/product/1011039
"Шланг армированный ф 8/14 мм с быстросъемн. соед. ECO (длина 10 м)
                    (толщ.стенки: 3 мм)",AHE-1560,"34,64","Преимущества: | | ■ Шланги оборудованы латунными быстросъемными соединениями ПАПА и МАМА | ■ Материал шланга имеет широкий диапазон рабочих температур благодаря добавлению запатентованных эластомеров | ■ Материал шланга устойчив к воздействию ультрафиолета | | | | | | | | | | | | | Производитель: | ECO GROUP HONG KONG LIMITED. UNIT 617, 6/F, 131-132 CONNAUGHT ROAD WEST, SOLO WORKSHOPS, HONG KONG, CHINA | | | Назначение: | | | | Страна изготовления: | Китай | | | Импортер/Продавец: | ООО ""ТД Комплект"", РБ, г.Минск, ул. Кнорина,д.50,к.302 А | | | Штрихкод: | | 6921501776086 | | | | | Габариты ДxШxВ, см: | 25.5 x 25.5 x 6.5 | | | Вес с упаковкой, кг: | 1.589 | | | | | | | | | | | | | | | | | | ECO | Садовая и силовая техника",,https://content.tools.by/images/products/cb-6259935771/iqx/iqxdYmBEwvQt1lzXNXW4BoWcLtaw7kVqekoKZyVN.jpg,https://tools.by/product/915867
"Компрессор автомобильный ECO AE-005 Comfort
                    (7,4 В, 40 Вт, 16 л/мин, 4000 мА·ч, 10 Бар, LED дисплей, фонарь, 3 насадки, сумка.)",AE-028-2,"126,00","Преимущества: | | ■ Портативный производительный насос | ■ Мощный двигатель со 100% медной обмоткой | ■ Гибкий шланг в защитной оплетке | ■ Цифровой дисплей | ■ Возможность выбора разных единиц измерений | ■ Ёмкий аккумулятор на 4 Ач | ■ Зарядка от Type-C | ■ Четыре предустановленных режима накачки | ■ Встроенный светодиодный фонарь удобен при эксплуатации в темное время суток | ■ Удобная сумка для хранения и транспортировки | | | | | | | | | | | Файлы | | | | | | | | | Производитель: | ECO GROUP HONG KONG LIMITED, UNIT 617, 6/F, 131-132 CONNAUGHT ROAD WEST, SOLO WORKSHOPS, HONG KONG | | | Назначение: | | | | Страна изготовления: | Китай | | | Импортер/Продавец: | ООО ""ТД Комплект"", РБ, г.Минск, ул. Кнорина,д.50,к.302 А | | | Штрихкод: | | 6977125196977 | | | | | Габариты ДxШxВ, см: | 26 x 9.1 x 9 | | | Вес с упаковкой, кг: | 0.61 | | | | | | | | | | | | | | | | | | ECO | Садовая и силовая техника | | | | | | | | | Комплектация: | | + Компрессор; | + Комплект насадок (3 предмета) | + Пневмошланг | + Зарядный кабель USB Type-C / Type-A * | + Руководство по эксплуатации | + Сумка для переноски и хранения. | + | + *зарядное устройство не входит в комплект поставки.",,https://content.tools.by/images/products/cz-0008182020/jKy/jKyQh6NDbotTf7IyYWThSsQQta4wqwqzEUgGWzVI.jpg,https://tools.by/product/1688871?slide=2
"Соединение быстросъем. МАМА х внутр. резьба 1/4"" (латунь) ECO",AB-F/FT38,"16,99","Производитель: | ECO GROUP HONG KONG LIMITED, UNIT 617, 6/F, 131-132 CONNAUGHT ROAD WEST, SOLO WORKSHOPS, HONG KONG | | | Назначение: | Для обеспечения шланговых соединений | | | Страна изготовления: | Китай | | | Импортер/Продавец: | ООО ""ТД Комплект"", РБ, г.Минск, ул. Кнорина,д.50,к.302 А | | | Штрихкод: | | 5291501778191 | | | | | Габариты ДxШxВ, см: | 9 x 7 x 2.2 | | | Вес с упаковкой, кг: | 0.08 | | | | | | | | | | | | | | | | | | ECO | Садовая и силовая техника | | | | | | | | | Описание: | Соединение МАМА Европейского универсального типа (Euro universal type), подходит для быстросъемных соединений ПАПА следующих типов: США тип (USA type), Немецкий тип (Germany type), Орион тип (Orion type), Итальянский тип (Italian type). | Механизм замка - 6-ти шариковый | Латунный корпус исключает возможность появления коррозии.",,https://content.tools.by/images/products/cb-0478174360/fI1/fI1UR4EHEyZ8UyiG06kvBX9MId1u2eYqLn5anVRp.jpg,https://tools.by/product/911448
"Бетоносмеситель ECO CM-120
                    (объём 120/77 л, 550 Вт, 230 В, вес 39 кг)",EC3410-7,"947,00","Преимущества: | | ■ Долговечный чугунный зубчатый венец и чугунная ведущая шестерня | ■ Защитный кожух на ведущей шестерне | ■ Барабан крепится к подшипнику с помощью болтового соединения | ■ Надёжный асинхронный двигатель с защитой от перегрева | ■ Эффективное воздушное охлаждение двигателя | ■ Высокопрочный приводной ремень ручейкового типа, усиленный синтетическим армирующим кордом | ■ Электромагнитный выключатель с системой защиты от случайного включения | ■ Прочная опорная рама | ■ Удобное опрокидывание путем отклонения рулевого колеса | ■ Ручка для удобства перемещения устройства по строительному участку | | | | | | | | | | | Файлы | | | | | | | | | Производитель: | ECO GROUP HONG KONG LIMITED, UNIT 617, 6/F, 131-132 CONNAUGHT ROAD WEST, SOLO WORKSHOPS, HONG KONG | | | Назначение: | Для общестроительных работ | | | Страна изготовления: | Китай | | | Импортер/Продавец: | ООО ""ТД Комплект"", РБ, г.Минск, ул. Кнорина,д.50,к.302 А | | | Штрихкод: | | 6976215883544 | | | | | Габариты ДxШxВ, см: | 73 x 58 x 42.5 | | | Вес с упаковкой, кг: | 47.942 | | | | | | | | | | | | | | | | | | ECO | Садовая и силовая техника | | | | | | | | | Комплектация: | | + Бетоносмеситель | + Комплект крепежа | + Инструкция по эксплуатации | + Коробка",,https://content.tools.by/images/products/ce-0773967040/l93/l93XwKfFndAuEbB3nWnqLID6Clgvgr8oXby8YIp3.jpg,https://tools.by/product/1662000?slide=2
Карбюратор ECO ST230/250,CSP-024,"28,01","Производитель: | ECO GROUP HONG KONG LIMITED, UNIT 617, 6/F, 131-132 CONNAUGHT ROAD WEST, SOLO WORKSHOPS, HONG KONG | | | Назначение: | Запасные части | | | Страна изготовления: | Китай | | | Импортер/Продавец: | ООО ""ТД Комплект"", РБ, г.Минск, ул. Кнорина,д.50,к.302 А | | | Штрихкод: | | 8210803862589 | | | | | Габариты ДxШxВ, см: | 20 x 5 x 5 | | | Вес с упаковкой, кг: | 0.1 | | | | | | | | | | | | | | | | | | ECO | Садовая и силовая техника | | | | | | | | | Описание: | Совместимость: | для бензопил STIHL MS230250 | | | | | Комплектация: | | + карбюратор - 1шт;",,https://content.tools.by/images/products/ce-3116399200/6ik/6ikwGkUh7fsk1oRamipi9D4Z9qKnpgYHS6hyL4lL.jpg,https://tools.by/product/1647841
"Бетоносмеситель ECO CM-71
                    (объем 70/50 л, 380 Вт, 230 В, вес 26 кг)",EC3410-7,"947,00","Преимущества: | | ■ Компактность | ■ Малый вес | ■ Защитный кожух на ведущей шестерне | ■ Долговечная чугунная ведущая шестерня | ■ Надёжный асинхронный двигатель | ■ Прочная опорная рама | ■ Эффективное воздушное охлаждение двигателя | ■ Болтовое соединение барабана к подшипнику | ■ Электромагнитный выключатель с системой защиты от случайного включения. | | | | | | | | | | | Файлы | | | | | | | | | Производитель: | ECO GROUP HONG KONG LIMITED, UNIT 617, 6/F, 131-132 CONNAUGHT ROAD WEST, SOLO WORKSHOPS, HONG KONG | | | Назначение: | Для общестроительных работ | | | Страна изготовления: | Китай | | | Импортер/Продавец: | ООО ""ТД Комплект"", РБ, г.Минск, ул. Кнорина,д.50,к.302 А | | | Штрихкод: | | 6923112892599 | | | | | Габариты ДxШxВ, см: | 70 x 58 x 32 | | | Вес с упаковкой, кг: | 29.8 | | | | | | | | | | | | | | | | | | ECO | Садовая и силовая техника | | | | | | | | | Комплектация: | | + Бетоносмеситель | + Инструкция по эксплуатации | + Упаковка",,https://content.tools.by/images/products/cb-0775999968/yIz/yIzSmEpsNHoYG1Oo0jbuNvBW4GvopIjCzQ2neNPA.jpg,https://tools.by/product/1643934
"Пневмошлифмашина прямая ECO ADG25-01 с набором шарошек
                    (25000 об/мин; 115 л/мин; Цанги:3 мм/6 мм; 10 шлифкамней; Чемодан)",DTG-2502,"58,50","Преимущества: | | ■ Два размера цанг | ■ 10 шлифовальных камней | ■ Алюминиевый корпус | ■ Чемодан для хранения | | | | | | | | | | | Файлы | | | | | | | | | Производитель: | ECO GROUP HONG KONG LIMITED, UNIT 617, 6/F, 131-132 CONNAUGHT ROAD WEST, SOLO WORKSHOPS, HONG KONG | | | Назначение: | Для бытовых ремонтных работ | | | Страна изготовления: | Китай | | | Импортер/Продавец: | ООО ""ТД Комплект"", РБ, г.Минск, ул. Кнорина,д.50,к.302 А | | | Штрихкод: | | 8213112891929 | | | | | Габариты ДxШxВ, см: | 23 x 20.5 x 5.5 | | | Вес с упаковкой, кг: | 1.071 | | | | | | | | | | | | | | | | | | ECO | Садовая и силовая техника | | | | | | | | | Комплектация: | | + Шлифмашина прямая; | + Цанга 3 мм; | + Цанга 6 мм; | + 5 шлифкамней с хвостовиком 3 мм; | + 5 шлифкамней с хвостовиком 6 мм; | + Ниппель; | + Ключ монтажный - 2 шт.; | + Пластмассовый чемодан; | + Инструкция;",,https://content.tools.by/images/products/cg-0023228928/yeB/yeBe93n3mCS60tO8bUYhHM1M9xyi2UoHQ2JaRbyr.jpg,https://tools.by/product/1583248?slide=2
Сопло к пескоструйному пистолету ECO ASB-05C,JEAM0821,"32,86","Производитель: | ECO GROUP HONG KONG LIMITED, UNIT 617, 6/F, 131-132 CONNAUGHT ROAD WEST, SOLO WORKSHOPS, HONG KONG | | | Назначение: | Для бытовых ремонтных работ | | | Страна изготовления: | Китай | | | Импортер/Продавец: | ООО ""ТД Комплект"", РБ, г.Минск, ул. Кнорина,д.50,к.302 А | | | Штрихкод: | | 6920401862523 | | | | | Габариты ДxШxВ, см: | 4 x 2 x 2 | | | Вес с упаковкой, кг: | 0.025 | | | | | | | | | | | | | | | | | | ECO | Садовая и силовая техника | | | | | | | | | Описание: | Диаметр сопла: 6 мм;",,https://content.tools.by/images/products/cb-0085655025/mEo/mEot3smS9yrQqFqakMFODXNt1KrGgC5FX338F3K1.jpg,https://tools.by/product/943996
Защелка стартера ECO ST38/55/90/130,GTP-ST38/55-006,"63,00","Производитель: | ECO GROUP HONG KONG LIMITED, UNIT 617, 6/F, 131-132 CONNAUGHT ROAD WEST, SOLO WORKSHOPS, HONG KONG | | | Назначение: | Запасные части | | | Страна изготовления: | Китай | | | Импортер/Продавец: | ООО ""ТД Комплект"", РБ, г.Минск, ул. Кнорина,д.50,к.302 А | | | Штрихкод: | | 8210803863135 | | | | | Габариты ДxШxВ, см: | 6 x 4 x 1 | | | Вес с упаковкой, кг: | 0.005 | | | | | | | | | | | | | | | | | | ECO | Садовая и силовая техника | | | | | | | | | Описание: | Совместимость: | для мотокос STIHL FS385590130 | | | | | Комплектация: | | + защёлка стакртера - 1шт, пружина 1-шт;",,https://content.tools.by/images/products/ce-1056445026/IZG/IZGo4BN7gz0MIXP9FnpwJhy5kcZH7AZ98kOLcret.jpg,https://tools.by/product/1647892
"Станция водоснабжения автоматическая ECO GFI-1203
                    (1200 Вт, 3600 л/ч, 48 м, 4,8 бар макс, корпус бака сталь, корпус насоса нерж. сталь,, бак 24л.)",GFI-904,"412,20","Преимущества: | | ■ Компактная и надежная система для водоснабжения загородных домов, коттеджей, участков. | ■ Автоматическое управление с помощью реле. | ■ Накопительный бак(гидроаккумулятор) обеспечивает отсутствие скачков давления в водопроводной магистрали. | ■ Асинхронный двигатель с защитой от перегрузок. | ■ Баллон гидроаккумулятора из экологически безопасного EPDM. | ■ Корпус насоса из нержавеющей стали. | ■ Защита от перегрузок. | ■ Манометр повернут циферблатом к пользователю, для удобного контроля давления. | | | | | | | | | | | Файлы | | | | | | | | | Производитель: | ECO GROUP HONG KONG LIMITED, UNIT 617, 6/F, 131-132 CONNAUGHT ROAD WEST, SOLO WORKSHOPS, HONG KONG | | | Назначение: | Для хозяйственных нужд | | | Страна изготовления: | Китай | | | Импортер/Продавец: | ООО ""ТД Комплект"", РБ, г.Минск, ул. Кнорина,д.50,к.302 А | | | Штрихкод: | | 8212107214842 | | | | | Габариты ДxШxВ, см: | 52 x 29 x 52 | | | Вес с упаковкой, кг: | 13.02 | | | | | | | | | | | | | | | | | | ECO | Садовая и силовая техника | | | | | | | | | Описание: | В комплект входит: входной патрубок 1 шт., выходной патрубок 1 шт.",,https://content.tools.by/images/products/cb-0158642793/cYN/cYNsVgwtUD9OhukTJbQOWeFW5a3Oce75Y0E5ZRFY.jpg,https://tools.by/product/1011043?slide=2
"Электростанция (генератор бензиновый) ECO PE-9001E3FP
                    (электростарт, 6,5 кВт, 380/220 В, бак 25.0 л, вес 82 кг)",EC1561-7,"900,00","Преимущества: | | ■ Одинаково высокий КПД при 220 В и 380 В | ■ Максимальная мощность 6,5 кВт для напряжения 220 В и 380 В | ■ Электрозапуск и АКБ в комплекте | ■ Медная обмотка альтернатора | ■ 5-pin розетка 380 В для силового оборудования | ■ Силовая розетка на 6,5 кВт | ■ Стандартная розетка на 2,1 кВт | ■ Максимальная мощность двигателя 15 л.с. | ■ Блок AVR для стабильного напряжения | ■ Защита от низкого уровня масла | ■ Защита от перегрузки | ■ Индикатор уровня топлива | ■ Цифровой индикатор 3-в-1: вольтметр, частотометр, счетчик моточасов | ■ Чугунная гильза, увеличивающая моторесурс двигателя | ■ Жёсткая рама | ■ Низкий уровень шума | | | | | | | | | | | Файлы | | | | | | | | | Производитель: | ECO GROUP HONG KONG LIMITED, UNIT 617, 6/F, 131-132 CONNAUGHT ROAD WEST, SOLO WORKSHOPS, HONG KONG | | | Назначение: | Для хозяйственных нужд | | | Страна изготовления: | Китай | | | Импортер/Продавец: | ООО ""ТД Комплект"", РБ, г.Минск, ул. Кнорина,д.50,к.302 А | | | Штрихкод: | | 8210803861360 | | | | | Габариты ДxШxВ, см: | 70 x 54 x 54 | | | Вес с упаковкой, кг: | 84 | | | | | | | | | | | | | | | | | | ECO | Садовая и силовая техника | | | | | | | | | Описание: | Востребованная модель для энергообеспечения некрупных производств, строительных площадок, прочих энергоемких потребителей однофазного и трехфазного напряжения. Обмотка альтернатора электростанции выполнена из чистой меди, благодаря чему станция не перегревается даже при высоких нагрузках. Блок AVR обеспечивает более стабильное и чистое напряжение на выходе. | | Внимание! При подборе электростанции необходимо учитывать пусковые токи устройства-потребителя электроэнергии. | Внимание! Двигатель поставляется без масла! Рекомендуемое моторное масло - 10W-40. | | | | | Комплектация: | | + Электростанция; | + Вилка 16А, 220В; | + Вилка 32А, 220В; | + Вилка 3РРЕN 16А 380В; | + Аккумуляторная батарея; | + Свечной ключ; | + Руководство по эксплуатации;",,https://content.tools.by/images/products/cv-0007538076/4gk/4gkw6iTFXHq6W8sC63x4fsd0Z4A5Q9QCZkFRCQHL.jpg,https://tools.by/product/1052879
"Распылительная насадка веерная для очистителя высокого давления ECO (18250002)
                    (подходит для моек: HPW-1419; HPW1521S; HPW-1723RS; HPW-1720Si; HPW-1825RSE)",HPW-X20326,"16,99","Производитель: | ECO GROUP HONG KONG LIMITED, UNIT 617, 6/F, 131-132 CONNAUGHT ROAD WEST, SOLO WORKSHOPS, HONG KONG | | | Назначение: | | | | Страна изготовления: | Китай | | | Импортер/Продавец: | ООО ""ТД Комплект"", РБ, г.Минск, ул. Кнорина,д.50,к.302 А | | | Штрихкод: | | 6923112894029 | | | | | Габариты ДxШxВ, см: | 10 x 4 x 4 | | | Вес с упаковкой, кг: | 0.295 | | | | | | | | | | | | | | | | | | ECO | Садовая и силовая техника | | | | | | | | | Описание: | Веерная насадка с регулировкой ширины распыла",,https://content.tools.by/images/products/cb-1015052250/XwA/XwAZ1OHl5lVSKqumCkuncytjM2q2syoT96mKcSiA.jpg,https://tools.by/product/983944
Карбюратор ECO ST120/200/250,GTP-X039,"18,00","Производитель: | ECO GROUP HONG KONG LIMITED, UNIT 617, 6/F, 131-132 CONNAUGHT ROAD WEST, SOLO WORKSHOPS, HONG KONG | | | Назначение: | Запасные части | | | Страна изготовления: | Китай | | | Импортер/Продавец: | ООО ""ТД Комплект"", РБ, г.Минск, ул. Кнорина,д.50,к.302 А | | | Штрихкод: | | 8210803862923 | | | | | Габариты ДxШxВ, см: | 20 x 5 x 5 | | | Вес с упаковкой, кг: | 0.13 | | | | | | | | | | | | | | | | | | ECO | Садовая и силовая техника | | | | | | | | | Описание: | Совместимость: | для мотокос STIHL FS120200250 | | | | | Комплектация: | | + карбюратор - 1шт;",,https://content.tools.by/images/products/ce-9528121642/KTD/KTD4gRZZF1o9NOKFsDZJroU4DuU4LR0E1dCI4b7w.jpg,https://tools.by/product/1647913
"Наконечник для подкачки шин (резьба 8 мм, клапан сброса давления, латунь) ECO",ABG-20,"18,56","Производитель: | ECO GROUP HONG KONG LIMITED, UNIT 617, 6/F, 131-132 CONNAUGHT ROAD WEST, SOLO WORKSHOPS, HONG KONG | | | Назначение: | | | | Страна изготовления: | Китай | | | Импортер/Продавец: | ООО ""ТД Комплект"", РБ, г.Минск, ул. Кнорина,д.50,к.302 А | | | Штрихкод: | | 6977125194980 | | | | | Габариты ДxШxВ, см: | 12 x 8.5 x 2.5 | | | Вес с упаковкой, кг: | 0.042 | | | | | | | | | | | | | | | | | | ECO | Садовая и силовая техника | | | | | | | | | Описание: | Наконечник для подкачки шин латунный с клапаном сброса давления.",,https://content.tools.by/images/products/cz-0011971189/jxi/jxiwjU1sPdhOuGd3WhJSzex4uSRC8rwprGSIK0AD.jpg,https://tools.by/product/1707706
"Удлинитель 1000х20мм со шплинтом ECO EX-100
                    (для бура почвенного. Совместимость: ECO GD-52, ECO GD-53, Oleo-mac MTL 51)",ED-102,"79,00","Производитель: | ECO GROUP HONG KONG LIMITED, UNIT 617, 6/F, 131-132 CONNAUGHT ROAD WEST, SOLO WORKSHOPS, HONG KONG | | | Назначение: | Садово-парковое назначение | | | Страна изготовления: | Китай | | | Импортер/Продавец: | ООО ""ТД Комплект"", РБ, г.Минск, ул. Кнорина,д.50,к.302 А | | | Штрихкод: | | 6920904821102 | | | | | Габариты ДxШxВ, см: | 100 x 2 x 2 | | | Вес с упаковкой, кг: | 1.1 | | | | | | | | | | | | | | | | | | ECO | Садовая и силовая техника",,https://content.tools.by/images/products/cb-0441869323/e15/e15QRc1z8xlKvFP1jE4tnmb4xCDsdtsLnZM37I3P.jpg,https://tools.by/product/924353
Комплект сальников ECO GTP-X014 (15*30*7 + 12*22*7),GTP-X036,"28,80","Производитель: | ECO GROUP HONG KONG LIMITED. UNIT 617, 6/F, 131-132 CONNAUGHT ROAD WEST, SOLO WORKSHOPS, HONG KONG | | | Назначение: | Садово-парковое назначение | | | Страна изготовления: | Китай | | | Импортер/Продавец: | ООО ""ТД Комплект"", РБ, г.Минск, ул. Кнорина,д.50,к.302 А | | | Штрихкод: | | 6923112893657 | | | | | Габариты ДxШxВ, см: | 15.5 x 3 x 15.5 | | | Вес с упаковкой, кг: | 0.013 | | | | | | | | | | | | | | | | | | ECO | Садовая и силовая техника | | | | | | | | | Описание: | Совместимость: | | Для моделей ECO GTP-145B, GTP-145F, GTP-145N, GTP-145R, GTP-185B, GTP-185F, GTP-185K, GTP-185N, GTP-185R, GTP-187F, GTP-189F | Для моделей DGM BC-210, BC-240, BC-241 | | Подходит ко многим мотокосам: ECO, DGM, GUNTER, SKIPER, DARC, MIKKELI, PATRIOT, DENZEL, CRAFTOP, LIDER, NIKKEY, PROKRAFT, MATRIX, WATT, CATMANN, GARDEN LINE, ELAND KASEI, ZIGZAG, DOLFIN, SOLO, GRASSHOPER, EUROTEK, PARK, DEMON, STERN, EXTEL, BIZON, MEGA, PROLAND, DOLMAR, MAGNUM, SKIPER, STURM и др. | | | | | Комплектация: | | + Сальник - 2 шт;",,https://content.tools.by/images/products/cb-0016008900/eCc/eCcbRj4ktGxHwP9e4XDSFWFNKsjfEGiRQIu3X2zl.jpg,https://tools.by/product/967862
Пистолет продувочный c комплектом сопел ECO ABG-20,SGN-0404,"7,99","Преимущества: | | ■ металлический корпус | ■ набор сопел различной длины | ■ 2 варианта подключения: быстросъем и елочка 8 мм | | | | | | | | | | | Файлы | | | | | | | | | Производитель: | ECO GROUP HONG KONG LIMITED. UNIT 617, 6/F, 131-132 CONNAUGHT ROAD WEST, SOLO WORKSHOPS, HONG KONG, CHINA | | | Назначение: | Для бытовых ремонтных работ | | | Страна изготовления: | Китай | | | Импортер/Продавец: | ООО ""ТД Комплект"", РБ, г.Минск, ул. Кнорина,д.50,к.302 А | | | Штрихкод: | | 8212107216433 | | | | | Габариты ДxШxВ, см: | 28.5 x 16.5 x 2.5 | | | Вес с упаковкой, кг: | 0.251 | | | | | | | | | | | | | | | | | | ECO | Садовая и силовая техника | | | | | | | | | Описание: | Универсальный пистолет для продувки с набором сопел различной длины (короткое 15 мм, среднее 95 мм и длинное 190 мм). | В комплекте быстросъемное соединение и соединение елочка 8 мм | Быстросъемное соединение ПАПА входит в комплект поставки.",,https://content.tools.by/images/products/cb-0275192736/xaw/xawOwFF6uEMqzh6VKfuG6JwE04jQJ7CO9MA8Ursr.jpg,https://tools.by/product/1011272
"Фильтроэлемент бумажный для фильтра воздушного AEF-002M
                    (подходит для фильтров AEF-122M, AEF-382M)",AES-114P,"34,20","Производитель: | ECO GROUP HONG KONG LIMITED, UNIT 617, 6/F, 131-132 CONNAUGHT ROAD WEST, SOLO WORKSHOPS, HONG KONG | | | Назначение: | Запасные части | | | Страна изготовления: | Китай | | | Импортер/Продавец: | ООО ""ТД Комплект"", РБ, г.Минск, ул. Кнорина,д.50,к.302 А | | | Штрихкод: | | 8213112892087 | | | | | Габариты ДxШxВ, см: | 7 x 7 x 8.3 | | | Вес с упаковкой, кг: | 0.058 | | | | | | | | | | | | | | | | | | ECO | Садовая и силовая техника | | | | | | | | | Описание: | Фильтроэлемент бумажный подходит для фильтров AEF-122M, AEF-382M",,https://content.tools.by/images/products/cv-0016067920/hsR/hsR0Ayf7yJxB9ccdNeqOjpOSIlqyX2m3lqU29fKO.jpg,https://tools.by/product/1584154
"Электростанция (генератор бензиновый) ECO PE-4001RS (""Black Edition"")
                    (2.8 кВт, 230 В, бак 15.0 л, вес 38 кг)",EC1561-7,"900,00","Преимущества: | | ■ Блок AVR для стабильного напряжения | ■ Защита от низкого уровня масла | ■ Защита от перегрузки | ■ Чугунная гильза, увеличивающая моторесурс двигателя | ■ Жёсткая рама | ■ Низкий уровень шума | ■ Цифровой вольтметр 3-в-1. | | | | | | | | | | | Файлы | | | | | | | | | Производитель: | ECO GROUP HONG KONG LIMITED, UNIT 617, 6/F, 131-132 CONNAUGHT ROAD WEST, SOLO WORKSHOPS, HONG KONG | | | Назначение: | Для хозяйственных нужд | | | Страна изготовления: | Китай | | | Импортер/Продавец: | ООО ""ТД Комплект"", РБ, г.Минск, ул. Кнорина,д.50,к.302 А | | | Штрихкод: | | 8210803863210 | | | | | Габариты ДxШxВ, см: | 62 x 45.7 x 44.4 | | | Вес с упаковкой, кг: | 38.6 | | | | | | | | | | | | | | | | | | ECO | Садовая и силовая техника | | | | | | | | | Описание: | Надежная и экономичная переносная электростанция предназначена для питания электроприборов средней и большой мощности, домов, дач, складов, малых предприятий. Блок AVR обеспечивает более стабильное и чистое напряжение на выходе. | Внимание! При подборе электростанции необходимо учитывать пусковые токи устройства-потребителя электроэнергии. | Внимание! Двигатель поставляется без масла! Рекомендуемое моторное масло - 10W-40. | | | | | Комплектация: | | + Электростанция; | + Вилка 16 А, 220 В - 2 шт.; | + Комплект проводов с зажимами для АКБ; | + Свечной ключ; | + Руководство по эксплуатации;",,https://content.tools.by/images/products/cd-2511160056/PRj/PRjIca6TPbt34hfIja2IUTyy9Ex0Amds5DvfT8Fc.jpg,https://tools.by/product/1637670?slide=2
"Насос вибрационный ECO CPV-333 (10м, нижний забор)
                    (330Вт, 1300 л/ч, пров. 10м 3х0,75 мм2, аналог насоса Ручеек)",EC4215-1,"180,00","Преимущества: | | ■ Нижний забор воды, позволяет откачивать воду до минимального уровня | ■ Термозащита электропривода | ■ Прочный и эластичный электрический кабель сечением 0,75 мм2 | ■ Алюминиевый корпус не подвержен коррозии | ■ Капроновый шнур в комплекте для подвеса насоса | ■ Выходной штуцер ""елочка"" диаметром 3/4"" | | | | | | | | | | | Файлы | | | | | | | | | Производитель: | ECO GROUP HONG KONG LIMITED, UNIT 617, 6/F, 131-132 CONNAUGHT ROAD WEST, SOLO WORKSHOPS, HONG KONG | | | Назначение: | | | | Страна изготовления: | Китай | | | Импортер/Продавец: | ООО ""ТД Комплект"", РБ, г.Минск, ул. Кнорина,д.50,к.302 А | | | Штрихкод: | | 6977125196281 | | | | | Габариты ДxШxВ, см: | 16 x 12 x 29.5 | | | Вес с упаковкой, кг: | 3.713 | | | | | | | | | | | | | | | | | | ECO | Садовая и силовая техника | | | | | | | | | Комплектация: | | + Насос; | + Капроновый шнур; | + Хомут червячный; | + Инструкция по эксплуатации; | + Коробка",,https://content.tools.by/images/products/cz-1811041360/PAV/PAVXDMWFubXfNBi2V0LOqDsTOgBx9ImsuPJI9Wph.jpg,https://tools.by/product/1687283
"Пистолет для подкачки шин ECO TIG-1 с манометром
                    (боковой манометр)",EC3924-0,"48,60","Файлы | | | | | | | | | Производитель: | ECO GROUP HONG KONG LIMITED. UNIT 617, 6/F, 131-132 CONNAUGHT ROAD WEST, SOLO WORKSHOPS, HONG KONG, CHINA | | | Назначение: | Для бытовых ремонтных работ | | | Страна изготовления: | Китай | | | Импортер/Продавец: | ООО ""ТД Комплект"", РБ, г.Минск, ул. Кнорина,д.50,к.302 А | | | Штрихкод: | | 6921501771159 | | | | | Габариты ДxШxВ, см: | 31.6 x 14.5 x 3.5 | | | Вес с упаковкой, кг: | 0.338 | | | | | | | | | | | | | | | | | | ECO | Садовая и силовая техника | | | | | | | | | Описание: | Тип: для подкачки шин | Манометр: боковое расположение | Назначение: для автомобиля, дома, производства | Корпус: металл | Максимальное давление: 12 бар | Длина шланга: 400мм | Входной разъем: быстросъем | Наконечник: быстрозажимной, металл",,https://content.tools.by/images/products/cb-0000738371/3TM/3TMFjIevh3pX6xtkIkS61B3FPw5sOHAvL0cgZce0.jpg,https://tools.by/product/57700?slide=2
"Мотокоса ECO GTP-215 Power
                    (2.15 кВт, 2.9 л.с., 43.0 см3, лёгкий запуск, нож 3Т, ремень двухлямочный, вес 7.6 кг)",MSG-192,"576,00","Преимущества: | | ■ Цельная штанга диаметр 26 мм | ■ Многофункциональная и эргономичная рукоятка велосипедного типа | ■ Эффективная антивибрационная система | ■ Использование улучшенного (усиленного) ручного стартера с системой лёгкий запуск | ■ Цельнометаллический приводной вал | ■ Редуктор повышенной прочности | ■ Топливный бак с полупрозрачными стенками | ■ Праймер (система лёгкого запуска) | ■ Ударопрочный корпус двигателя | ■ Комбинированный защитный кожух из прочного пластика | ■ Усиленная полуавтоматическая косильная катушка с леской | ■ Прочный трехлопастной нож | ■ Двухплечный ремень для большего комфорта при работе | ■ Два поршневых кольца для высокой компрессии. | | | | | | | | | | | Файлы | | | | | | | | | Производитель: | “SKIPFIRE LIMITED” Romanou, 2, TLAIS TOWER, 6th floor, flat/office 601, P.C.1070, Nicosia,Кипр | | | Назначение: | Садово-парковое назначение | | | Страна изготовления: | Китай | | | Импортер/Продавец: | ООО ""ТД Комплект"", РБ, г.Минск, ул. Кнорина,д.50,к.302 А | | | Штрихкод: | | 8210803861742 | | | | | Габариты ДxШxВ, см: | 155 x 30 x 28.5 | | | Вес с упаковкой, кг: | 8.586 | | | | | | | | | | | | | | | | | | ECO | Садовая и силовая техника | | | | | | | | | Описание: | Мощная модель для продвинутых пользователей, которые по достоинству оценят внушительный потенциал мотокосы. | Удобная и эргономичная рукоятка триммера изготовлена в виде велосипедного руля и может устанавливаться в различных положениях, это обеспечивает максимальную управляемость и уменьшает нагрузку на опорно-двигательный аппарат оператора. Блок управления находится на одной ручке, кнопки доступны и располагаются точно под пальцами оператора. | Цельная штанга изготовлена из легкого алюминия, что повышает прочность конструкции, снижая её вес. Штанга оснащена антивибрационными демпферами, поглощающими вибрацию и уменьшающими нагрузку на кисти и предплечья. | Жесткий приводной вал дает возможность использовать в работе нож или диск. | Конический редуктор имеет избыточный запас прочности и способен выдерживать большие нагрузки. При этом редуктор легко отсоединяется, что позволяет использовать двигатель мотокосы в качестве силового агрегата. | Топливный бак имеет полупрозрачные стенки для удобства контроля за уровнем топлива. | Мотокоса снабжена праймером для предварительной подкачки топлива, который облегчит запуск мотора. | Корпус двигателя выполнен из специального ударопрочного пластика и защищает от внешних механических воздействий. | Широкий защитный кожух защищает оператора от выброса травы, камней и других вылетающих из-под режущего инструмента предметов. | Надёжная полуавтоматическая катушка обеспечивает лёгкую подачу корда. | Прочный трёхлопасной нож с лёгкостью справится с дикорастущей травой и кустарником. | Два поршневых кольца создают стабильную компрессию, увеличивают срок службы цилиндро-поршневой группы. | | | | | Комплектация: | | + Двигатель двухтактный бензиновый - 1 шт; | + - Вал мотокосы с трубой - 1 шт; | + - Триммерная катушка - 1 шт; | + - Нож трёхлопастной - 1 шт; | + - Кожух защитный с винтами крепления - 1 шт; | + - Ремень плечевой - 1 шт. (двухплечный); | + - Комплект регулировочных инструментов и принадлежностей - 1 компл; | + - Дозатор топливной смеси - 1 шт; | + - Ручка левая - 1 шт; | + - Ручка правая - 1 шт; | + - Упаковка - 1 шт; | + - Руководство пользователя - 1 шт;",,https://content.tools.by/images/products/cg-0005317596/gm2/gm2EY7RUJY3JPxjGDtZ8jItSOX3OTR4x6Ogje6n7.jpg,https://tools.by/product/1600216
"Пневмогайковерт 1/2"" ECO AIW-1500S
                    (1300/1700 Нм (закр./откр.); 3 ступени крут.мом.; twin hammer; 7000 об/мин; композитный корпус)",KAAA1660,"956,60","Преимущества: | | ■ Регулировка крутяшего момента | ■ Реверс | ■ Эргономичный дизайн | ■ Корпус из композитного материала с резиновыми накладками на ручке обеспечивает легкую и комфортную работу даже на холоде | ■ Три сменных головки в комплекте (17, 19 и 21 мм) | | | | | | | | | | | Файлы | | | | | | | | | Производитель: | SKIPFIRE LIMITED. Romanou,2, TLAIS TOWER, 6th floor, flat/Office 601 P.C.1070, Nicosia, Cyprus. Кипр | | | Назначение: | Для бытовых ремонтных работ | | | Страна изготовления: | Китай | | | Импортер/Продавец: | ООО ""ТД Комплект"", РБ, г.Минск, ул. Кнорина,д.50,к.302 А | | | Штрихкод: | | 8213112891820 | | | | | Габариты ДxШxВ, см: | 20.8 x 18.9 x 7.5 | | | Вес с упаковкой, кг: | 2.777 | | | | | | | | | | | | | | | | | | ECO | Садовая и силовая техника | | | | | | | | | Комплектация: | | + Пневмогайковерт; | + Сменные головки 12 - 3 шт (17 мм, 19 мм, 21 мм); | + Мини масленка; | + Ключ внутренний для болтов; | + Ниппель;",,https://content.tools.by/images/products/cg-0946915700/hJd/hJdTYEYGSzxxEfnByinkHbAtvnvevq3iFoANviVH.jpg,https://tools.by/product/1577785
"Фильтр воздушный ECO с регулятором давления (1/2"") уцененный (3800442520)",AU-02-14-у,"75,55","Производитель: | ECO GROUP HONG KONG LIMITED, UNIT 617, 6/F, 131-132 CONNAUGHT ROAD WEST, SOLO WORKSHOPS, HONG KONG | | | Назначение: | Для обеспечения шланговых соединений | | | Страна изготовления: | Китай | | | Импортер/Продавец: | ООО ""ТД Комплект"", РБ, г.Минск, ул. Кнорина,д.50,к.302 А | | | Габариты ДxШxВ, см: | 7 x 8 x 28 | | | Вес с упаковкой, кг: | 0.68 | | | | | | | | | | | | | | | | | | ECO | Садовая и силовая техника | | | | | | | | | Описание: | Механичесике повреждения упаковки | Отсутствует манометр",,https://content.tools.by/images/products/ce-3800442520/0nV/0nVkyID5qgSnl0VOCpOwTs4u3abkgzGjkrCVJzeX.jpg,https://tools.by/product/1758679
"Пневмогайковерт 1/2"" ECO AIW-610 с лубрикатором и головками
                    (580 Нм; Ударный мех-м: twin hammer; 7000 об/мин; Макс.резьба: М18; 220 л/мин;)",KAAF1204,"459,70","Преимущества: | | ■ 1/2"" присоединительный квадрат | ■ Ударный механизм | ■ 6 уровней крутящего момента | | | | | | | | | | | Файлы | | | | | | | | | Производитель: | ECO GROUP HONG KONG LIMITED, UNIT 617, 6/F, 131-132 CONNAUGHT ROAD WEST, SOLO WORKSHOPS, HONG KONG | | | Назначение: | | | | Страна изготовления: | Китай | | | Импортер/Продавец: | ООО ""ТД Комплект"", РБ, г.Минск, ул. Кнорина,д.50,к.302 А | | | Штрихкод: | | 8213112891950 | | | | | Габариты ДxШxВ, см: | 28.4 x 29.8 x 10.2 | | | Вес с упаковкой, кг: | 4.944 | | | | | | | | | | | | | | | | | | ECO | Садовая и силовая техника | | | | | | | | | Комплектация: | | + Пневмогайковерт; | + Сменные головки 12 - 10 шт; | + Удлинитель 12 на 125 мм; | + Мини масленка; | + Ключ шестигранный на 5 мм; | + Ниппель; | + Масло для пневмоинструмента; | + Пластмассовый чемодан;",,https://content.tools.by/images/products/cg-2988034580/R4l/R4lgqYlmkZ2iSjYgTqEmyqCPPp2osSNLtkN1pksm.jpg,https://tools.by/product/1583252
"Насос погружной 3-в-1 ECO DP-916i
                    (900 Вт, 17500 л/ч, 8,5 м)",EC4210-1,"176,00","Преимущества: | | ■ Насос 3-в-1: перекачивает загрязненную воду, чистую воду, а также откачивает воду до минимального уровня | ■ Асинхронный двигатель с защитой от перегрузок | ■ Автоматическое включениевыключение с помощью поплавкового выключателя | ■ Лопасти крыльчатки из технополимера специально разработаны для работы с загрязненной водой | ■ Универсальный соединительный штуцер | ■ Удобная ручка для простоты погружения и поднятия насоса | | | | | | | | | | | Файлы | | | | | | | | | Производитель: | ECO GROUP HONG KONG LIMITED, UNIT 617, 6/F, 131-132 CONNAUGHT ROAD WEST, SOLO WORKSHOPS, HONG KONG | | | Назначение: | Для хозяйственных нужд | | | Страна изготовления: | Китай | | | Импортер/Продавец: | ООО ""ТД Комплект"", РБ, г.Минск, ул. Кнорина,д.50,к.302 А | | | Штрихкод: | | 6976215883612 | | | | | Габариты ДxШxВ, см: | 24 x 17 x 41.5 | | | Вес с упаковкой, кг: | 5.1 | | | | | | | | | | | | | | | | | | ECO | Садовая и силовая техника | | | | | | | | | Описание: | Многофункциональный погружной насос с возможностью установки сменных насадок, позволяющих использовать его в различных ситуациях. | | Использование насоса без насадок: насос откачивает воду до минимального уровня в 1 мм, режим предназначен для откачивания чистой воды из затопленных жилых и производственных помещений. | | Насадка для чистой воды: для откачивания чистой воды из небольших бассейнов, бочек. | | Насадка для загрязненной воды: для откачивания загрязненной воды из резервуаров, котлованов или подвалов. | | | | | Комплектация: | | + Насос 3-в-1; | + Универсальный соединительный штуцер с угловым коленом; | + Насадкой для перекачивания чистой воды; | + Насадкой для перекачивания загрязненной воды; | + Инструкция по эксплуатации; | + Коробка",,https://content.tools.by/images/products/ce-5975150328/uw9/uw9DACvpv9ZnTxKBnd0l59WYNmdtKo7BKKI6LeZi.jpg,https://tools.by/product/1674344
"Газонокосилка бензиновая ECO LG-534
                    (4.0 л.с., шир. 46 см, ручной привод, мульчир., стальн.корпус, травосборник 50 л)",EC3410-2,"761,00","Преимущества: | | ■ Бензиновый двигатель 4.0 л.с. ECO MX150 | ■ Ручной привод | ■ Стальная дека | ■ Централизованная установка высоты (8 уровней) | ■ Ширина кошения 46 см | ■ Функция мульчирования (нож специальной формы и заглушка в комплекте) | ■ Боковой выброс | ■ Задний выброс | ■ Большие колеса 7""/8"" с подшипниками | ■ Мягкий травосборник 50 л с жестким пластиковым верхом | | | | | | | | | | | | | Производитель: | ECO GROUP HONG KONG LIMITED, UNIT 617, 6/F, 131-132 CONNAUGHT ROAD WEST, SOLO WORKSHOPS, HONG KONG | | | Назначение: | | | | Страна изготовления: | Китай | | | Импортер/Продавец: | ООО ""ТД Комплект"", РБ, г.Минск, ул. Кнорина,д.50,к.302 А | | | Штрихкод: | | 6976215883155 | | | | | Габариты ДxШxВ, см: | 77.5 x 55.5 x 43.5 | | | Вес с упаковкой, кг: | 27.3 | | | | | | | | | | | | | | | | | | ECO | Садовая и силовая техника",,https://content.tools.by/images/products/cz-0657711412/vcg/vcgh829PaOMscLoTQGeNmGr69qrlpfDt1Qb9JFZX.jpg,https://tools.by/product/1667020
"Станция водоснабжения автоматическая ECO GFI-904
                    (900 Вт, 3100 л/ч, 42 м, 4.8 атм макс, корпус насоса чугун, бак 24 л)",GFI-1203,"468,00","Преимущества: | | ■ Компактная и надежная система для водоснабжения загородных домов, коттеджей, участков. | ■ Автоматическое управление с помощью реле. | ■ Накопительный бак (гидроаккумулятор) обеспечивает отсутствие скачков давления в водопроводной магистрали. | ■ Асинхронный двигатель с защитой от перегрузок. | ■ Баллон гидроаккумулятора из экологически безопасного EPDM. | ■ Корпус насоса из чугуна. | ■ Защита от перегрузок. | | | | | | | | | | | Файлы | | | | | | | | | Производитель: | ECO GROUP HONG KONG LIMITED, UNIT 617, 6/F, 131-132 CONNAUGHT ROAD WEST, SOLO WORKSHOPS, HONG KONG | | | Назначение: | Для хозяйственных нужд | | | Страна изготовления: | Китай | | | Импортер/Продавец: | ООО ""ТД Комплект"", РБ, г.Минск, ул. Кнорина,д.50,к.302 А | | | Штрихкод: | | 6920401862400 | | | | | Габариты ДxШxВ, см: | 52.5 x 32.3 x 52 | | | Вес с упаковкой, кг: | 18.51 | | | | | | | | | | | | | | | | | | ECO | Садовая и силовая техника",,https://content.tools.by/images/products/cb-2373003200/ezY/ezYZlJzPPrpfanzk9fPANsDghfmRkey9ezfJKO3a.jpg,https://tools.by/product/1011032?slide=2
"Насос погружной для загрязненной воды ECO DP-601, 600 Вт
                    (600 Вт, 10500 л/ч, 7 м)",EC4210-1,"176,00","Преимущества: | | ■ Асинхронный двигатель с защитой от перегрузок. | ■ Автоматическое включениевыключение при помощи поплавкового выключателя. | ■ Лопасти крыльчатки из технополимера разработаны специально для загрязненной воды. | ■ Клапана деаэрации автоматически развоздушивают полость насоса. | | | | | | | | | | | Файлы | | | | | | | | | Производитель: | ECO GROUP HONG KONG LIMITED, UNIT 617, 6/F, 131-132 CONNAUGHT ROAD WEST, SOLO WORKSHOPS, HONG KONG | | | Назначение: | Для хозяйственных нужд | | | Страна изготовления: | Китай | | | Импортер/Продавец: | ООО ""ТД Комплект"", РБ, г.Минск, ул. Кнорина,д.50,к.302 А | | | Штрихкод: | | 8212107214804 | | | | | Габариты ДxШxВ, см: | 22 x 16 x 34 | | | Вес с упаковкой, кг: | 4.41 | | | | | | | | | | | | | | | | | | ECO | Садовая и силовая техника | | | | | | | | | Описание: | В комплект входит универсальный патрубок с угловым коленом.",,https://content.tools.by/images/products/cb-0057396834/Q8k/Q8kzfETwavJjqMEcCDe6jI4bIbOVMyTd3Np9fT74.jpg,https://tools.by/product/997482?slide=2
"Мотопомпа бензиновая ECO WP-1601C
                    (для слабозагрязненной воды, 9,5 кВт, 1600 л/мин, 4"")",DG2114-1,"306,00","Файлы | | | | | | | | | Производитель: | ECO GROUP HONG KONG LIMITED, UNIT 617, 6/F, 131-132 CONNAUGHT ROAD WEST, SOLO WORKSHOPS, HONG KONG | | | Назначение: | | | | Страна изготовления: | Китай | | | Импортер/Продавец: | ООО ""ТД Комплект"", РБ, г.Минск, ул. Кнорина,д.50,к.302 А | | | Штрихкод: | | 6977125196991 | | | | | Габариты ДxШxВ, см: | 63 x 46 x 53 | | | Вес с упаковкой, кг: | 47.21 | | | | | | | | | | | | | | | | | | ECO | Садовая и силовая техника | | | | | | | | | Описание: | Мотопомпа обладает хорошей производительностью - 1600 л/мин. Она используется для перекачки и откачивания воды. Модель оснащена мощным 4-х тактным двигателем 13 л.с. с воздушным охлаждением. Прочная металлическая рама служит для защиты мотопомпы от повреждений и облегчает её транспортировку. Мотопомпа комплектуется патрубками для присоединения шлангов. | | | | | Комплектация: | | + Мотопомпа – 1 шт. | + Прокладка – 2 шт. | + Фланец всасывающего шланга – 1 шт. | + Фланец напорного шланга – 1 шт. | + Гайка фланца – 2 шт. | + Хомут – 3 шт. | + Фильтр грубой очистки – 1 шт. | + Свечной ключ – 1 шт. | + Упаковка – 1 шт. | + Руководство по эксплуатации – 1 шт.",,https://content.tools.by/images/products/cz-6246723395/ktm/ktmvoLqj2EBSgkfKEQzhXpqtwPg0OYLAACVYD7SN.jpg,https://tools.by/product/1689211
"Шланг полиэт. спиральный ф 6,5/10 мм с быстросъемн. соед. ECO (длина  5 м)
                    (толщ.стенки: 2 мм)",AHR-0506,"45,60","Производитель: | ECO GROUP HONG KONG LIMITED. UNIT 617, 6/F, 131-132 CONNAUGHT ROAD WEST, SOLO WORKSHOPS, HONG KONG, CHINA | | | Назначение: | | | | Страна изготовления: | Китай | | | Импортер/Продавец: | ООО ""ТД Комплект"", РБ, г.Минск, ул. Кнорина,д.50,к.302 А | | | Штрихкод: | | 8212107216662 | | | | | Габариты ДxШxВ, см: | 7.5 x 7.5 x 25 | | | Вес с упаковкой, кг: | 0.29 | | | | | | | | | | | | | | | | | | ECO | Садовая и силовая техника | | | | | | | | | Описание: | Оконечники: Соединение быстросъемное ПАПА Соединение быстросъемное МАМА",,https://content.tools.by/images/products/cv-1198871025/hA1/hA1pfjawGO1dD0EVQJpPIkWg8ZyBxbAFetRPPDpD.jpg,https://tools.by/product/1027475
"Шланг армированный ф 10/16 мм с быстросъемн. соед. ECO (длина 10 м)
                    (толщ.стенки: 3 мм)",AHF-2010,"130,30","Преимущества: | | ■ Шланги оборудованы латунными быстросъемными соединениями ПАПА и МАМА | ■ Материал шланга имеет широкий диапазон рабочих температур благодаря добавлению запатентованных эластомеров | ■ Материал шланга устойчив к воздействию ультрафиолета | | | | | | | | | | | | | Производитель: | ECO GROUP HONG KONG LIMITED. UNIT 617, 6/F, 131-132 CONNAUGHT ROAD WEST, SOLO WORKSHOPS, HONG KONG, CHINA | | | Назначение: | | | | Страна изготовления: | Китай | | | Импортер/Продавец: | ООО ""ТД Комплект"", РБ, г.Минск, ул. Кнорина,д.50,к.302 А | | | Штрихкод: | | 6921501776109 | | | | | Габариты ДxШxВ, см: | 27 x 27 x 6.5 | | | Вес с упаковкой, кг: | 1.68 | | | | | | | | | | | | | | | | | | ECO | Садовая и силовая техника",,https://content.tools.by/images/products/cb-0922998663/LIn/LInk2GzUjXktWmFYuvs0QsL0tSiIizMBAEDgg8h1.jpg,https://tools.by/product/915869
"Шланг армированный маслостойкий ф 10/16 мм с быстросъемн. соед. ECO (длина 10 м)
                    (толщ.стенки: 3 мм)",AHE-0560,"17,89","Преимущества: | | ■ Материал шланга: нитрил-бутадиеновый каучук (NBR), устойчивый к воздействию масла, топлива и разнообразных химических веществ | ■ Шланг имеет толщину стенки 3 мм., что дает ему высокую механическую прочность | ■ Фитинги изготовлены из латуни, что делает их стойкими к коррозии | ■ Шланг оборудован быстросъемными соединениями ПАПА и МАМА | ■ Стальные пружины защищают шланг от изламывания в местах крепления | | | | | | | | | | | | | Производитель: | ECO GROUP HONG KONG LIMITED. UNIT 617, 6/F, 131-132 CONNAUGHT ROAD WEST, SOLO WORKSHOPS, HONG KONG, CHINA | | | Назначение: | Садово-парковое назначение | | | Страна изготовления: | Китай | | | Импортер/Продавец: | ООО ""ТД Комплект"", РБ, г.Минск, ул. Кнорина,д.50,к.302 А | | | Штрихкод: | | 8213112891875 | | | | | Габариты ДxШxВ, см: | 27 x 27 x 6.8 | | | Вес с упаковкой, кг: | 1.78 | | | | | | | | | | | | | | | | | | ECO | Садовая и силовая техника",,https://content.tools.by/images/products/cg-0013701216/Qmz/QmzIISIsX0dXpwXzPhnyicVlXD7p2WWWCA4z7KFk.jpg,https://tools.by/product/1583193
"Очиститель высокого давления ECO HPW-1724RSi
                    (2.40 кВт; 170 бар; 500 л/ч; самовсасывание; асинхронный (бесщеточный) мотор; барабан для шланга)",EC4910-2,"359,00","Преимущества: | | ■ Асинхронный бесщеточный двигатель с медной обмоткой; | ■ Алюминиевый корпус насоса высокого давления; | ■ Режим самовсасывания; | ■ Веерные 0°/15°/25°/40° и грязевая форсунки в комплекте; | ■ Щётка в комплекте; | ■ Катушка для хранения высоконапорного шланга; | ■ Фильтр тонкой очистки в комплекте | | | | | | | | | | | Файлы | | | | | | | | | Производитель: | ECO GROUP HONG KONG LIMITED, UNIT 617, 6/F, 131-132 CONNAUGHT ROAD WEST, SOLO WORKSHOPS, HONG KONG | | | Назначение: | | | | Страна изготовления: | Китай | | | Импортер/Продавец: | ООО ""ТД Комплект"", РБ, г.Минск, ул. Кнорина,д.50,к.302 А | | | Штрихкод: | | 6978018615308 | | | | | Габариты ДxШxВ, см: | 36.6 x 35.6 x 69 | | | Вес с упаковкой, кг: | 18.08 | | | | | | | | | | | | | | | | | | ECO | Садовая и силовая техника | | | | | | | | | Описание: | Очиститель высокого давления предназначен для очистки поверхностей водой под давлением при помощи различных насадок | | | | | Комплектация: | | + Очиститель высокого давления - 1 шт.; | + Моечный пистолет - 1 шт.; | + Шланг высокого давления 8 м - 1 шт.; | + Удлинительная трубка - 1 шт.; | + Веерная фреза (0°, 15°, 25° и 40°) - 4 шт.; | + Роторная (грязевая) фреза - 1 шт.; | + Пеногенератор - 1 шт.; | + Моющая щетка - 1 шт.; | + Мини-фильтр тонкой очистки 1/2"" - 1 шт.; | + Переходник HPC 1/2"" - 1 шт.; | + Инструмент для чистки форсунки - 1 шт.; | + Держатель для аксессуаров - 1 шт.; | + Держателя кабеля - 1 шт.; | + Держатель моечного пистолета (верхний) - 1 шт.; | + Держатель моечного пистолета (нижний) - 1 шт.; | + Ручка для транспортировки - 1 шт.; | + Диск катушки - 2 шт.; | + Рукоятка катушки - 1 шт.; | + Кронштейн катушки - 2 шт.; | + Колесо - 2 шт.; | + Винт 4*16 мм - 12 шт.; | + Винт 4*22 мм - 4 шт.; | + Руководство по эксплуатации - 1 шт.; | + Упаковка",,https://content.tools.by/images/products/cz-0510747072/dD5/dD5ZVaxpmQhDcQCaakp1ZsLX6Yj0BMTLaqMyfrDa.jpg,https://tools.by/product/1714588?slide=2
"Соединение быстросъем. ПАПА х внутр. резьба 1/2"" (сталь) ECO",AS-MT14/MT14,"3,94","Производитель: | ECO GROUP HONG KONG LIMITED, UNIT 617, 6/F, 131-132 CONNAUGHT ROAD WEST, SOLO WORKSHOPS, HONG KONG | | | Назначение: | Для обеспечения шланговых соединений | | | Страна изготовления: | Китай | | | Импортер/Продавец: | ООО ""ТД Комплект"", РБ, г.Минск, ул. Кнорина,д.50,к.302 А | | | Штрихкод: | | 5291501778054 | | | | | Габариты ДxШxВ, см: | 9 x 7 x 2.5 | | | Вес с упаковкой, кг: | 0.045 | | | | | | | | | | | | | | | | | | ECO | Садовая и силовая техника | | | | | | | | | Описание: | Быстросъемное соединение ПАПА наиболее распространенного Немецкого типа (Germany type). | Никелевое покрытие стали для защиты от коррозии.",,https://content.tools.by/images/products/cb-6618216000/Y4a/Y4aLnJuWEvtQQXxluIotCnINrWmaHTZjloxJJa05.jpg,https://tools.by/product/911528
"Шина для колеса тачки 3.25/3.00-8""
                    (ОТГРУЗКА ТОЛЬКО ПО ЭТН/ЭТТН | ОТГРУЗКА ТОЛЬКО ПО ЭЛЕКТРОННЫМ НАКЛАДНЫМ! покрышка 3.25/3.00-8"")",WB-P123,"39,00","Производитель: | ECO GROUP HONG KONG LIMITED, UNIT 617, 6/F, 131-132 CONNAUGHT ROAD WEST, SOLO WORKSHOPS, HONG KONG | | | Назначение: | | | | Страна изготовления: | Китай | | | Импортер/Продавец: | ООО ""ТД Комплект"", РБ, г.Минск, ул. Кнорина,д.50,к.302 А | | | Штрихкод: | | 4810992000010 | | | | | Габариты ДxШxВ, см: | 35 x 35 x 5 | | | Вес с упаковкой, кг: | 0.78 | | | | | | | | | | | | | | | | | | ECO | Садовая и силовая техника | | | | | | | | | Описание: | Подходит к тачкам: | WB6203-1; WB6203; WB6418S; WB150-1; WB152-2",,https://content.tools.by/images/products/cb-0038933044/QZm/QZmPxnCpXitFcvcOnpk19WbRWiCzwCILJGJmOzj5.jpg,https://tools.by/product/914298
